# Urdu word -> IPA, as espeak-ng says it.
# Written by tools/urdu/lexbuild.py; do not edit by hand.
# 10793 words, of which 4517 had to be asked one at a time.
؁	sˈan
؃	ʂˈafha
،	sˈakta
؏	mˈɪʂraː
ؔ	taxˈallʊʂ
؛	ʋˈaqfa
ء	hˈamzah
ءءض	zˈʌ
ءءضءِ	zˈʌɪ
ءءل	lˈʌ
ءءلءِ	lˈʌɪ
ءءہ	ˈa
ءأؤ	ˈoː
ءؤ	ˈoː
ءاز	ˈaːz
ءث	sˈʌ
ءز	zˈʌ
ءض	zˈʌ
ءضء	zˈʌ
ءضءِ	zˈʌɪ
ءضہخ	zˈʌhəx
ءط	tˈʌ
ءظ	ʐˈʌ
ءٌ	ˈʊn
ءُ	ˈʊ
ءِ	ˈɪ
ءِؤر	ɪˈoːr
ءِؤرءض	ɪˈoːrəz
ءِا	ˈɪaː
ءِاد	ɪˈaːd
ءِبض	ˈɪbəz
ءّآ	ˈaː
ءْہ	ˈa
ءْہج	hˈʌɟ
ءہضءِ	hˈʌzˌɪ
آ	ˈaː
آءِ	ˈaːɪ
آءّ	ˈaːː
آؤ	ˈaːoː
آؤنگا	aːˈoːnɡˌaː
آؤٹ	aːˈoːʈ
آؤٹر	aːˈoːʈər
آؤں	aːˈoːn
آئدیلسٹ	ˈaːɪɖˌiːalˌɪsʈ
آئرس	ˈaːɪrˌəs
آئرش	ˈaːɪrˌɪʃ
آئرن	ˈaːɪrˌən
آئس	ˈaːɪs
آئسنگ	ˈaːɪsˌɪnɡ
آئلے	ˈaːɪlˌeː
آئند	ˈaːɪnd
آئندہ	aːˈɪndˌa
آئڈیلزم	ˈaːɪɖˌiːalˌɪzam
آئی	ˈaːi
آئیسنگ	ˌaːisˈɪnɡ
آئیلینڈ	ˌaːilˈiːnɖ
آئین	aːˈiːn
آئیندہ	aːˈiːnda
آئینی	aːˈiːni
آئیڈیا	aːˈiːɖjaː
آئیں	ˈaːẽː
آئیے	ˈaːjeː
آئے	ˈaːeː
آاط	aːˈaːt
آاکنوں	aːˈaːknˌõː
آب	ˈaːb
آباد	aːbˈaːd
آبادکاروں	ˌaːbaːdkˈaːrõː
آبادی	aːbˈaːdi
آبشار	ˌaːbʃˈaːr
آبشاروں	ˌaːbʃˈaːrõː
آبلہ	ˈaːbla
آت	ˈaːt
آتا	ˈaːtaː
آتش	ˈaːtɪʃ
آتشبازی	ˈaːtɪʃbˌaːzi
آتشیں	ˈaːtɪʃˌĩ
آتہ	ˈaːta
آتی	ˈaːti
آتے	ˈaːteː
آثار	aːsˈaːr
آج	ˈaːɟ
آجا	ˈaːɟaː
آجاؤ	aːɟˈaːoː
آجائیں	aːɟˈaːẽː
آجاتا	aːɟˈaːtaː
آخر	ˈaːxɪr
آخرت	ˌaːxɪrˈat
آخرکار	ˌaːxərkˈaːr
آخری	ˈaːxrˌiː
آداب	aːdˈaːb
آدم	ˈaːdəm
آدمی	ˈaːdmˌiː
آدمیوں	ˈaːdmˌiõː
آدھ	ˈaːdʰ
آدھا	ˈaːdʰaː
آدھی	ˈaːdʰi
آدھے	ˈaːdʰeː
آذربائیجان	ˌaːzərbaːiɟˈaːn
آر	ˈaːr
آرا	ˈaːraː
آرائش	aːrˈaɪʃ
آرام	aːrˈaːm
آرزو	ˈaːrzuː
آرسیی	aːrˈʌsji
آرلینڈو	ˌaːrlˈiːnɖoː
آرمن	ˈaːrəmˌən
آرٹ	ˈaːrʈ
آرٹسٹس	ˈaːrʈɪsʈs
آرٹسٹک	ˈaːrʈɪsʈˌɪk
آرٹلری	ˈaːrʈəlri
آرٹی	ˈaːrʈi
آرڈر	ˈaːrɖər
آرڈمر	ˈaːrɖəmˌər
آرکائیو	ˌaːrkˈaːjʋ
آرگنائزیشن	ˈaːrɡanˌaɪzeːʃˌan
آرہا	ˈaːrhˌaː
آرہی	ˈaːrhˌiː
آرہے	ˈaːrhˌeː
آریئر	ˌaːriˈar
آریائی	ˈaːrjaːˌiː
آزاد	aːzˈaːd
آزادانہ	ˌaːzaːdˈaːnˌa
آزادی	aːzˈaːdi
آزادیوں	aːzˈaːdiˌõː
آزما	ˈaːzmˌaː
آزمائش	ˌaːzmˈaɪʃ
آزمودہ	ˈaːzmuːdˌa
آس	ˈaːs
آسان	aːsˈaːn
آسانی	aːsˈaːni
آسمان	ˌaːsmˈaːn
آسمانوں	ˌaːsmˈaːnõː
آسمانی	ˌaːsmˈaːni
آسٹریا	ˈaːsʈərjˌaː
آسٹریلیا	ˈaːsʈreːlˌiːaː
آسکر	ˈaːsəkˌər
آسکے	ˈaːskˌeː
آشام	aːʃˈaːm
آشاہین	ˌaːʃaːhˈiːn
آشرم	ˈaːʃram
آشنائی	ˌaːʃnˈaːi
آصف	ˈaːʂɪf
آغاز	aːɣˈaːz
آف	ˈaːf
آفت	ˈaːfət
آفتاب	ˌaːftˈaːb
آفریدی	ˌaːfrˈiːdi
آفریں	ˈaːfrĩː
آفس	ˈaːfɪs
آفٹر	ˈaːfəʈˌər
آفیسر	aːfˈiːsər
آل	ˈaːl
آلا	ˈaːlaː
آلات	ˌaːlˈaːt
آلو	ˈaːluː
آلود	aːlˈuːd
آلوں	ˈaːlõː
آلگائے	ˌaːlɡˈaːeː
آلہ	ˈaːlˌa
آلے	ˈaːleː
آم	ˈaːm
آمادہ	aːmˈaːda
آمد	ˈaːməd
آمدنی	ˈaːmədni
آمدید	ˌaːmdˈiːd
آمرانہ	ˌaːmrˈaːnˌa
آمنے	ˈaːmnˌeː
آمیز	aːmˈeːz
آمیزش	aːmˈeːzɪʃ
آن	ˈaːn
آنا	ˈaːnaː
آنت	ˈaːnt
آنتوں	ˈaːntˌõː
آنسو	ˈaːnsoː
آنکھ	ˈaːnkʰ
آنکھوں	ˈaːnkʰˌõː
آنکھیں	ˈaːnkʰˌẽː
آنی	ˈaːni
آنے	ˈaːneː
آو	ˈaːoː
آواز	aːʋˈaːz
آوازوں	aːʋˈaːzõː
آوازیں	aːʋˈaːzẽː
آور	aːʋˈar
آوروں	aːʋˈarõː
آوی	ˈaːʋi
آویزش	aːʋˈeːzɪʃ
آٌ	ˈaːʊn
آَآَاط	ˌaːaˌaːaˈaːt
آُ	ˈaːʊ
آّ	ˈaːː
آّاد	aːːˈaːd
آّار	aːːˈaːr
آْ	ˈaː
آْہ	ˈaːa
آٹا	ˈaːʈaː
آٹزم	ˌaːʈɪzˈam
آٹو	ˈaːʈoː
آٹوموبائل	ˌaːʈoːmoːbˈaɪl
آٹومیشن	ˌaːʈoːmeːʃˈan
آٹھ	ˈaːʈʰ
آٹھویں	ˈaːʈʰʋẽː
آٹے	ˈaːʈeː
آپ	ˈaːp
آپریشن	ˌaːpreːʃˈan
آپریشنز	ˌaːpreːʃˈanz
آپریشنوں	ˌaːprˈiːʃnˌõː
آپس	ˈaːpəs
آپشن	ˈaːpəʃˌən
آپکا	ˈaːpkˌaː
آپکو	ˈaːpkˌoː
آپکی	ˈaːpkˌiː
آپکے	ˈaːpkˌeː
آپی	ˈaːpi
آپے	ˈaːpeː
آچکے	ˈaːckˌeː
آڈیو	aːɖˈeːoː
آڈیٹر	aːɖˈiːʈər
آڈیٹوریم	ˌaːɖiʈoːrˈiːm
آڑ	ˈaːr.
آڑو	ˈaːr.oː
آکاشگنگا	aːkˈaːʃəɡˌənɡˌaː
آکر	ˈaːkər
آکسیجن	ˌaːksˈiːɟən
آکلینڈ	ˌaːklˈiːnɖ
آکٹپس	ˈaːkəʈˌəpəs
آگ	ˈaːɡ
آگئی	aːɡˈai
آگئیں	aːɡˈain
آگاہ	aːɡˈaːh
آگزبرگ	ˈaːɡəzˌəbərˌəɡ
آگیا	ˈaːɡjaː
آگیں	ˈaːɡĩː
آگے	ˈaːɡeː
آں	ˈaːn
آہ	ˈaːh
آہا	ˈaːhaː
آہج	ˈaːhəɟ
آہستہ	aːhˈɪsta
آہنگی	ˈaːhənɡi
آہیں	ˈaːhẽː
آیئے	aːˈiːeː
آیا	ˈaːjaː
آیت	ˌaːiˈat
أءز	zˈʌ
أءِ	ˈɪ
أؤ	ˈoː
أؤءظ	ˈoːʐ
أؤر	ˈoːr
أار	ˈaːr
أاط	ˈaːt
أب	bˈʌ
أت	tˈʌ
أتہ	tˈa
أثہ	sˈʌa
أر	rˈʌ
أرہ	rˈʌa
أش	ʃˈʌ
أض	zˈʌ
أمونيوس	mˌoːneːˈoːs
أو	ˈoː
أوريستيس	ˌoːristˈiːs
أّہج	hˈʌɟ
أہ	ˈa
أہغاد	həɣˈaːd
أہغار	həɣˈaːr
أہْ	h
ؤ	ʋˌaːɔhˈamza
ؤأأ	ˈoː
ؤا	ˈoːaː
ؤاد	oːˈaːd
ؤار	oːˈaːr
ؤجئ	ˈoːɟ
ؤرجاوان	ˌoːrɟaːʋˈaːn
ؤع	ˈoːaː
ؤں	ˈoːn
ؤہ	ˈoːa
ؤہخ	ˈoːhəx
إءز	zˈʌ
إءِ	ˈɪ
إآ	ˈaː
إأل	lˈʌ
إأہ	ˈa
إاد	ˈaːd
إادءِ	ˈaːdˌɪ
إاط	ˈaːt
إب	bˈʌ
إح	ˈah
إحءِ	hˈʌɪ
إحءّ	hˈʌː
إد	dˈʌ
إدہا	dˈʌhaː
إذ	zˈʌ
إغہج	ɣˈʌhəɟ
إن	nˈʌ
إً	ˈan
إُہش	ˈʊhəʃ
إُہع	ˈʊhaː
إُہعاد	ʊhˈaːd
إُہعادءِ	ʊhˈaːdˌɪ
إہ	ˈa
إہا	hˈaː
إہج	hˈʌɟ
ئ	hˈamzajˌeː
ئءض	zˈʌ
ئءضءِ	zˈʌɪ
ئءل	lˈʌ
ئؤ	ˈoː
ئؤئ	ˈoː
ئئغ	ɣˈʌ
ئا	ˈaː
ئاأ	ˈaː
ئاد	ˈaːd
ئب	bˈʌ
ئبہ	bˈʌa
ئبہج	bˈʌhəɟ
ئث	sˈʌ
ئذ	zˈʌ
ئذئ	zˈʌ
ئغ	ɣˈʌ
ئغءٌ	ɣˈʌʊn
ئل	lˈʌ
ئماندار	mˈaːndaːr
ئن	nˈʌ
ئيء	ˈeː
ئياد	jˈaːd
ئيب	ˈeːb
ئيہجءِ	ˈeːhəɟɪ
ئَ	ˈa
ئہ	ˈa
ئہا	hˈaː
ئہج	hˈʌɟ
ئہخ	hˈʌx
ئہض	hˈʌz
ئہضہ	hˈʌzˌa
ئہْ	h
ئیڈی	ˈeːɖi
ئے	ˈeː
ا	ˈalɪf
اء	ˈa
اأ	ˈa
اأہج	ˈahəɟ
ائیر	aɪˈiːr
اا	ˈaː
ااد	ˈaːd
اب	ˈab
ابأؤ	ˈabˌoː
ابا	ˈabaː
ابتدا	ˈɪbtˌɪdaː
ابتداء	ˈɪbtˌɪdaː
ابتدائی	ˈɪbtˌɪdaːˌiː
ابتر	ˈabtar
ابجد	ˈabɟad
ابجدی	ˈabɟadˌi
ابر	ˈabr
ابرار	ˌabrˈaːr
ابراہام	ˌabraːhˈaːm
ابراہیم	ˌɪbraːhˈiːm
ابراہیمی	ˌɪbraːhˈiːmi
ابرق	ˈabraq
ابرنا	ʊbˈarnaː
ابرو	ˈabruː
ابل	ʊbˈal
ابلا	ˈʊblaː
ابلاغ	ˌablˈaːɣ
ابلی	ˈʊbli
ابلیس	ɪblˈiːs
ابن	ˈɪbn
ابو	ˈabuː
ابوظہبی	ˌaboːʐˈʌhbi
ابٹن	ʊbʈˈan
ابھر	ʊbhˈar
ابھی	ˈabʰi
ابہام	ɪbhˈaːm
ابہامی	ɪbhˈaːmi
ابے	ˈabeː
ات	ˈat
اتار	ʊtˈaːr
اتارنا	ʊtˈaːrnaː
اتارنے	ʊtˈaːrneː
اتارو	ʊtˈaːroː
اتاولے	atˈaːʋlˌeː
اتحاد	ˌɪtahˈaːd
اتحادی	ˌɪtɪhˈaːdi
اتحادیوں	ˌɪtɪhˈaːdiˌõː
اتدیئ	ˈatdˌiː
اتر	ʊtˈar
اترا	ˈʊtraː
اترائی	ʊtrˈaːi
اترتے	ʊtˈarteː
اترنا	ʊtˈarnaː
اترنے	ʊtˈarneː
اترو	ˈʊtroː
اتساہی	ˌatsˈaːhi
اتصال	ˌɪtɪʂˈaːl
اتصالی	ˌɪtɪʂˈaːli
اتفاق	ˌɪtɪfˈaːq
اتمام	ˌɪtɪmˈaːm
اتمامی	ɪtmˈaːmi
اتنا	ˈɪtnaː
اتنظار	ˌatənʐˈaːr
اتنی	ˈɪtni
اتنے	ˈɪtneː
اتوار	ɪtʋˈaːr
اتکرجتا	ˈatəkˌərəɟtaː
اتھارٹی	atʰˈaːrʈi
اتھل	ʊtʰˈal
اثاثہ	asˈaːsˌa
اثر	ˈasər
اثرات	ˌasərˈaːt
اثنا	ˈasnˌaː
اثناء	ˈasnˌaː
اجارہ	ɪɟˈaːrˌa
اجازت	ɪɟˈaːzat
اجاگر	ˌʊɟaːɡˈar
اجتماع	ˌɪɟtɪmˈaː
اجتماعات	ˌɪɟtɪmˈaːaːt
اجر	ˈaɟr
اجرا	ˈɪɟraː
اجزاء	ˈaɟzˌaː
اجسام	ˌaɟsˈaːm
اجلا	ˈʊɟlaː
اجلاس	ɪɟlˈaːs
اجلاسوں	ˌaɟlˈaːsõː
اجلی	ˈʊɟli
اجلے	ˈʊɟleː
اجماع	ˈɪɟmaː
اجمل	ˈaɟmal
اجمود	ˌaɟmˈoːd
اجنب	ˈaɟnab
اجنبی	ˈaɟnabˌiː
اجنبیوں	ˈaɟnabˌiõː
اجنٹ	ɪɟˈanʈ
اجنڈا	ɪɟˈanɖaː
اجوائن	ˈaɟʋaɪn
اجڑتیں	ʊɟˈar.tĩː
اجگر	ˈaɟɡar
اجھل	ˈaɟʰəl
اجیئ	ˈaɟi
احاطوں	ahˈaːtõː
احاطہ	ahˈaːtˌa
احاطے	ahˈaːteː
احتجاج	ˈeːhtɪɟˌaːɟ
احتجاجی	ˈeːhteːɟˌaːɟi
احترام	ˌɛhtɪrˈaːm
احتراماً	ˌɛhtɪrˌaːmˈan
احتساب	ˌɛhtɪsˈaːb
احتمال	ˌɛhtɪmˈaːl
احتیاط	ɛhtjˈaːt
احتیاطا	ɛhtjˈaːtaː
احتیاطی	ɛhtjˈaːti
احساس	ɛhsˈaːs
احساسات	ˌɛhsaːsˈaːt
احمد	ˈɛhməd
احمدبیٹا	ˌɛhmədbˈiːʈaː
احمر	ˈɛhmər
احمق	ˈɛhməq
احمقانہ	ˌɛhməqˈaːnˌa
احمقوں	ˈɛhməqˌõː
احکام	ɛhkˈaːm
احکامات	ˌɛhkaːmˈaːt
اخبار	ˌaxbˈaːr
اخبارات	ˌaxbˌaːrˈaːt
اخباری	ˌaxbˈaːri
اختتام	ˌɪxtɪtˈaːm
اختر	ˌaxtˈar
اخترتی	ˌaxtˈarti
اختلاف	ˌɪxtɪlˈaːf
اختلافات	ˌɪxtɪlˌaːfˈaːt
اختیار	ˈaxtjaːr
اختیارات	ˈaxtjaːraːt
اخذ	axˈaz
اخر	ˈaːxɪr
اخراج	ˌaxrˈaːɟ
اخراجات	ˌaxrˌaːɟˈaːt
اخروٹ	ˌaxrˈoːʈ
اخلاقی	ˌaxlˈaːqi
اخلاقیات	ˌaxlˌaːqiˈaːt
اخوت	ˌʊxuːʋˈat
اخی	ˈaxi
اد	ˈad
ادءز	ˈadəz
ادءِ	ˈadˌɪ
ادءّ	ˈad
ادا	ˈadaː
ادائیگی	ˌadaːˈiːɡi
ادار	ɪdˈaːr
ادارتی	ɪdˈaːrtˌiː
اداروں	ɪdˈaːrõː
ادارے	ɪdˈaːreː
اداس	ʊdˈaːs
اداسی	ʊdˈaːsi
اداکاری	ˌadaːkˈaːri
ادب	adˈab
ادخال	ˌadxˈaːl
ادراک	ɪdrˈaːk
ادرک	ˈadrak
ادریس	ɪdrˈiːs
ادغام	ɪdɣˈaːm
ادقارکرتا	ˌadqˈaːrəkˌərtˌaː
ادلال	ɪdlˈaːl
ادویات	ˈadʋiˌaːt
ادکارتا	ˌadkˈaːrtˌaː
ادھار	ʊdʰˈaːr
ادھر	ɪdʰˈar
ادھم	ʊdʰˈam
ادھورا	adʰˈuːraː
ادھوری	adʰˈuːri
ادھیڑ	ʊdʰˈeːr.
ادہع	ˈadhˌaː
ادہف	ˈadəhˌəf
اذ	ˈaz
اذالہ	ɪðˈaːla
اذان	azˈaːn
اذیت	ˌaziˈat
اذیتوں	ˌaziˈatõː
اذیتیں	ˌaziˈatẽː
ار	ˈar
ارادہ	ɪrˈaːda
ارادی	ɪrˈaːdi
ارادے	ɪrˈaːdeː
اراکین	ˌaraːkˈiːn
ارب	ˈarəb
اربوں	ˈarbˌõː
اربپتی	ˈarəbˌəptˌiː
ارتعاش	ˌɪrtɪˈaːʃ
ارتعاشی	ˌɪrtɪˈaːʃi
ارتقاء	ˈɪrtɪqˌaː
ارتکاب	ˌɪrtɪkˈaːb
ارتھ	ˈartʰ
ارحم	ˈarham
ارد	ˈard
اردن	ˈardən
اردنی	ˈardənˌiː
اردو	ˈʊrdˌuː
اردگرد	ˌɪrdɡˈɪrd
ارز	ˈarz
ارسال	ɪrsˈaːl
ارسترخس	ˈarəsˌətərˌəxəs
ارشاد	ɪrʃˈaːd
ارشد	ˈarʃad
ارض	ˈarz
ارضیاتی	ˌarzjˈaːti
ارکان	ˌarkˈaːn
ارے	ˈareː
از	ˈaz
ازارہ	azˈaːrˌa
ازالہ	ɪzˈaːla
ازبر	ˈazbar
ازخود	ˈazxʊd
ازراہِ	ˌazraːhˈeː
ازسرنو	ˈazəsˌərnˌoː
ازلی	ˈazlˌiː
ازگر	ˈazəɡˌər
ازہد	ˈazhad
ازیں	ˈazĩː
اس	ˈɪs
اساتذہ	asˈaːtza
اسامہ	ʊsˈaːma
استاد	ʊstˈaːd
استثناءحاصل	ˌɪstˈasnaːhˌaːʂɪl
استحصال	ˌɪstˌeːhʂˈaːl
استحقاق	ˌɪstɛhqˈaːq
استحکام	ˌɪstɛhkˈaːm
استدعا	ˈɪstɪdˌaː
استر	ˈastar
استرے	ˈʊstreː
استصواب	ɪstˈaʂʋaːb
استعفی	ɪstˈeːfi
استعمال	ˌɪsteːmˈaːl
استغنا	ɪstˈaɣnaː
استفتا	ɪstˈaftaː
استفسار	ɪstˈafsaːr
استفصات	ɪstˈafʂaːt
استفنا	ɪstˈafnaː
استفنات	ɪstˈafnaːt
استقبال	ɪstˈaqbaːl
استقبالیہ	ɪstˈaqbaːlˌiːa
استنبول	ɪstˈanboːl
اسرائلیوں	ˌasrˈaɪliˌõː
اسرائیل	ˌɪsraːˈiːl
اسرائیلی	ˌɪsraːˈiːli
اسرائیلیوں	ˌasraːˈiːliˌõː
اسرار	ˌasrˈaːr
اسسٹنٹ	ˌasɪsʈˈanʈ
اسطبل	ˈastabˌal
اسعمال	asˈaːmaːl
اسقاط	ɪsqˈaːt
اسلئے	ˈasəleː
اسلام	ˌɪslˈaːm
اسلحہ	ˈaslahˌa
اسلحے	ˈaslahˌeː
اسلم	ˈaslam
اسلوب	ˌʊslˈuːb
اسلیے	asˈʌljeː
اسم	ˈɪsm
اسماعیل	ˌɪsmaːˈiːl
اسمبلی	asˈambli
اسمگلر	ɪsmˈaɡlər
اسمگلنگ	ɪsmˈaɡlɪnɡ
اسناد	ˌasnˈaːd
اسنگتی	asˈʌnɡti
اسو	ˈasoː
اسود	ˈasʋad
اسودی	ˈasʋadˌiː
اسودیتیں	ˈasʋadˌiːatˌẽː
اسٹار	ɪsʈˈaːr
اسٹاف	ɪsʈˈaːf
اسٹریٹ	ˌɪsʈərˈiːʈ
اسٹریٹجک	ˌɪsʈərˈiːʈəɟˌək
اسٹوری	ɪsʈˈoːri
اسٹیج	ɪsʈˈiːɟ
اسٹیشن	ˌɪsʈeːʃˈan
اسٹینڈ	ɪsʈˈeːnɖ
اسٹینڈز	ɪsʈˈeːnɖz
اسٹیو	ɪsʈˈeːoː
اسٹیورٹ	ˌɪsʈeːˈoːrʈ
اسٹیٹ	ɪsʈˈeːʈ
اسٹیڈیم	ˌɪsʈiɖˈiːm
اسپاسِس	ɪspˈaːsɪs
اسپاسیس	ˌɪspaːsˈiːs
اسپاٹ	ɪspˈaːʈ
اسپتال	ˌɪspətˈaːl
اسپرنگ	ˈɪsprɪnɡ
اسپرنگوں	ɪsprˈɪnɡõː
اسپرٹ	ˈɪspɪrˌɪʈ
اسپین	ɪspˈiːn
اسپیکر	ɪspˈiːkər
اسکا	ˈaskˌaː
اسکائپ	ˌaskˈaɪp
اسکالر	ˌaskˈaːlɪr
اسکریننگ	ˌasəkrˈiːnɪnɡ
اسکندریہ	ɪskˈandarˌiːa
اسکوائر	ɪskʋˈaɪr
اسکواڈ	ɪskʋˈaːɖ
اسکور	ɪskˈoːr
اسکول	ɪskˈuːl
اسکوپ	ɪskˈoːp
اسکی	ˈaskˌiː
اسکین	ˌaskˈiːn
اسکینڈل	ˌaskˈiːnɖəl
اسکینڈلوں	ˌaskˈiːnɖəlˌõː
اسکے	ˈaskˌeː
اسی	ˈɪsi
اسینوف	ˌasinˈoːf
اسے	ˈɪseː
اش	ˈaʃ
اشاروں	ɪʃˈaːrõː
اشارہ	ɪʃˈaːra
اشارے	ɪʃˈaːreː
اشاعت	ˌɪʃaːˈaːt
اشتراک	ˌɪʃtɪrˈaːk
اشتعال	ˌɪʃtɪˈaːl
اشتہاری	ˌɪʃtɪhˈaːri
اشرافیہ	ˌaʃraːfˈiːa
اشراوی	ˌaʃrˈaːʋi
اشرف	ˈaʃraf
اشک	ˈaʃk
اشکال	ˌaʃkˈaːl
اشہد	ˈaʃhad
اشیاء	ˈaʃjaː
اشیاءاور	ˈaʃjaːˌaːoːr
اشیاٗ	ˈaʃjaːˌuː
اص	ˈaʂ
اصرار	ˌaʂrˈaːr
اصطبل	ˈastabˌal
اصطلاح	ˌɪʂtɪlˈaːh
اصغر	ˈaʂɣar
اصل	ˈaʂl
اصلاح	ˌɪʂlˈaːh
اصلاحات	ˌɪʂlˈaːhaːt
اصلی	ˈaʂlˌiː
اصلیت	ˈaʂliˌat
اصول	ʊʂˈuːl
اصولاً	ʊʂˈuːlˈan
اصولوں	ʊʂˈuːlõː
اضافت	ˌɪzaːfˈat
اضافہ	ɪzˈaːfa
اضافی	ɪzˈaːfi
اضافے	ɪzˈaːfeː
اط	ˈat
اطء	ˈat
اطءض	ˈatəz
اطءضءِ	ˈatəzɪ
اطءط	ˈatət
اطءظ	ˈatəʐ
اطءلہ	ˈatəla
اطؤ	ˈatˌoː
اطاعت	ɪtˈaːat
اطالوی	atˈaːlʋi
اطراف	ˌatrˈaːf
اطلاع	ˈɪtlaː
اطلاعات	ɪtlˈaːt
اطلاق	ˌɪtlˈaːq
اطلس	ˈatlas
اطلسی	ˈatlasˌiː
اطمینان	ˌɪtminˈaːn
اطمینانی	ˌɪtminˈaːni
اطہر	ˈathar
اطہرہ	ˈathaɾˌa
اظہار	ˌɪʐhˈaːr
اظہخءّ	ˈaʐəhˌəx
اظہر	ˈaʐhar
اعتبار	ˈeːtɪbˌaːr
اعتراض	ˈeːtɪrˌaːz
اعتراضات	ˈeːtɪrˌaːzˌaːt
اعتراف	ˈeːtɪrˌaːf
اعترافات	ˈeːtɪrˌaːfˌaːt
اعتماد	ˈeːtɪmˌaːd
اعتمادی	ˈeːtɪmˌaːdi
اعتنا	ˈeːtɪnˌaː
اعجاز	ɪɟˈaːz
اعداد	aːdˈaːd
اعزاز	eːzˈaːz
اعصاب	aːʂˈaːb
اعصابی	aːʂˈaːbi
اعضاء	ˈaːzaː
اعلان	eːlˈaːn
اعلی	ˈaːli
اعلیٰ	ˈaːlaː
اعمال	aːmˈaːl
اغلب	ˈaɣlab
اغوا	ˈaɣʋaː
اغواء	ˈaɣʋaː
اف	ˈaf
افتادہ	ʊftˈaːda
افراتفری	ˌafrˈaːtəfri
افراد	ˌafrˈaːd
افراط	ɪfrˈaːt
افراطی	ɪfrˈaːti
افریقہ	ˌafrˈiːqˌa
افزا	ˈafzˌaː
افزائش	ˌafzˈaɪʃ
افزائی	ˌafzˈaːi
افزاش	ˌafzˈaːʃ
افسانوں	ˌafsˈaːnõː
افسانوی	ˌafsˈaːnʋi
افسر	ˌafsˈar
افسران	ˌafsˈaraːn
افسوس	ˌafsˈoːs
افسوسناک	ˌafsˌoːsnˈaːk
افضل	ˈafzal
افغانستان	ˌafɣˌaːnɪstˈaːn
افق	ʊfˈaq
افقی	ʊfˈaqi
افلاس	ɪflˈaːs
افلاسی	ɪflˈaːsi
افلاطون	ˌaflaːtˈoːn
افواج	ˈafʋaːɟ
افواہ	ˈafʋaːh
افواہوں	ˈafʋaːhˌõː
افواہیں	ˈafʋaːhˌẽː
افوہ	afˈoːa
افگن	ˈafɡan
افہام	ɪfhˈaːm
افہامی	ɪfhˈaːmi
اق	ˈaq
اقبال	ˌɪqbˈaːl
اقتدار	ˌɪqtɪdˈaːr
اقتصاد	ˌɪqtɪʂˈaːd
اقتصادی	ˌɪqtɪʂˈaːdi
اقدار	ˌaqdˈaːr
اقدام	ɪqdˈaːm
اقدامات	ˌɪqdaːmˈaːt
اقدامی	ɪqdˈaːmi
اقدس	ˈaqdas
اقرار	ɪqrˈaːr
اقرارً	ˌaqrˌaːrˈan
اقراری	ɪqrˈaːri
اقسام	ˌaqsˈaːm
اقلیت	ˌaqaliˈat
اقلیدسی	ˌaqlˈiːdsˌiː
اقوام	ˈaqʋaːm
ال	ˈal
الائیڈ	ˌalaːˈiːɖ
الادا	alˈadaː
الارم	alˈarəm
الاسکا	alˈaskˌaː
الاطالیہ	alˌataːlˈiːa
الاقوامی	alˈaqʋaːmˌiː
الامکان	alˌɪmkˈaːn
البانیہ	albaːnˈiːa
البتہ	albˈʌta
البلاوی	albəlˈaːʋi
البم	ˈalbam
التجا	ˈɪltɪɟˌaː
التفات	ˌɪltɪfˈaːt
التوا	ˈɪltɪʋˌaː
الجزیرہ	alɟəzˈiːrˌa
الجھن	ʊlɟʰˈan
الجھنوں	ˌʊlɟʰanˈoːn
الجھنیں	ʊlɟʰˈanẽ
الجھی	ˈʊlɟhi
الحاد	ɪlhˈaːd
الحادی	ɪlhˈaːdi
الحاق	ɪlhˈaːq
الحاقی	ɪlhˈaːqi
الحال	alhˈaːl
الحق	ˌʊlhˈaq
الحمد	alhˈamd
الدین	aldˈeːn
الذمہ	ˈʊzzɪmˌa
الرحمان	alrˌəhəmˈaːn
الرحمٰن	alrˌəhəmˈaːn
الرحیم	alrəhˈiːm
الزام	ˌɪlzˈaːm
الزامات	ˌɪlzˈaːmaːt
السلام	alsəlˈaːm
السيرابيوم	alsˌeːraːbeːˈoːm
السّبت	alˈʌssəbˌət
الشان	alʃˈaːn
الظواہری	alʐaʋˈaːhri
العین	alaˈiːn
الف	ˈaləf
الفا	ˈalfˌaː
الفاط	alfˈaːt
الفاظ	alfˈaːʐ
الفاظوں	alfˈaːʐõː
الفت	ʊlfˈat
الفریڈ	alfərˈiːɖ
القاعدہ	alqˈaːjda
اللہ	ˈallaːh
الماری	almˈaːri
المدتی	ˌʊlmʊdˈati
المرگ	ˈalmarɡ
المصری	almˈɪʂrˌiː
المناک	almənˈaːk
الموت	almˈoːt
الموتی	ˌalmˈoːti
المیڈا	ˌalmˈiːɖaː
الوت	alˈoːt
الوداع	alʋˈʌdaː
الوقت	ʊlʋˈaqt
الویل	alʋˈeːl
الٰہ	ɪlˈaːh
الٰہی	ɪlˈaːhi
الٹ	ʊlˈaʈ
الٹا	ˈʊlʈaː
الٹنے	ʊlˈaʈneː
الپس	ˈaləpˌəs
الکوتی	ˌalkˈoːti
الکویتی	alkaʋˈiːti
الگ	ˈaləɡ
الہیٰ	alhˈaː
الینا	alˈiːnaː
الیون	ˌɪleːʋˈan
الیکشن	ˌɪleːkʃˈan
الیکٹرانک	ɪlˈeːkʈraːnˌək
الیکٹرانکس	ɪlˈeːkʈraːnˌəkəs
الیکٹرسٹی	ɪlˈeːkʈrɪsˌɪʈi
الیکٹرک	ɪlˈeːkʈrɪk
الیگزینڈر	ˌaliɡzˈiːnɖər
الیگزینڈرا	ˌaliɡzˈiːnɖərˌaː
ام	ˈʊm
امء	ˈam
امارات	ˌamaːrˈaːt
امام	ɪmˈaːm
اماں	ˈamãː
امت	ˈamət
امتحان	ˌɪmtɪhˈaːn
امجد	ˈamɟad
امداد	ˌɪmdˈaːd
امدادی	ˌɪmdˈaːdi
امر	ˈamər
امراء	ˈamrˌaː
امرت	ˈamrɪt
امریکا	ˌamrˈiːkaː
امریکن	ˌamrˈiːkən
امریکہ	ˌamrˈiːkˌa
امریکی	ˌamrˈiːki
امریکیوں	ˌamrˈiːkiˌõː
املاک	ˌamlˈaːk
امم	ˈaməm
امن	ˈamn
اموات	ˌamoːˈaːt
امور	ʊmˈuːr
امورِ	ˌʊmuːrˈeː
امپیکٹ	ampˈeːkʈ
امکان	ˌɪmkˈaːn
امکانات	ˌɪmkˈaːnaːt
امی	ˈami
امیجنگ	amˈiːɟənɡ
امید	ʊmˈiːd
امیدواروں	ʊmˈiːdʋaːrˌõː
امیدیں	ʊmˈiːdẽː
امیر	amˈiːr
امیلیہ	ˌamilˈiːa
امیگریشن	ˌamiɡreːʃˈan
ان	ˈɪn
انا	ˈanaː
اناج	anˈaːɟ
اناڑی	anˈaːr.i
اناکانڈا	ˌanaːkˈaːnɖaː
انبوہ	ˈamboːh
انتباہ	ˌɪntɪbˈaːh
انتخاب	ˌɪntɪxˈaːb
انتخابات	ˌɪntɪxˌaːbˈaːt
انتر	ˈantar
انتردیشیی	ˌanətrdˈiːʃji
انتطار	ˌɪntɪtˈaːr
انتظار	ˌɪntɪʐˈaːr
انتظام	ˌɪntɪʐˈaːm
انتظامی	ˌɪntɪʐˈaːmi
انتظامیہ	ˌɪntɪʐaːmˈiːa
انتفاضہ	ˌɪntɪfˈaːzˌa
انتقال	ˌɪntɪqˈaːl
انتقام	ˌɪntɪqˈaːm
انتھک	ˈanətʰˌək
انتہا	ˈɪntɪhˌaː
انتہائی	ˌɪntɪhˈaːi
انتیس	ˌʊntˈiːs
انثیت	ˌʊnsiˈat
انجام	ˈanɟaːm
انجان	ˈanɟaːn
انجم	ˈanɟʊm
انجمن	ˈanɟʊmˌan
انجن	ˈɪnɟɪn
انجنیئر	ˌanɟəniˈar
انجوائے	ˈanɟʋaːˌeː
انجکشن	ˌɪnɟɪkʃˈan
انجینئر	ˌɪnɟinɪˈar
انجینئرنگ	ˌɪnɟinɪˈarɪnɡ
انجیکشن	ɪnɟˈeːkʃan
انحراف	ˌɪnhɪrˈaːf
انحصار	ˌɪnhɪʂˈaːr
انخلاء	ˈɪnxɪlˌaː
انداز	ˈandaːz
اندازہ	ˈandaːza
اندر	ˈandar
اندراج	ˌɪndɪrˈaːɟ
اندراجات	ˌɪndɪrˌaːɟˈaːt
اندرتھا	ˈandərtʰaː
اندردخش	ˈandərdˌəxəʃ
اندرونی	ˈandruːnˌiː
اندریاس	ˈandərjˌaːs
اندسٹری	ˌɪnɖˈasʈri
اندوز	ˈandoːz
اندوشواس	andˈoːʃʋaːs
اندوہ	andˈoːh
اندکار	ˌɪndɪkˈaːr
اندھا	ˈandʰaː
اندھوں	ˈandʰõː
اندھیر	ˈandʰeːr
اندھیرا	ˈandʰeːrˌaː
اندھیرے	ˈandʰeːrˌeː
اندھے	ˈandʰeː
انس	ˈʊns
انسان	ɪnsˈaːn
انسانوں	ɪnsˈaːnõː
انسانی	ɪnsˈaːni
انسانیت	ɪnsˈaːniˌat
انسداد	ˌɪnsɪdˈaːd
انسلٹ	ɪnsˈalʈ
انسٹرکٹر	ˌɪnsʈərkʈˈar
انسٹیٹیوٹ	ˌɪnsʈiʈeːˈoːʈ
انسیت	ˌʊnsiˈat
انشاءاللہ	ˌɪnʃaːˈaːləla
انشانکن	ɪnʃˈaːnəkˌən
انشورنس	ˌanʃoːrˈʌns
انصاف	ɪnʂˈaːf
انصافی	ɪnʂˈaːfi
انضباطی	ˌɪnzɪbˈaːti
انضمام	ˌɪnzɪmˈaːm
انعام	ɪnˈaːm
انعامی	ɪnˈaːmi
انعقاد	ˌɪnɪqˈaːd
انفرادی	ˌɪnfɪrˈaːdi
انفرادیت	ˌɪnfˌɪraːdiˈat
انفراسٹرکچر	ˌɪnfraːsʈrˈakcar
انفرمری	ˈanəfˌərəmri
انفنٹری	ˈanəfˌənəʈri
انقلاب	ˌɪnqɪlˈaːb
انمانگی	ˌanmˈaːnɡˌiː
اننا	ˈɪnnaː
اننگز	ɪnˈɪnɡz
انور	ˈanʋar
انٹر	ɪnʈˈar
انٹرایکٹو	ˌɪnʈaraːjˈakʈˌoː
انٹرفیس	ɪnʈˈarfis
انٹرنیشنل	ˌɪnʈarnˈeːʃnal
انٹرنیٹ	ˌɪnʈˌarnˈeːʈ
انٹرویو	ɪnʈˈarʋeːˌoː
انٹرویوز	ɪnʈˈarʋeːˌoːz
انٹرپول	ɪnʈˈarpoːl
انٹری	ɪnʈˈari
انٹیل	ˈanʈil
انٹیلی	ɪnʈˈeːli
انچ	ˈɪnc
انچارج	ɪncˈaːrɟ
انڈسٹری	ɪnɖˈasʈri
انڈسٹریز	ˈanɖəsʈˌəriz
انڈسٹریل	ˈanɖəsʈˌəril
انڈکوش	ˈanɖəkˌoːʃ
انڈیا	ˌɪnɖˈiːaː
انڈین	ˌɪnɖiˈan
انڈیکس	ˈanɖikˌəs
انڈے	ˈanɖeː
انکار	ɪnkˈaːr
انکشافات	ˌɪnkɪʃˌaːfˈaːt
انکل	ˈanəkˌəl
انکم	ɪnkˈam
انکوڈنگ	ɪnkˈoːɖɪnɡ
انکی	ˈɪnki
انگر	ˈanəɡˌər
انگریزی	anɡrˈeːzi
انگلش	ˈɪnɡlˌɪʃ
انگلی	ˈanəɡli
انگلینڈ	ˌɪnɡlˈeːnɖ
انگلیوں	ˈanəɡliˌõː
انگوٹھوں	ˌanɡˈoːʈʰõː
انگوٹھی	ˌanɡˈoːʈʰi
انگوٹی	ˌanɡˈoːʈi
انگیز	anɡˈeːz
انھتر	ˌʊnhatˈar
انھوں	ʊnhˈoːn
انھی	ˈʊnhi
انھیں	ˌʊnhˈeːn
انھیںاور	ˈanhẽˌaːoːr
انہر	ˈanəhˌər
انہوں	ˌʊnhˈoːn
انہيں	ˌʊnhˈeːn
انہی	ˈʊnhi
انہین	ˌanhˈiːn
انہیں	ˌʊnhˈeːn
انیس	ʊnˈiːs
انیک	anˈeːk
انے	ˈaneː
او	ˈoː
اوائل	aʋˈaɪl
اوباما	oːbˈaːmaː
اوبامہ	oːbˈaːmˌa
اوبرائن	ˌoːbrˈaɪn
اودان	oːdˈaːn
اور	ˈɔr
اورئینٹل	ˌoːriˈeːnʈal
اورات	ɔrˈaːt
اورتحفہ	ˈoːrətˌəhəfa
اورجب	ˈoːrəɟˌəb
اورپھر	ˈoːrəpʰˌər
اورہر	ˈoːrəhˌər
اوسط	ˈoːsət
اوقات	ˌoːqˈaːt
اوقاتِ	ˌoːqaːtˈeː
اوقیانوس	ˈoːqjaːnˌoːs
اول	ˈaʋʋal
اولاد	oːlˈaːd
اولادوں	oːlˈaːdõː
اولمپس	oːlˈʌmpəs
اولمپک	oːlˈʌmpək
اولمپکس	oːlˈampɪks
اولگا	ˈoːlɡˌaː
اولیت	ˌaʋaliˈat
اولین	ˈaʋʋalˌiːn
اونٹ	ˈuːnʈ
اونٹوں	ˈuːnʈõː
اونچائی	ˈuːncaːˌiː
اونچی	ˈuːnci
اونچے	ˈuːnceː
اونگ	ˈuːnɡ
اوور	oːʋˈar
اوٹ	ˈoːʈ
اوپر	ˈuːpar
اوپن	ˈoːpən
اوپننگ	oːpˈanɪnɡ
اوک	ˈuːk
اوکردوست	ˌoːkrdˈoːst
اوکیناوا	ˌoːkinˈaːʋaː
اوکے	ˈoːkeː
اوہ	ˈoːa
اوہائیو	ˌoːhaːˈeːoː
اوہایو	ˌoːhaːˈeːoː
اوہو	ˈoːhoː
اویس	aʋˈeːs
اویوساییک	ˌoːeːˌoːsaːjˈiːk
اَب	ˈab
اُ	ˈʊ
اُتارا	ʊtˈaːraː
اُمتیں	ˈʊmtˌẽː
اُوٹ	ˈuːʈ
اُٹھ	ˈʊʈʰ
اُٹھا	ˈʊʈʰaː
اُگائیں	ʊɡˈaːẽː
اُگائے	ʊɡˈaːeː
اِس	ˈɪs
اِسی	ˈɪsi
اِسے	ˈɪseː
اِن	ˈɪn
اِنہیں	ˈɪnhˌẽː
اّ	ˈaː
اْتنا	ˈatnˌaː
اْتنی	ˈatnˌiː
اْدھر	ˈadʰər
اْس	ˈas
اْستانی	ˌastˈaːni
اْسے	ˈaseː
اْلجھن	ˈaləɟʰˌən
اْلٹا	ˈalʈˌaː
اْمید	amˈiːd
اْن	ˈan
اْنگلی	ˈanəɡli
اْنہوں	ˈanhˌõː
اْنہیں	ˈanhˌẽː
اْٹھائیں	aʈʰˈaːẽː
اْٹھاو	aʈʰˈaːoː
اْکھڑے	ˈakʰr.ˌeː
آ	ˈaː
آئے	ˈaːeː
آتا	ˈaːtaː
آتی	ˈaːti
آثار	aːsˈaːr
آج	ˈaːɟ
آجاتا	aːɟˈaːtaː
آجانا	aːɟˈaːnaː
آجاو	aːɟˈaːoː
آخرت	ˈaːxərˌət
آخری	ˈaːxrˌiː
آدمی	ˈaːdmˌiː
آدھا	ˈaːdʰaː
آدھی	ˈaːdʰi
آرام	aːrˈaːm
آرہا	ˈaːrhˌaː
آرہے	ˈaːrhˌeː
آزاد	aːzˈaːd
آسان	aːsˈaːn
آسانی	aːsˈaːni
آسمان	ˌaːsmˈaːn
آسمانوں	ˌaːsmˈaːnõː
آقا	ˈaːqaː
آمین	aːmˈiːn
آنا	ˈaːnaː
آنسو	ˈaːnsoː
آنکھوں	ˈaːnkʰˌõː
آنکھیں	ˈaːnkʰˌẽː
آنے	ˈaːneː
آو	ˈaːoː
آپ	ˈaːp
آپس	ˈaːpəs
آکر	ˈaːkər
آگ	ˈaːɡ
آگیا	ˈaːɡjaː
آگے	ˈaːɡeː
آہستہ	ˈaːhəsta
آیا	ˈaːjaː
آینگے	aːˈiːnɡˌeː
اٹارنی	aʈˈaːrnˌiː
اٹاری	aʈˈaːri
اٹلانٹک	ˌaʈlˈaːnʈək
اٹلس	ˈaʈəlˌəs
اٹلی	ˈɪʈlˌiː
اٹوٹ	aʈˈuːʈ
اٹھ	ˈʊʈʰ
اٹھا	ˈʊʈʰaː
اٹھاؤ	aʈʰˈaːoː
اٹھائی	ʊʈʰˈaːji
اٹھائیں	aʈʰˈaːẽː
اٹھائے	ʊʈʰˈaːjeː
اٹھاتے	ʊʈʰˈaːteː
اٹھارہ	aʈʰˈaːrˌa
اٹھان	ʊʈʰˈaːn
اٹھانا	ʊʈʰˈaːnaː
اٹھانی	ʊʈʰˈaːni
اٹھانے	ʊʈʰˈaːneː
اٹھاو	aʈʰˈaːoː
اٹھایئں	ˌaʈʰaːjˈan
اٹھایا	ʊʈʰˈaːjaː
اٹھنا	ˈʊʈʰnaː
اٹھو	ˈʊʈʰoː
اٹھی	ˈʊʈʰi
اٹھیں	ˈaʈʰẽː
اٹھے	ˈʊʈʰeː
اٹیرنا	aʈˈiːrnˌaː
اٹیک	aʈˈeːk
اپ	ˈap
اپارٹمنٹ	apˈaːrʈəmˌənʈ
اپالو	apˈaːloː
اپالُوی	ˌapaːlˈuːi
اپاچی	apˈaːci
اپج	ʊpˈaɟ
اپددر	ˈapədˌədər
اپدیش	ʊpdˈeːʃ
اپریل	aprˈeːl
اپمانت	ˌapmˈaːnət
اپنا	ˈapnˌaː
اپنانے	ˌapnˈaːneː
اپنوں	ˈapnˌõː
اپنی	ˈapnˌiː
اپنے	ˈapnˌeː
اپنےمنہ	ˌapnˈeːməna
اپواس	ʊpʋˈaːs
اپچار	ʊpcˈaːr
اپکار	ʊpkˈaːr
اپہاس	ˌaphˈaːs
اچانک	acˈaːnək
اچک	ʊcˈak
اچکا	ˈʊckaː
اچکائے	ˌackˈaːeː
اچھا	ˈacʰaː
اچھائی	acʰˈaːi
اچھال	ʊcʰˈaːl
اچھالا	ʊcʰˈaːlaː
اچھوت	acʰˈuːt
اچھوتا	acʰˈuːtaː
اچھوتی	acʰˈuːti
اچھوتے	acʰˈuːteː
اچھی	ˈacʰi
اچھے	ˈacʰeː
اڈوں	ˈaɖõː
اڈہ	ˈaɖˌa
اڈے	ˈaɖeː
اڑ	ˈar.
اڑا	ˈʊr.aː
اڑائیے	ar.ˈaːjeː
اڑادیتے	ˌar.aːdˈiːteː
اڑان	ar.ˈaːn
اڑانے	ʊr.ˈaːneː
اڑتے	ˈar.tˌeː
اڑی	ˈar.i
اک	ˈɪk
اکا	ˈɪkaː
اکاؤنٹ	ˌakaːˈuːnʈ
اکاؤنٹس	ˌakaːˈuːnʈs
اکائی	ɪkˈaːi
اکاب	akˈaːb
اکبر	ˈakbar
اکتا	ˈʊktaː
اکتاہٹ	ˌʊktaːhˈaʈ
اکتایا	ʊktˈaːjaː
اکتوبر	ˌaktˈoːbər
اکتیس	ˌaktˈiːs
اکثر	ˌaksˈar
اکثریت	ˌaksˈariˌat
اکر	ˈakər
اکرام	ɪkrˈaːm
اکرم	ˈakram
اکزیکٹیو	ɪkzˈeːkɪʈˌɪʋ
اکسایا	ʊksˈaːjaː
اکلو	ˈɪkloː
اکلوتی	ɪklˈoːti
اکمل	ˈakmal
اکنامک	ɪknˈaːmɪk
اکٹھا	ɪkˈaʈʈʰaː
اکٹھی	ɪkˈaʈʈʰi
اکٹھے	ɪkˈaʈʈʰeː
اکڑکر	ˈakər.ˌəkər
اککا	ˈakkˌaː
اکھاڑ	ʊkʰˈaːr.
اکیس	akˈiːs
اکیلا	akˈeːlaː
اکیلی	akˈeːli
اکیلے	akˈeːleː
اکیڈمی	akˈiːɖmˌiː
اکے	ˈɪkeː
اگ	ˈʊɡ
اگا	ˈʊɡaː
اگاتے	ʊɡˈaːteː
اگتا	ˈʊɡtaː
اگتے	ˈʊɡteː
اگر	aɡˈar
اگربتی	aɡˈarbatˌiː
اگردوت	ˌaɡrdˈoːt
اگرچہ	ˌaɡarcˈeːh
اگست	ˈaɡəst
اگستس	ˈaɡəsˌətəs
اگل	ʊɡˈal
اگلا	ˈaɡlˌaː
اگلوا	aɡˈʌlʋaː
اگلوانا	ˌaɡlʋˈaːnaː
اگلی	ˈaɡlˌiː
اگلے	ˈaɡlˌeː
اگے	ˈaɡeː
اھ	ˈahh
اہ	ˈaːh
اہاب	ahˈaːb
اہتمام	ˈɛhtɪmˌaːm
اہج	ˈahəɟ
اہداف	ˈahdaːf
اہل	ˈɛhɛl
اہلکار	ˌahəlkˈaːr
اہلکاروں	ˌahəlkˈaːrõː
اہم	ˈɛhɛm
اہمیت	ˌɛhɛmiˈat
اہنے	ˈaːhneː
اہوائی	ˈahʋaːˌiː
ای	ˈiː
ایئر	eːˈar
ایا	ˈeːaː
ایام	ˌaiˈaːm
ایبل	ˈeːbəl
ایبٹ	ˈeːbəʈ
ایثار	isˈaːr
ایج	ˈeːɟ
ایجاب	iɟˈaːb
ایجابی	iɟˈaːbi
ایجاد	iɟˈaːd
ایجنسی	eːɟˈʌnsi
ایجنسیوں	eːɟˈʌnsiˌõː
ایجنٹ	ˈeːɟənʈ
ایجنٹس	ˌeːɟənˈʌʈs
ایجنٹوں	ˈeːɟənʈõː
ایجنڈا	eːɟˈʌnɖaː
ایجنڈے	eːɟˈʌnɖeː
ایذا	ˈiːzaː
ایران	irˈaːn
ایرانی	irˈaːni
ایرر	ˈeːrər
ایرن	ˈeːrən
ایرو	ˈeːroː
ایرک	ˈeːrək
ایریا	ˈeːrjaː
ایریزونا	ˌeːrizˈoːnaː
ایس	ˈeːs
ایسا	ˈeːsaː
ایسانہیں	eːsˈaːnhˌẽː
ایسوبی	eːsˈoːbi
ایسٹ	ˈiːsʈ
ایسٹرن	ˈiːsʈərˌən
ایسڈ	ˈeːsəɖ
ایسی	ˈeːsi
ایسے	ˈeːseː
ایف	ˈeːf
ایل	ˈeːl
ایلن	ˈeːlən
ایلومینیم	ˌeːluːmˌiːniˈam
ایم	ˈeːm
ایمان	imˈaːn
ایماندار	imˈaːndaːr
ایمانداری	imˈaːndaːrˌiː
ایمبولینس	ˌeːmboːlˈiːns
ایمرجنسی	ˌeːmərəɟˈʌnsi
ایملی	ˈeːmlˌiː
ایمپائر	ˈeːmpaɪr
ایمہ	ˈiːma
این	ˈeːn
اینا	ˈiːnaː
ایناکانڈا	ˌeːnaːkˈaːnɖaː
اینجل	ˈeːnɟəl
اینجلس	ˈeːnɟəlˌəs
ایندھن	ˈiːndʰan
اینریکے	ˌeːnrˈiːkeː
اینورسری	ˌeːnɪʋˈarsarˌiː
اینٹینا	ˈeːnʈinˌaː
اینڈ	ˈeːnɖ
اینڈی	ˈeːnɖi
اینکر	ˈeːnəkˌər
اینکرز	ˌeːnəkˈʌrz
اینگما	ˈeːnəɡmaː
ایوانِ	ˌeːʋaːnˈeː
ایوب	ˌaiˈuːb
ایوبی	ˌaiˈuːbi
ایورسٹ	ˈeːʋrɪsʈ
ایونز	eːˈoːnəz
ایوننگ	ˈiːʋnɪnɡ
ایونٹ	eːˈoːnʈ
ایونیو	ˌeːoːnˈeːoː
ایٹم	ˈeːʈəm
ایٹمز	eːʈˈamz
ایپس	ˈɛps
ایپل	ˈeːpəl
ایچ	ˈeːc
ایڈ	ˈeːɖ
ایڈجسٹ	ˈeːɖəɟɪsʈ
ایڈریس	ˈeːɖreːs
ایڈز	ˈeːɖz
ایڈمرل	ˈeːɖəmˌərəl
ایڈوائزر	ˈeːɖʋaɪzˌər
ایڈورڈ	eːɖˈoːrɖ
ایڈولف	eːɖˈoːləf
ایڈونٹسٹ	eːɖˈoːnʈɪsʈ
ایڈیٹر	eːɖˈiːʈər
ایڈیٹنگ	ˈeːɖiʈˌɪnɡ
ایڑھی	ˈeːr.hi
ایڑھیاں	ˈeːr.hjãː
ایک	ˈeːk
ایکسرے	ˈeːkəsreː
ایکسلریشن	ˌeːkəsˌəlreːʃˈan
ایکسپرٹ	ˌeːkəsəpˈʌrʈ
ایکسپریس	ˈɛksprɛs
ایکسپلور	ˌeːkəsˌəplˈoːr
ایکسچینج	ɛkscˈeːnɟ
ایکشن	ˈeːkəʃˌən
ایکو	ˈeːkoː
ایکواڈور	ˈeːkʋaːɖˌoːr
ایکٹ	ˈɛːkʈ
ایکٹر	ˈeːkʈar
ایکٹو	ˈeːkʈˌoː
ایکٹیویشن	ˌeːkʈˌeːʋeːʃˈan
ایکی	ˈeːki
ایگزیکٹو	ˈeːɡzeːkˌɪʈɪʋ
اے	ˈeː
ب	bˈeː
بءِ	bˈʌɪ
بآت	bˈaːt
بؤ	bˈʌoː
بؤب	bəˈoːb
بئ	bˈʌ
با	bˈaː
باؤل	baːˈoːl
باؤنڈ	baːˈoːnɖ
بائبل	bˈaɪbəl
بائنری	bˈaɪnrˌiː
بائڈ	bˈaɪɖ
بائیں	bˈaːẽː
بااختیار	baːˈaːxtjaːr
باب	bˈaːb
بابت	bˈaːbət
بابر	baːbˈar
بابل	bˈaːbʊl
بات	bˈaːt
باتوں	bˈaːtõː
باتھ	bˈaːtʰ
باتیں	bˈaːtẽː
باجوہ	bˈaːɟʋa
باخبر	bˈaːxəbˌər
باد	bˈaːd
بادءِ	bˈaːdˌɪ
بادبہار	bˌaːdeːbahˈaːr
بادشاہ	bˌaːdʃˈaːh
بادشاہت	bˌaːdʃˈaːhət
بادشاہوں	bˌaːdʃˈaːhõː
بادشاہی	bˌaːdʃˈaːhi
بادل	baːdˈal
بادلوں	bˈaːdlˌõː
بار	bˈaːr
بارت	bˈaːrət
بارز	bˈaːrɪz
بارسیلونا	bˌaːrsilˈoːnaː
بارش	bˈaːrɪʃ
بارنس	baːrˈʌns
بارود	baːrˈoːd
بارودی	baːrˈoːdi
بارٹیںڈر	bˈaːrʈẽɖˌər
بارڈر	bˈaːrɖər
بارہ	bˈaːrˌa
باری	bˈaːri
بارے	bˈaːreː
باز	bˈaːz
بازار	baːzˈaːr
بازو	bˈaːzuː
بازگشت	bˌaːzɡˈaʃt
بازی	bˈaːzi
بازیابی	bˈaːzjaːbˌiː
بازیافت	bˈaːzjaːfˌət
باس	bˈaːs
باسٹرڈ	bˈaːsʈərɖ
باسی	bˈaːsi
باصلاح	bˈaɪʂlaːh
باصلاحیت	bˈaɪʂlaːhˌiːat
باضابطہ	baːzˈaːbəta
باط	bˈaːt
باطن	bˈaːtɪn
باعث	bˈaːɪs
باغ	bˈaːɣ
باغی	bˈaːɣi
باغیوں	bˈaːɣiˌõː
بافت	bˈaːft
بافتوں	bˈaːftˌõː
بافتگی	bˈaftɡi
باقائدہ	baːqˈaɪda
باقاعدگی	baːqˈaːjdɡi
باقاعدہ	baːqˈaːjda
باقی	bˈaːqi
باقیات	bˌaːqiˈaːt
باقیوں	bˈaːqiˌõː
بال	bˈaːl
بالآخر	bɪlˈaːxɪr
بالا	bˈaːlaː
بالاتر	bɪlʊtˈar
بالادستی	bɪlˈadəsti
بالانشین	bˌaːlaːnaʃˈiːn
بالانشینی	bˌaːlaːnaʃˈiːni
بالاکوٹ	bˌaːlaːkˈoːʈ
بالحق	bɪlhˈaq
بالخصوص	bˌɪlxʊʂˈuːʂ
بالذات	bɪlzˈaːt
بالعموم	bˌɪlʊmˈuːm
بالغ	bˈaːlɪɣ
بالفرض	bɪlfˈarz
باللہ	bɪllˈaːh
بالو	bˈaːloː
بالوں	bˈaːlõː
بالٹک	bˈaːləʈˌək
بالٹی	bˈaːlʈˌiː
بالٹیمور	bˌaːlʈimˈoːr
بالڈون	bˈaːlɖoːn
بالکل	bˈɪlkˌʊl
بالکونی	bˌaːlkˈoːni
بام	bˈaːm
بامقصد	bˈaːməqˌəʂəd
باندھ	bˈaːndʰ
باندھتے	bˈaːndʰətˌeː
باندھنے	bˈaːndʰənˌeː
باندھیں	bˈaːndʰẽː
بانٹ	bˈaːnʈ
بانٹیں	bˈaːnʈẽː
بانڈ	bˈaːnɖ
بانڈز	bˈaːnɖz
بانیوں	bˈaːniˌõː
باوجود	bˌaːʋʊɟˈuːd
باوجودیکہ	bˌaːʋʊɟuːdˈeːkeː
باورچی	baːʋˈʌrci
باپ	bˈaːp
باڈی	bˈaːɖi
باڑ	bˈaːr.
باڑے	bˈaːr.eː
باکس	bˈaːks
باکسنگ	bˈaːksɪnɡ
باگو	bˈaːɡoː
باںد	bˈãːd
باہر	bˈaːhər
باہری	bˈaːhri
باہمی	bˈaːhmi
باہوں	bˈaːhõː
بای	bˈaːi
بب	bˈʌb
بت	bˈʊt
بتا	bˈʌtaː
بتاءو	bətˈaːoː
بتاؤ	bətˈaːoː
بتاؤنگا	bˌətaːˈoːnɡˌaː
بتاؤں	bˌətaːˈoːn
بتائيں	bətˈaːẽː
بتائی	bətˈaːi
بتائیں	bətˈaːẽː
بتائیے	bətˈaːjeː
بتائے	bətˈaːeː
بتاتا	bətˈaːtaː
بتاتی	bətˈaːti
بتاتے	bətˈaːteː
بتانا	bətˈaːnaː
بتانے	bətˈaːneː
بتاو	bətˈaːoː
بتاوں	bətˈaːõː
بتایئے	bˌətaːjˈaeː
بتایا	bətˈaːjaː
بتوں	bʊtˈoːn
بتکرار	batˈakraːr
بتکلف	bˌatakˈallʊf
بتھ	bˈʌtʰ
بتیجیاں	bətˈiːɟjãː
بتیس	bətˈiːs
بج	bˈʌɟ
بجاؤ	bəɟˈaːoː
بجائے	bəɟˈaːeː
بجانے	bəɟˈaːneː
بجتی	bˈʌɟtˌiː
بجز	bˈaɟʊz
بجلی	bˈɪɟlˌiː
بجنا	bˈʌɟnˌaː
بجٹ	bˈʌɟəʈ
بجھادو	bˈʊɟhaːdˌoː
بجھایا	bˈʊɟhaːjˌaː
بجے	bˈʌɟeː
بحال	bəhˈaːl
بحالی	bəhˈaːli
بحث	bˈɛhɛs
بحر	bˈɛhɛr
بحرالکاہل	bˌəhərˌaːlkˈaːhəl
بحران	bˌɔhrˈaːn
بحری	bˈʌhərˌiː
بحریہ	bˌəhərˈiːa
بحوالے	bəhʋˈaːleː
بحیات	bˌahajˈaːt
بحیثیت	bahˈɛsiˌat
بحیرہ	bəhˈiːrˌa
بخ	bˈʌx
بخار	bʊxˈaːr
بخارات	bˌʊxaːrˈaːt
بخارسٹ	bʊxˈaːrɪsʈ
بختی	bˈʌxtˌiː
بخدا	bˈaxʊdˌaː
بخدمت	bˌaxɪdmˈat
بخش	bˈaxʃ
بخشش	bˈaxʃɪʃ
بخشوں	bˈʌxʃˌõː
بخشی	bˈʌxʃˌiː
بخل	bˈʌxəl
بخوبی	baxˈuːbi
بخود	bˈaxʊd
بخوشی	bˈaxʊʃˌiː
بخیر	baxˈɛːr
بد	bˈʌd
بداحتیاط	bˌadɛhtiˈaːt
بداختر	badˈaxtar
بداخلاق	badˈaxlaːq
بداخلاقی	badˈaxlaːqˌiː
بداستخوان	bˌadɪstˈaxʋaːn
بداصل	badˈaʂl
بداطوار	badˈatʋaːr
بداعتمادی	bˌadeːtimˈaːdi
بداعمال	bˌadaːmˈaːl
بدافعال	bˌadafˈaːl
بداقبال	bˌadɪqbˈaːl
بدانتظام	bˌadɪntɪʐˈaːm
بدانجام	badˈanɟaːm
بداندام	badˈandaːm
بداندیش	badˈandeːʃ
بداوسان	bˌadoːsˈaːn
بداوقات	bˌadoːqˈaːt
بدبخت	bˈadbaxt
بدبختوں	badbˈaxtoːn
بدبختی	bˈʌdəbˌəxtˌiː
بدبو	bˈadbuː
بدبودار	bˌədbuːdˈaːr
بدتخم	bˈadtʊxm
بدتر	bˈadtar
بدترین	bˈadtarˌiːn
بدتعصب	bˈadtaːʂˌʊb
بدتمیز	bˈadtamˌiːz
بدتمیزی	bˈadtamˌiːzi
بدجانور	badɟˈaːnʋar
بدحواس	bˈadhaʋˌaːs
بدحواسی	bˈadhaʋˌaːsi
بدخصال	bˈadxɪʂˌaːl
بدخط	bˈadxat
بدخفت	bˈadxɪffˌat
بدخو	bˈadxuː
بدخوئی	bˈadxuːˌiː
بدرسمی	badrˈasmi
بدرنگ	bˈadranɡ
بدروح	bˈadruːh
بدروش	bˈadraʋˌɪʃ
بدروپ	bˈadruːp
بدزات	bˈadzaːt
بدزبان	bˈadzʊbˌaːn
بدستور	badˈastuːr
بدسلوک	bˈadsʊlˌuːk
بدسلوکی	bˌədəslˈoːki
بدسلیقہ	bˈadsalˌiːqa
بدسورت	bˌədsˈuːrət
بدسورتی	bˌədsˈuːrtˌiː
بدشعار	bˈadʃɪˌaːr
بدشکل	bˈadʃakl
بدظن	bˈadʐan
بدعقل	badˈaql
بدعقلا	badˈaqlaː
بدعقیدہ	bˌadaqˈiːda
بدعمل	bˌadamˈal
بدعنوان	bˌədʊnʋˈaːn
بدفعل	bˈadfeːl
بدفن	bˈadfan
بدقرینہ	bˈadqarˌiːna
بدقسمت	bˈadqɪsmˌat
بدقسمتی	bˌədqɪsmˈati
بدل	bˈʌdəl
بدلا	bˈʌdlˌaː
بدلتا	bˈʌdəltaː
بدلتیں	badˈaltĩː
بدلتے	bˈʌdəlteː
بدلنا	bˈʌdəlnaː
بدلنے	bˈʌdəlneː
بدلہ	badˈala
بدلے	bˈʌdlˌeː
بدماش	bˌədmˈaːʃ
بدمذاق	bˈadmazˌaːq
بدمزاج	bˈadmɪzˌaːɟ
بدمزہ	bˈadmazˌa
بدمست	bˈadmast
بدمعاش	bˌədmˈaːʃ
بدن	bˈʌdən
بدنام	bˌədnˈaːm
بدنسل	bˈadnasl
بدنسلا	badnˈasla
بدنصیب	bˈadnaʂˌiːb
بدنظر	bˈadnaʐˌar
بدنظرا	badnˈaʐra
بدنظمی	badnˈaʐmi
بدنفس	bˈadnafs
بدنما	bˈadnʊmˌaː
بدنہاد	bˈadnɪhˌaːd
بدنیت	bˈadniˌat
بدنیتی	bˈadniˌati
بدوش	bədˈoːʃ
بدپیشہ	bˈadpeːʃˌa
بدچشم	bˈadcaʃm
بدچلن	bˈadcalˌan
بدچلنی	badcˈalni
بدک	bɪdˈak
بدکار	bˌədkˈaːr
بدگمان	bˈadɡʊmˌaːn
بدھ	bˈʊdʰ
بدہضمی	badhˈazmi
بدہمت	bˈadhɪmmˌat
بدہیئت	bˈadheːˌat
بدی	bˈʌdi
بدیا	bədˈiːaː
بدیس	bɪdˈeːs
بدیسی	bɪdˈeːsi
بذریعہ	bˌaðarˈiːaː
بر	bˈʌr
برآمد	bərˈaːməd
برآں	bərˈaːn
برا	bˈʊraː
براؤن	bˌəraːˈoːn
براؤننگ	bˌəraːˈoːnənɡ
برائن	bərˈaɪn
برائی	bʊrˈaːi
برائیوں	bʊrˈaːiˌõː
برائے	bərˈaːeː
برابر	bˌaraːbˈar
براتی	barˈaːti
برادر	bˌɪraːdˈar
برادری	bˌɪraːdˈari
برازیل	bˌəraːzˈiːl
برانڈ	bərˈaːnɖ
برانڈز	bərˈaːnɖz
برانڈٹ	bərˈaːnɖəʈ
برانڈڈ	bərˈaːnɖəɖ
براوو	bərˈaːʋoː
براڈوے	bərˈaːɖʋeː
براک	bərˈaːk
براہ	bərˈaːh
برباد	bˌərbˈaːd
بربط	bˈʌrəbˌət
برتاؤ	bˌərtˈaːoː
برتر	bˈartar
برتری	bˈartarˌiː
برتن	bˈartan
برتھا	bˈʌrtʰˌaː
برج	bˈʊrɟ
برجیوں	bˈʌrɟˌiõː
برحق	bˈarhaq
برخاستگی	bˌərxˈaːsətɡi
برخاف	bˌərxˈaːf
برخلاف	bˌarxɪlˈaːf
برد	bˈʊrd
برداشت	bərdˈaːʃt
بردبار	bʊrdbˈaːr
بردباری	bʊrdbˈaːri
بردر	bˈʌrdər
بردوست	bərdˈuːst
بردہ	bˈʊrda
برزخ	bˈarzax
برسات	bˌərəsˈaːt
برسرِ	bˌarsˈareː
برسوں	bˈʌrsˌõː
برسہ	bˈarsa
برصغیر	bˈarreːʂˌaɣir
برضا	barˈazaː
برطانوی	bˌərtˈaːnʋi
برطانیہ	bˌərtaːnˈiːa
برطاو	bˌərtˈaːoː
برطرف	bˌartarˈaf
برطرفی	bˌartˈarfˌiː
برعکس	bˌarˈaks
برف	bˈʌrəf
برفباری	bˌərəfbˈaːri
برفتہ	barˈafta
برق	bˈarq
برقرار	bˌarqarˈaːr
برلن	bˈʌrəlˌən
برن	bˈʌrən
برنگیں	barˈanɡĩː
برو	bˈaruː
بروز	bərˈoːz
بروس	bərˈoːs
بروقت	bˈarʋaqt
بروک	bərˈoːk
بروکلن	bərˈoːkəlˌən
بروں	bˈʊrõː
برٹس	bˈʌrʈs
برٹش	brˈɪʈɪʃ
برڈ	bˈʌrɖ
برکت	bˈarkat
برگ	bˈarɡ
برگر	bˈʌrəɡˌər
برگزیدہ	bˈarɡʊzˌiːda
برہم	bˈarham
برہمن	brˈahman
برہمچری	bˈʌrəhˌəməcri
برہنہ	bˈarhanˌa
بری	bˈʌri
بریفنگ	bərˈiːfənɡ
بریفنگز	bərˈiːfənˌəɡəz
برینئر	bərˈiːnər
برینئیر	bˌərinˈiːr
برینڈن	bərˈiːnɖən
بریویا	bˌəreːˈoːjaː
بریڈفورڈ	bˌəriɖfˈoːrɖ
بریڈلی	bərˈiːɖlˌiː
بریڈلے	bərˈiːɖlˌeː
بریک	brˈeːk
بریکر	brˈeːkər
بریکنگ	bɾˈeːkɪnɡ
بریکوں	brˈeːkõː
بریکٹ	brˈeːkɪʈ
بریگیڈ	bˌəriɡˈiːɖ
بریگیڈیئر	bˌəriɡˌiːɖiˈar
بریں	bˈarĩː
برے	bˈʊreː
بز	bˈʊz
بزدل	bˈʊzdɪl
بزدلی	bˈʊzdɪlˌiː
بزرگوار	bˈʊzʊrɡʋˌaːr
بزم	bˈazm
بزنس	bˈɪznɪs
بزوال	bˌazaʋˈaːl
بس	bˈʌs
بسانا	bəsˈaːnaː
بسانے	bəsˈaːneː
بستر	bɪstˈar
بستروں	bɪstˈarõː
بستے	bˈʌstˌeː
بسم	bˈɪsm
بسنت	basˈant
بسنے	bˈʌsnˌeː
بسٹر	bˈʌsʈər
بسکٹ	bˈɪskɪʈ
بش	bˈʌʃ
بشانہ	bəʃˈaːnˌa
بشرطیکہ	bˌaʃarteːkˈeːh
بشریٰ	bˈʌʃrˌaː
بشمول	bˌəʃmˈuːl
بشہر	bˈʌʃəhˌər
بصحت	bˌaʂɛhˈat
بصری	bˈʌʂrˌiː
بضأ	bˈʌz
بضد	bˈazɪd
بطليموس	bˌətlimˈoːs
بطلیموس	bˌətlimˈoːs
بطور	batˈɔːr
بظاہر	baʐˈaːhɪr
بعد	bˈaːd
بعض	bˈaːz
بعقوبہ	bˈaːquːba
بعید	baˈiːd
بغاوت	bˌaɣaːʋˈat
بغداد	bˌəɣdˈaːd
بغض	bˈʊɣz
بغیر	baɣˈɛːr
بفیلو	bəfˈiːloː
بق	bˈʌq
بقا	bˈʌqaː
بقایا	bəqˈaːjaː
بقبلہ	baqˈɪbla
بقہد	bˈʌqəhˌəd
بقید	baqˈɛːd
بل	bˈʌl
بلا	bˈʌlaː
بلاؤ	bəlˈaːoː
بلاؤنگا	bˌəlaːˈoːnɡˌaː
بلائے	bəlˈaːeː
بلاتا	bəlˈaːtaː
بلاتے	bəlˈaːteː
بلاجھجک	bəlˈaːɟʰəɟˌək
بلاسٹ	bəlˈaːsʈ
بلاشبہ	bəlˈaːʃɪba
بلال	bɪlˈaːl
بلانا	bəlˈaːnaː
بلاو	bəlˈaːoː
بلاول	bˌɪlaːʋˈal
بلاوی	bəlˈaːʋi
بلاک	bəlˈaːk
بلاکس	bəlˈaːkəs
بلاگ	bəlˈaːɡ
بلاہ	bəlˈaːh
بلایا	bəlˈaːjaː
بلبل	bˈʊlbʊl
بلبلا	bˈʌləblaː
بلبلے	bˈʊlbʊlˌeː
بلغارین	bˌəlɣaːrˈiːn
بلند	bʊlˈand
بلندی	bʊlˈandi
بلندیوں	bʊlˈandiˌõː
بلنی	bˈʌlnˌiː
بلوایا	bəlʋˈaːjaː
بلوجی	bəlˈoːɟi
بلوز	bəlˈoːz
بلوط	bəlˈoːt
بلوغت	bˌaluːɣˈat
بلوچی	bəlˈoːci
بلوں	bˈʌlõː
بلٹ	bˈʌləʈ
بلڈاگ	bəlɖˈaːɡ
بلڈنگ	bˈʌlɖɪnɡ
بلڈوزر	bəlɖˈoːzər
بلک	bɪlˈak
بلکل	bˈʌləkˌəl
بلکہ	bˌalkˈeːh
بلی	bˈɪlli
بلین	bəlˈiːn
بلیو	bəlˈeːoː
بلیوں	bˈʌliˌõː
بلیڈ	bəlˈiːɖ
بلیڈز	bəlˈiːɖz
بلیک	blˈeːk
بلیکمیل	bˌəlikmˈiːl
بلے	bˈʌleː
بم	bˈʌm
بمبار	bəmbˈaːr
بمباری	bəmbˈaːri
بمشکل	bamˈʊʃkɪl
بمقابلہ	bˌəmʊqˈaːbɪlˌa
بموں	bˈʌmõː
بن	bˈʌn
بنا	bˈʌnaː
بناء	bˈʌnaː
بناؤ	bənˈaːoː
بناؤں	bˌənaːˈoːn
بنائی	bənˈaːi
بنائیں	bənˈaːẽː
بنائے	bənˈaːeː
بناتا	bənˈaːtaː
بناتی	bənˈaːti
بناتے	bənˈaːteː
بنارہے	bənˈaːrhˌeː
بنالوں	bənˈaːlõː
بنانا	bənˈaːnaː
بنانے	bənˈaːneː
بناو	bənˈaːoː
بناوٹ	bənˈaːʋəʈ
بنایا	bənˈaːjaː
بنایاگیا	bˌənaːjˈaːɡjaː
بنت	bˈɪnt
بنتی	bˈʌntˌiː
بنتے	bˈʌntˌeː
بنجر	bˈʌnɟər
بنجمن	bˈʌnɟəmˌən
بند	bˈʌnd
بندا	bˈʌndaː
بندر	bˈʌndər
بندروں	bˈʌndərˌõː
بندرگاہ	bˌəndərɡˈaːh
بندش	bˈandɪʃ
بندوا	bˈʌndʋaː
بندوبست	bəndˈuːbəst
بندوق	bəndˈuːq
بندوقوں	bəndˈuːqõː
بندوقین	bˌənduːqˈiːn
بندوقیں	bəndˈuːqẽː
بندوں	bˈʌndõː
بندھن	bˈʌndʰən
بندھے	bˈʌndʰeː
بندہ	bˈʌnda
بندی	bˈʌndi
بندے	bˈʌndeː
بننا	bˈʌnnˌaː
بننے	bˈʌnnˌeː
بنو	bˈʌnoː
بنکاک	bˌənkˈaːk
بنکر	bˈʌnəkˌər
بنکروں	bˈʌnəkrõː
بنگلہ	bˈʌnəɡˌəlˌa
بنگو	bˈʌnɡˌoː
بنی	bˈʌni
بنیاد	bˌʊniˈaːd
بنیادی	bˌʊniˈaːdi
بنیامین	bˌənjaːmˈiːn
بنیان	bənjˈaːn
بنے	bˈʌneː
بو	bˈuː
بوائے	boˈaːeː
بوب	bˈoːb
بوتل	bˈoːtəl
بوتھ	bˈuːtʰ
بوتھوں	bˈuːtʰõː
بوتے	bˈoːteː
بوجھ	bˈoːɟʰ
بوجہ	baʋˈaɟa
بود	bˈuːd
بودار	buːdˈaːr
بودباش	bˈuːdbaːʃ
بور	bˈoːr
بورا	bˈoːraː
بورنگ	bˈoːrənɡ
بورڈ	bˈoːrɖ
بورڈنگ	bˈoːrɖɪnɡ
بوری	bˈoːri
بوز	bˈoːz
بوسٹن	bˈoːsʈən
بوسہ	bˈoːsˌa
بوسے	bˈoːseː
بوقتِ	bˌoːqətˈeː
بول	bˈoːl
بولا	bˈoːlaː
بولتا	bˈoːltˌaː
بولتے	bˈoːltˌeː
بولشوئی	bˌoːlʃˈoːi
بولنا	bˈoːlnˌaː
بولنگ	bˈoːlɪnɡ
بولنے	bˈoːlnˌeː
بولنےوالی	bˌoːlneːʋˈaːli
بولو	bˈoːloː
بولوں	bˈoːlõː
بولٹ	bˈoːlʈ
بولٹن	bˈoːləʈˌən
بولڈ	bˈoːlɖ
بولی	bˈoːli
بولیویا	bˌoːleːˈoːjaː
بولیں	bˈoːlẽː
بولے	bˈoːleː
بوم	bˈoːm
بوند	bˈuːnd
بونڈ	bˈoːnɖ
بونی	bˈoːni
بونے	bˈoːneː
بوٹ	bˈuːʈ
بوٹنی	bˈɔːʈni
بوڑھا	bˈuːr.haː
بوڑھے	bˈuːr.heː
بوکاریسٹ	bˌoːkaːrˈiːsʈ
بوگی	bˈoːɡi
بویریا	baʋˈiːrjaː
بيزار	beːzˈaːr
بٌ	bˈʌʊn
بُجھایا	bʊɟʰˈaːjaː
بُرج	bˈʊrəɟ
بُو	bˈuː
بِس	bˈɪs
بِھیڑ	bˌɪhəˈiːr.
بْتوں	btˈõː
بْرا	brˈaː
بْزرگ	bzˈʌrəɡ
بْزْرگ	bzrˈʌɡ
بٹ	bˈʌʈ
بٹا	bˈʌʈaː
بٹالینوں	bˌəʈaːlˈiːnõː
بٹس	bˈʌʈəs
بٹن	bˈʌʈən
بٹوے	bˈʌʈʋeː
بپتسما	bˈʌpətˌəsmˌaː
بپتسمہ	bˈʌpətˌəsəma
بپھر	bɪpʰˈar
بچ	bˈʌc
بچا	bˈʌcaː
بچاؤ	bəcˈaːoː
بچائی	bəcˈaːi
بچائیں	bəcˈaːẽː
بچائے	bəcˈaːeː
بچاتا	bəcˈaːtaː
بچالو	bəcˈaːloː
بچانا	bəcˈaːnaː
بچانے	bəcˈaːneː
بچاو	bəcˈaːoː
بچایا	bəcˈaːjaː
بچت	bˈʌcət
بچتا	bˈʌctˌaː
بچنا	bˈʌcnˌaː
بچنے	bˈʌcnˌeː
بچو	bˈʌcoː
بچوں	bˈʌcõː
بچپن	bˈacpan
بچپنا	bˈacpanˌaː
بچھ	bˈɪcʰ
بچھانے	bɪcʰˈaːneː
بچھے	bˈɪcʰeː
بچہ	bˈʌca
بچی	bˈʌci
بچے	bˈʌceː
بڈھا	bˈʊɖʰaː
بڈھے	bˈʊɖʰeː
بڈی	bˈʌɖi
بڑ	bˈʌr.
بڑا	bˈʌr.aː
بڑوں	bˈʌr.õː
بڑپپن	bˈʌr.əpˌəpən
بڑھ	bˈar.h
بڑھا	bˈar.haː
بڑھائے	bˈar.haːˌeː
بڑھاتا	bˈar.haːtˌaː
بڑھانے	bˈar.haːnˌeː
بڑھاپے	bˈar.haːpˌeː
بڑھتا	bˈar.htaː
بڑھتی	bˈar.hti
بڑھتے	bˈar.hteː
بڑھنے	bˈar.hneː
بڑھو	bˈar.hoː
بڑھی	bˈar.hi
بڑھیا	bˈar.hjaː
بڑھیں	bˈar.hẽː
بڑھے	bˈar.heː
بڑی	bˈʌr.i
بڑے	bˈʌr.eː
بک	bˈʌk
بکا	bˈʌkaː
بکاؤ	bəkˈaːoː
بکارا	bəkˈaːraː
بکاراٹ	bˌəkaːrˈaːʈ
بکتر	bˈaktar
بکتے	bˈʌktˌeː
بکثرت	bakˈasrat
بکرا	bˈʌkrˌaː
بکرم	bˈakram
بکری	bˈʌkrˌiː
بکس	bˈaks
بکسوا	bəkˈʌsʋaː
بکنگ	bˈʊkɪnɡ
بکوا	bˈɪkʋaː
بکواس	bəkʋˈaːs
بکھر	bɪkhˈar
بکھیڑے	bakʰˈeːr.eː
بکی	bˈʌki
بگ	bˈʌɡ
بگاڑ	bɪɡˈaːr.
بگاڑلو	bɪɡˈaːr.loː
بگرام	bˌəɡrˈaːm
بگولے	bəɡˈoːleː
بگڑتے	bɪɡˈar.teː
بھئی	bʰˈʌi
بھائی	bʰˈaːi
بھائیو	bʰaːˈeːoː
بھائیوں	bʰˈaːiˌõː
بھاری	bʰˈaːri
بھال	bʰˈaːl
بھالو	bʰˈaːluː
بھانت	bʰˈaːnt
بھانجا	bʰˈaːnɟaː
بھاپ	bʰˈaːp
بھاڑ	bʰˈaːr.
بھاگ	bʰˈaːɡ
بھاگا	bʰˈaːɡaː
بھاگتا	bʰˈaːɡtˌaː
بھاگتیں	bʰˈaːɡtĩː
بھاگنے	bʰˈaːɡnˌeː
بھاگو	bʰˈaːɡoː
بھاگے	bʰˈaːɡeː
بھتیجا	bʰətˈiːɟaː
بھتیجے	bʰətˈiːɟeː
بھر	bʰˈʌr
بھرا	bʰˈʌraː
بھرتی	bʰˈʌrtˌiː
بھرنے	bʰˈʌrnˌeː
بھرو	bʰˈʌroː
بھروسا	bʰərˈoːsaː
بھروسہ	bʰərˈoːsˌa
بھرپور	bʰˌarpˈuːr
بھری	bʰˈʌri
بھریں	bʰˈʌrẽː
بھرے	bʰˈʌreː
بھلا	bʰˈʌlaː
بھلائی	bʰəlˈaːi
بھلایا	bʰəlˈaːjaː
بھلہ	bʰˈʌlˌa
بھنا	bʰˈʊnaː
بھنی	bʰˈʌni
بھوت	bʰˈoːt
بھوتوں	bʰˈoːtõː
بھوری	bʰˈoːri
بھول	bhˈuːl
بھولا	bhˈuːlaː
بھولنا	bhˈuːlnaː
بھولو	bhˈuːloː
بھولی	bhˈuːli
بھولیں	bhˈuːlẽː
بھون	bʰaʋˈan
بھونچال	bʰˈoːncaːl
بھونک	bʰˈoːnk
بھوک	bhˈuːk
بھوکا	bhˈuːkaː
بھوکمپ	bhˈuːkmp
بھوکمپیی	bhˈuːkmpji
بھوکے	bhˈuːkeː
بھٹو	bʰˈʊʈoː
بھٹک	bʰˈʌʈək
بھٹکا	bʰˈʌʈkˌaː
بھٹکاتے	bʰˌəʈkˈaːteː
بھکاری	bʰɪkˈaːri
بھگاؤ	bʰəɡˈaːoː
بھگت	bʰˈʌɡət
بھگتنا	bʰˈʌɡətnaː
بھگتے	bʰˈʌɡtˌeː
بھگو	bʰˈɪɡoː
بھگوان	bʰəɡʋˈaːn
بھی	bʰˈiː
بھیانک	bʰjˈaːnək
بھیج	bʰˈeːɟ
بھیجا	bʰˈeːɟaː
بھیجتا	bʰˈeːɟtˌaː
بھیجنا	bʰˈeːɟnˌaː
بھیجنے	bʰˈeːɟnˌeː
بھیجو	bʰˈeːɟoː
بھیجی	bʰˈeːɟi
بھیجیں	bʰˈeːɟẽː
بھیجے	bʰˈeːɟeː
بھیس	bʰˈeːs
بھیڑ	bʰˈeːr.
بھیڑیا	bʰˈeːr.jaː
بھیڑیوں	bʰˈeːr.iˌõː
بھیک	bhˈiːk
بھیگ	bhˈiːɡ
بہ	bˈa
بہا	bˈʌhaː
بہاتے	bəhˈaːteː
بہادر	bahˈaːdʊr
بہادری	bahˈaːdʊrˌiː
بہار	bəhˈaːr
بہانا	bəhˈaːnaː
بہانہ	bəhˈaːnˌa
بہانے	bəhˈaːneː
بہاو	bəhˈaːoː
بہایا	bəhˈaːjaː
بہبود	bˈɛhbuːd
بہت	bˈahʊt
بہتات	bɔhtˈaːt
بہتان	bɔhtˈaːn
بہتانوں	bɔhtˈaːnõː
بہتر	bɛhtˈar
بہتری	bˈɛhtərˌiː
بہترین	bˈɛhtərˌiːn
بہتی	bˈati
بہتیرا	bɔhtˈeːraː
بہج	bˈɛhɟ
بہر	bahˈar
بہرحال	bˈɛhrəhˌaːl
بہرہ	bˈɛhra
بہرے	bˈɛhreː
بہشت	bˈahɪʃt
بہف	bˈɛhf
بہل	bˈɛhɛl
بہم	bahˈam
بہن	bˈɛhɛn
بہنوں	bˈɛhnõː
بہنے	bˈaneː
بہک	bˈɛhɛk
بہکا	bˈɛhkaː
بہہ	bˈɛha
بہی	bˈʌhi
بہے	bˈʌheː
بی	bˈiː
بیئر	beːˈar
بیاسی	bjˈaːsi
بیان	bajˈaːn
بیانات	bajˈaːnaːt
بیاں	bˈajãː
بیاہتا	bjˈaːhtaː
بیب	bˈeːb
بیبسی	bˈeːbsˌiː
بیبی	bˈeːbi
بیت	bˈeːt
بیتھوون	bˈeːtʰʋoːn
بیج	bˈiːɟ
بیجنگ	bˈeːɟənɡ
بیجوں	bˈiːɟõː
بیر	bˈeːr
بیرل	bˈeːrəl
بیرنگ	bˈeːrənɡ
بیروت	beːrˈoːt
بیرون	beːrˈoːn
بیرونی	beːrˈoːni
بیرکوں	bˈeːrkˌõː
بیس	bˈeːs
بیساکھیوں	beːsˈaːkʰiˌõː
بیسد	bˈeːsəd
بیسمیںٹ	bˌeːsmˈẽʈ
بیشتر	bˈeːʃtar
بیشک	bˈeːʃək
بیضوی	bˈeːzʋi
بیعانہ	bjˈaːnˌa
بیل	bˈeːl
بیلجئیم	bˌeːləɟˈiːm
بیلجیم	bˌeːlɟˈiːm
بیلون	beːlˈoːn
بیلٹ	bˈeːlʈ
بیلچے	bˈeːlcˌeː
بیم	bˈiːm
بیمار	bimˈaːr
بیماری	bimˈaːri
بیماریوں	bimˈaːriˌõː
بیمہ	bˈiːma
بین	bˈeːn
بینائی	binˈaːi
بینوں	bˈiːnõː
بینڈ	bˈeːnɖ
بینڈیج	bˈeːnɖiɟ
بینک	bˈeːnk
بینکاروں	bˌeːnkˈaːrõː
بینکر	bˈeːnəkˌər
بینکرز	bˌeːnəkˈʌrz
بینگ	bˈeːnɡ
بینی	bˈiːni
بینیتو	beːnˈiːtoː
بیوقوف	bˌeːʋaqˈuːf
بیونس	beːˈoːns
بیوپاری	bˌeːoːpˈaːri
بیوکوف	bˌeːoːkˈoːf
بیوکوفی	bˌeːoːkˈoːfi
بیوہ	bˈeːʋˌa
بیوی	bˈiːʋi
بیویاں	bˈiːʋiˌãː
بیویوں	bˈiːʋiˌõː
بیٹ	bˈeːʈ
بیٹا	bˈeːʈaː
بیٹری	bˈeːʈrˌiː
بیٹریاں	beːʈˈʌrjãː
بیٹس	bˈeːʈs
بیٹسمین	bˈɛʈsmɛn
بیٹنگ	beːʈˈɪnɡ
بیٹوں	bˈeːʈõː
بیٹھ	bˈeːʈʰ
بیٹھا	bˈeːʈʰaː
بیٹھتا	bˈeːʈʰtˌaː
بیٹھتیں	bˈeːʈʰtĩː
بیٹھنا	bˈeːʈʰnˌaː
بیٹھنے	bˈeːʈʰnˌeː
بیٹھو	bˈeːʈʰoː
بیٹھی	bˈeːʈʰi
بیٹھیں	bˈeːʈʰẽː
بیٹھے	bˈeːʈʰeː
بیٹی	bˈeːʈi
بیٹیاں	bˈeːʈjãː
بیٹے	bˈeːʈeː
بیپ	bˈeːp
بیپر	bˈeːpər
بیپرواہ	bˌeːprʋˈaːh
بیچ	bˈeːc
بیچا	bˈeːcaː
بیچارا	beːcˈaːraː
بیچاری	beːcˈaːri
بیچتا	bˈeːctˌaː
بیچلر	bˈeːcəlˌər
بیچنے	bˈeːcnˌeː
بیچوں	bˈeːcõː
بیچینی	beːcˈiːni
بیڈروم	bˌeːɖrˈoːm
بیڑے	bˈeːr.eː
بیک	bˈeːk
بیکابو	beːkˈaːboː
بیکار	beːkˈaːr
بیکر	bˈeːkər
بیکس	bˈeːkəs
بیکن	bˈeːkən
بیگ	bˈeːɡ
بیگانے	beːɡˈaːneː
بیں	bˈiːn
بیںچنا	bˈẽcnˌaː
بیہوش	beːhˈoːʃ
بے	bˈeː
بےحوش	beːhˈoːʃ
بےمعنیٰ	beːmˈaːnaː
بےوقوف	beːʋqˈoːf
بےوقوفی	beːʋqˈoːfi
بےکار	beːkˈaːr
بےہوشی	beːhˈoːʃi
ةءِ	ˈɪ
ةاد	ˈaːd
ةادءِ	ˈaːdˌɪ
ةاز	ˈaːz
ةاط	ˈaːt
ةہ	ˈa
ةہج	hˈʌɟ
ت	tˈeː
تءِ	tˈʌɪ
تأ	tˈʌ
تئیس	təˈiːs
تا	tˈaː
تاؤ	tˈaːoː
تائید	taːˈiːd
تاب	tˈaːb
تابوت	taːbˈoːt
تاثر	tˈaːsʊr
تاج	tˈaːɟ
تاجدار	tˌaːɟdˈaːr
تاحیات	tˌaːhajˈaːt
تاخیر	taːxˈiːr
تار	tˈaːr
تارکین	tˌaːrkˈiːn
تاریخ	taːrˈiːx
تاریخی	taːrˈiːxi
تاریک	taːrˈiːk
تازہ	tˈaːzˌa
تازی	tˈaːzi
تازے	tˈaːzeː
تاسلیوں	tasˈalliˌõː
تاش	tˈaːʃ
تال	tˈaːl
تالا	tˈaːlaː
تالاب	taːlˈaːb
تالے	tˈaːleː
تان	tˈaːn
تاوان	taːʋˈaːn
تاکنا	tˈaːknˌaː
تاکہ	tˈaːkeːh
تاہم	taːhˈam
تب	tˈʌb
تبادلوں	təbˈaːdlˌõː
تبادلہ	təbˈaːdəla
تبادلے	təbˈaːdlˌeː
تباہ	təbˈaːh
تباہی	təbˈaːhi
تبدل	tabˈadːʊl
تبدلی	tabˈadːʊlˌiː
تبدیل	tˌəbdˈiːl
تبدیلی	tˌəbdˈiːli
تبدیلیوں	tˌəbdˈiːliˌõː
تبرک	tabˈarʊk
تبسم	tabˈassʊm
تبصرہ	tˈabʂarˌa
تبصم	tabˈaʂʂʊm
تبولی	təbˈoːli
تتربتر	tɪtˈarbɪtˌar
تجارت	tɪɟˈaːrat
تجارتی	tɪɟˈaːratˌiː
تجاست	təɟˈaːst
تجاوز	taɟˈaːʋʊz
تجاویز	tˌəɟaːʋˈiːz
تجاہل	taɟˈaːhʊl
تجبر	taɟˈabːʊr
تجبری	taɟˈabːʊrˌiː
تجدید	tˌəɟdˈiːd
تجربات	taɟˈarbaːt
تجرباتی	taɟˈarbaːtˌiː
تجربہ	taɟˈarba
تجربے	taɟˈarbeː
تجرد	taɟˈarrʊd
تجزیہ	tˈaɟziˌa
تجسس	taɟˈassʊs
تجسم	taɟˈassʊm
تجمل	taɟˈammʊl
تجوری	tɪɟˈoːri
تجوز	taɟˈaʋʋʊz
تجویز	təɟʋˈiːz
تجھ	tˈʊɟ
تجھی	tˈʊɟʰi
تجھے	tˈʊɟʰeː
تحائف	təhˈaɪf
تحت	tˈɛhɛt
تحرک	tahˈarrʊk
تحریر	tɛhrˈiːr
تحریری	tɛhrˈiːri
تحریک	tˌeːhrˈiːk
تحس	tˈɛhɛs
تحفظ	tahˈafʊʐ
تحفہ	tˈɔːfa
تحفے	tˈɔhfeː
تحقیق	tˌɛhqˈiːq
تحقیقات	tˌɛhqˈiːqaːt
تحلیل	tɛhlˈiːl
تحمل	tahˈamʊl
تحول	təhˈoːl
تحویل	təhʋˈiːl
تخبوہیتا	tˌəxbuːhˈiːtaː
تخت	tˈʌxt
تختہ	tˈʌxta
تخروپن	tˌəxrˈoːpən
تخرکشک	tˈʌxərˌəkəʃˌək
تخلص	tˈʌxəlˌəʂ
تخلیق	tˌəxlˈiːq
تخمی	tˈʊxmi
تخکرمن	tˈʌxəkˌərəmˌən
تخیل	tˌaxaˈiːjʊl
تدارک	tadˈaːrʊk
تدبر	tadˈabːʊr
تدریس	tˌədrˈiːs
تدفین	tˌədfˈiːn
تدویر	tədʋˈiːr
تدویروں	tədʋˈiːrõː
تذبذب	tazˈabzʊb
تذلذل	tazˈalzʊl
تذلل	tazˈallul
تذکرے	tˈazkɪrˌeː
تر	tˈʌr
ترازو	tarˈaːzuː
تربتر	tˈarbtar
تربیت	tˈarbiˌat
تربیتی	tˈarbiˌati
ترتیب	tˌərtˈiːb
ترجمان	tˈarɟˌʊmaːn
ترجمہ	tˈarɟˌʊma
ترجمے	tˈarɟˌʊmeː
ترجیح	tˌərɟˈiːh
ترجیحا	tˌərɟˈiːhaː
ترجیحات	tˌərɟihˈaːt
تردد	tarˈadːʊd
ترس	tˈʌrəs
ترسی	tˈʌrsˌiː
ترسیل	tˌərsˈiːl
ترش	tˈʊrʃ
ترقی	tarˈaqi
ترمیم	tˌərmˈiːm
ترنم	tarˈannʊm
ترک	tˈark
ترکون	tˌərkˈuːn
ترکوں	tˈʌrkˌõː
ترکی	tˈʊrki
ترکیبی	tˌərkˈiːbi
ترین	tərˈiːn
تزئین	tˌəzˈiːn
تساہل	tasˈaːhʊl
تسبیح	tˌəsbˈiːh
تسلسل	tasˈalsˌʊl
تسلط	tasˈallʊt
تسلی	tasˈalli
تسلیم	tˌəslˈiːm
تسمہ	tˈʌsəma
تشبیہ	tˈaʃbih
تشخص	taʃˈaxxʊʂ
تشخیص	tˌəʃxˈiːʂ
تشدد	taʃˈadʊd
تشرف	taʃˈarrʊf
تشریح	tˌəʃrˈiːh
تشریف	tˌəʃrˈiːf
تشطط	taʃˈatːʊt
تشفی	taʃˈaffi
تشنج	taʃˈannʊɟ
تشنجی	taʃˈannʊɟˌiː
تشنگی	tˈaʃnaɡˌiː
تشنگیاں	tˈaʃnaɡˌiãː
تشویش	təʃʋˈiːʃ
تشکر	taʃˈakːʊr
تشکل	taʃˈakːʊl
تشکک	taʃˈakːʊk
تشکیل	tˌəʃkˈiːl
تصادم	taʂˈaːdʊm
تصاویر	tˌəʂaːʋˈiːr
تصدق	taʂˈadːʊq
تصدیق	tˌəʂdˈiːq
تصرف	taʂˈarrʊf
تصور	taʂˈaʋʋʊr
تصوف	taʂˈaʋʋʊf
تصوفی	taʂˈaʋʋʊfˌiː
تصویر	təʂʋˈiːr
تعارف	tˈaːrəf
تعاقب	tˈaːqʊb
تعالی	tˈaːli
تعاملات	tˌaːməlˈaːt
تعاون	tˈaːʋʊn
تعجب	tˈaːɟəb
تعداد	tˈaːdaːd
تعدد	tˈaːdəd
تعرض	tˈaːrʊz
تعرف	tˈaːrʊf
تعرفی	tˈaːrʊfˌiː
تعریف	tˈaːrif
تعزیتی	tˈaːziˌati
تعطل	tˈaːtʊl
تعلق	tˈaːlʊq
تعلقات	tˈaːlʊqˌaːt
تعلیم	tˈaːlim
تعمیر	tˈaːmir
تعمیرات	tˈaːmiraːt
تعمیراتی	tˈaːmirˌaːti
تعمیرکرکے	tˈaːmirˌəkərkeː
تعمیل	tˈaːmil
تعویذ	taːʋˈiːz
تعین	tˈaːjʊn
تعینات	tˈaːjʊnˌaːt
تعیناتی	tˌainˈaːti
تعیں	taːˈiːn
تغافل	taɣˈaːfʊl
تفتشی	tˈʌfətʃi
تفتشیش	tˌəfətʃˈiːʃ
تفتیش	tˌəftˈiːʃ
تفتیشی	tˌəftˈiːʃi
تفخر	tafˈaxxʊr
تفریح	tˌəfrˈiːh
تفریحی	tˌəfrˈiːhi
تفصیل	tˌəfʂˈiːl
تفصیلات	tˌəfʂˌiːlˈaːt
تفصیلی	tˌəfʂˈiːli
تفویض	təfʋˈiːz
تفکر	tafˈakːʊr
تفہیم	tˌəfhˈiːm
تقاضہ	təqˈaːzˌa
تقدم	taqˈadːʊm
تقدیر	tˌəqdˈiːr
تقرب	taqˈarrʊb
تقرر	taqˈarʊr
تقریب	tˌəqrˈiːb
تقریبا	tˌəqrˈiːbaː
تقریبات	tˌəqrˌiːbˈaːt
تقریباً	tˌəqrˌiːbˈan
تقریر	tˌəqrˈiːr
تقسیم	tˌəqsˈiːm
تقصانات	tˌəqʂˌaːnˈaːt
تقطیع	tˈʌqtˌiː
تقویت	tˈaqʋiˌat
تقویتی	tˈaqʋiˌati
تلاش	təlˈaːʃ
تلاشی	təlˈaːʃi
تلاشیاں	təlˈaːʃjãː
تلافی	təlˈaːfi
تلاوت	təlˈaːʋət
تلخ	tˈalx
تلفظ	talˈaffʊʐ
تلوار	təlʋˈaːr
تلواروں	təlʋˈaːrõː
تلواریں	təlʋˈaːrẽː
تلی	tˈʌli
تم	tˈʊm
تمارا	təmˈaːraː
تماشا	təmˈaːʃaː
تمام	təmˈaːm
تمباکو	təmbˈaːkoː
تمبو	tˈambuː
تمبیہ	tambˈih
تمدد	tamˈadːʊd
تمدن	tamˈadːʊn
تمدنی	tamˈadːunˌiː
تمسخر	tamˈasxʊr
تمسک	tamˈassʊk
تمسکی	tamˈassʊkˌiː
تمغہ	tˈamɣa
تمنا	tamˈannaː
تمکنت	tˈamkɪnˌat
تمھیں	tˈʊmhẽː
تمہارا	tˈʊmhaːrˌaː
تمہاراتعلق	tˈʊmhaːrˌaːtaːlˌəq
تمہاری	tˈʊmhaːrˌiː
تمہارے	tˈʊmhaːrˌeː
تمہورے	tˈʊmhuːrˌeː
تمہيں	tˈʊmhẽː
تمہیل	tˈamhil
تمہیم	tˈamhim
تمہیں	tˈʊmhẽː
تمیز	təmˈiːz
تن	tˈʌn
تناؤ	tənˈaːoː
تنازع	tanˈaːza
تنازعات	tˌənaːzˈaːt
تنازعہ	tˌənaːzˈaːa
تناسب	tanˈaːsʊb
تناسل	tanˈaːsʊl
تناسْب	tənˈaːsb
تناظر	tanˈaːʐʊr
تنبیہ	tˈanbih
تنبیہہ	tənbˈiːhəˌa
تنتر	tˈantr
تنترک	tˈantrɪk
تنخواہ	tˌənxʋˈaːh
تند	tˈʊnd
تندرست	tˈandʊrˌʊst
تندرستی	tˈandʊrˌʊsti
تنزل	tanˈazzʊl
تنزلی	tanˈazʊlˌiː
تنزیہ	tˌənzˈiːa
تنصیب	tˌənʂˈiːb
تنظم	tanˈaʐʐʊm
تنظیم	tˌənʐˈiːm
تنظیموں	tˌənʐˈiːmõː
تنظیمِ	tˌənʐˌiːmˈeː
تنفر	tanˈaffʊr
تنفس	tanˈaffʊs
تنفسی	tanˈaffʊsˌiː
تنفض	tanˈaffʊz
تنقید	tˌənqˈiːd
تنوع	tanˈaʋo
تنگ	tˈʌnɡ
تنگاوالا	tˌənɡaːʋˈaːlaː
تنہا	tˈʌnhˌaː
تنہائی	tˌənhˈaːi
تنے	tˈʌneː
تو	tˈoː
تواتر	taʋˈaːtʊr
توازن	taʋˈaːzʊn
توانائی	tˈaʋaːnˌaːi
توبہ	tˈoːbˌa
توثیقی	toːsˈiːqi
توجہ	taʋˈaɟoː
توجیہ	toːɟˈiːh
تورا	tˈoːraː
تورات	tˌoːrˈaːt
توری	tˈoːri
توسط	taʋˈassʊt
توسیع	tˈoːsi
توسیعی	toːsˈiːi
توقع	taʋˈaqoː
توقعات	tˌaʋaqoːˈaːt
توقف	taʋˈaqːʊf
تول	tˈoːl
تولیدی	toːlˈiːdi
تولیہ	toːlˈiːa
تولیے	tˈoːljeː
تومعلوم	toːmˈaːluːm
تومیں	tˈoːmẽː
تونہیں	tˈoːnhˌẽː
تونے	tˈoːneː
توپ	tˈoːp
توپاک	toːpˈaːk
توڑ	tˈoːr.
توڑا	tˈoːr.aː
توڑنا	tˈoːr.nˌaː
توڑنے	tˈoːr.nˌeː
توڑو	tˈoːr.oː
توک	tˈoːk
توکل	taʋˈakːʊl
توکیا	tˈoːkjaː
توگئے	toːɡˈaeː
توہین	toːhˈiːn
تُبّع	tˈʊbːaː
تٹرکشک	tˈʌʈərˌəkəʃˌək
تپتے	tˈʌptˌeː
تپش	tˈapɪʃ
تپپڑ	tˈʌpəpˌər.
تک	tˈʌk
تکالیف	tˌəkaːlˈiːf
تکان	təkˈaːn
تکبر	takˈabːʊɾ
تکلف	takˈallʊf
تکلفی	takˈallʊfˌiː
تکلم	takˈallʊm
تکلیف	tˌəklˈiːf
تکلیفیں	tˌəklˈiːfẽː
تکمل	takˈammʊl
تکمیل	tˌəkmˈiːl
تکنیکی	tˌəknˈiːki
تکور	təkˈoːr
تکڑے	tˈʌkr.ˌeː
تکی	tˈʌki
تھا	tʰˈaː
تھام	tʰˈaːm
تھامس	tʰˈaːməs
تھاموں	tʰˈaːmõː
تھاپ	tʰˈaːp
تھرتھری	tʰˈʌrətʰri
تھرمل	tʰˈʌrəmˌəl
تھرمین	tʰˌərmˈiːn
تھرو	tʰˈʌroː
تھرٹی	tʰˈʌrʈi
تھریڈنگ	tʰərˈiːɖɪnɡ
تھلگ	tʰˈʌləɡ
تھم	tʰˈʌm
تھنڈر	tʰˈʌnɖər
تھوڑا	tʰˈoːr.aː
تھوڑی	tʰˈoːr.i
تھوڑے	tʰˈoːr.eː
تھوکتا	tʰˈoːktˌaː
تھوکتے	tʰˈoːktˌeː
تھپتھپائیں	tʰˌəpətʰpˈaːẽː
تھک	tʰˈʌk
تھکا	tʰˈʌkaː
تھکائیں	tʰəkˈaːẽː
تھکانے	tʰəkˈaːneː
تھکاوٹ	tʰəkˈaːʋəʈ
تھکن	tʰˈʌkən
تھکی	tʰˈʌki
تھکے	tʰˈʌkeː
تھی	tʰˈi
تھیئٹر	tʰeːˈɪʈər
تھیلے	tʰˈeːleː
تھیورو	tʰeːˈoːroː
تھیٹر	tʰˈeːʈər
تھیں	tʰˈĩː
تھے	tʰˈeː
تہ	tˈa
تہا	tˈʌhaː
تہائی	təhˈaːi
تہارا	təhˈaːraː
تہارے	təhˈaːreː
تہذیب	tɛhzˈiːb
تہذیبیں	tɛhzˈiːbẽː
تہمینہ	tˈɛhmina
تہوار	təhʋˈaːr
تہھانے	tˌəhhəˈaːneː
تہہ	tˈɛh
تہیں	tˈʌhẽː
تیار	tˌaiˈaːr
تیاری	tˌaiˈaːri
تیج	tˈeːɟ
تیر	tˈeːr
تیرا	tˈeːraː
تیری	tˈeːri
تیرے	tˈeːreː
تیز	tˈeːz
تیزی	tˈeːzi
تیس	tˈiːs
تیسرا	tˈiːsraː
تیسری	tˈiːsri
تیسرے	tˈiːsreː
تیل	tˈeːl
تیلا	tˈeːlaː
تیمتیس	tˌeːmtˈiːs
تیمم	tajˈammʊm
تیمور	teːmˈoːr
تین	tˈiːn
تینوں	tinˈoːn
تیونس	tjˈuːnɪs
تے	tˈeː
ث	sˈeː
ثءز	sˈʌz
ثءِ	sˈʌɪ
ثؤ	sˈʌoː
ثابت	sˈaːbɪt
ثانی	sˈaːni
ثبوت	sʊbˈuːt
ثقافت	səqˈaːfət
ثقافتی	səqˈaːftˌiː
ثمود	səmˈoːd
ثواب	saʋˈaːb
ثيودوسيوس	sˌeːoːdˌoːseːˈoːs
ثہ	sˈʌa
ثے	sˈeː
ج	ɟˈiːm
جأئ	ɟˈʌ
جؤ	ɟˈʌoː
جا	ɟˈaː
جاؤ	ɟˈaːoː
جاؤنگا	ɟaːˈoːnɡˌaː
جاؤں	ɟaːˈoːn
جائز	ɟˈaɪz
جائزوں	ɟˈaɪzõː
جائزہ	ɟˈaɪzˌa
جائيں	ɟˈaːẽː
جائیداد	ɟˌaːidˈaːd
جائیدادوں	ɟˌaːidˈaːdõː
جائینگے	ɟaːˈiːnɡˌeː
جائیں	ɟˈaːẽː
جائے	ɟˈaːeː
جاب	ɟˈaːb
جات	ɟˈaːt
جاتا	ɟˈaːtaː
جاتاہے	ɟaːtˈaːheː
جاتی	ɟˈaːti
جاتیں	ɟˈaːtĩː
جاتے	ɟˈaːteː
جادو	ɟˈaːduː
جادوگر	ɟˌaːduːɡˈar
جادوگرنی	ɟˌaːduːɡˈarni
جادوگری	ɟˌaːduːɡˈari
جاذب	ɟˈaːzɪb
جارج	ɟˈaːrɟ
جارحانہ	ɟˌaːrɪhˈaːnˌa
جارحیت	ɟˌaːrɪhiˈat
جارڈ	ɟˈaːrɖ
جارہا	ɟˈaːrhˌaː
جارہاہوں	ɟˌaːrhˈaːhõː
جارہی	ɟˈaːrhˌiː
جارہے	ɟˈaːrhˌeː
جاری	ɟˈaːri
جاز	ɟˈaːz
جاسوس	ɟaːsˈuːs
جاسوسی	ɟaːsˈuːsi
جاسکتا	ɟaːsˈaktaː
جاسکتی	ɟaːsˈakti
جاسکتیں	ɟaːsˈaktĩː
جاسکتے	ɟaːsˈakteː
جام	ɟˈaːm
جامد	ɟˈaːmɪd
جامنی	ɟˈaːmnˌiː
جان	ɟˈaːn
جانا	ɟˈaːnaː
جانب	ɟˈaːnɪb
جانباز	ɟˈaːnɪbˌaːz
جانبدار	ɟˈaːnɪbdˌaːr
جانبر	ɟˈaːnbar
جانتا	ɟˈaːntˌaː
جانتی	ɟˈaːntˌiː
جانتیں	ɟˈaːntˌẽː
جانتے	ɟˈaːntˌeː
جانسن	ɟˈaːnsən
جاننا	ɟˈaːnnˌaː
جاننے	ɟˈaːnnˌeː
جانور	ɟˈaːnʋar
جانوراں	ɟˈaːnʋarˌãː
جانوروں	ɟˈaːnʋarˌõː
جانوں	ɟˈaːnõː
جانِ	ɟˌaːnˈeː
جانچ	ɟˈaːnc
جانی	ɟˈaːni
جانیں	ɟˈaːnẽː
جانے	ɟˈaːneː
جانےوالا	ɟˌaːneːʋˈaːlaː
جاو	ɟˈaːoː
جاواور	ɟˌaːʋaːˈoːr
جاوگی	ɟˈaːʋɡˌiː
جاوں	ɟˈaːõː
جاوید	ɟaːʋˈeːd
جاپان	ɟaːpˈaːn
جاپانی	ɟaːpˈaːni
جاکر	ɟˈaːkər
جاگ	ɟˈaːɡ
جاگتے	ɟˈaːɡtˌeː
جاگنا	ɟˈaːɡnˌaː
جاگو	ɟˈaːɡoː
جاگی	ɟˈaːɡi
جاگیر	ɟaːɡˈiːr
جاگیردار	ɟaːɡˈiːrdaːr
جاںگھیا	ɟˈãːɡʰjaː
جاہ	ɟˈaːh
جاہتی	ɟˈaːhti
جاہل	ɟˈaːhəl
جاہیں	ɟˈaːhẽː
جایئے	ɟaːjˈaeː
جایا	ɟˈaːjaː
جب	ɟˈʌb
جبت	ɟˈʌbət
جبر	ɟˈabr
جبرائیل	ɟˌəbraːˈiːl
جبلت	ɟɪbˈɪllat
جبڑوں	ɟˈʌbr.ˌõː
جبڑے	ɟˈʌbr.ˌeː
جبکہ	ɟˌabkˈeːh
جبیں	ɟˈabĩː
جتا	ɟˈʌtaː
جتاؤں	ɟˌətaːˈoːn
جتاتیں	ɟatˈaːtĩː
جتنا	ɟˈɪtnaː
جتنی	ɟˈɪtni
جتنے	ɟˈɪtneː
جتھا	ɟˈʌtʰaː
جج	ɟˈʌɟ
ججوں	ɟˈʌɟõː
جدت	ɟɪdːˈat
جدوجہد	ɟədˈoːɟəhˌəd
جدید	ɟədˈiːd
جذب	ɟˈaðb
جذبات	ɟˈaðbaːt
جذباتی	ɟˈaðbaːtˌiː
جذبہ	ɟˈaðba
جذبے	ɟˈaðbeː
جرائم	ɟərˈaɪm
جراب	ɟərˈaːb
جرات	ɟʊrˈat
جراتمند	ɟˌəraːtəmˈʌnd
جرسی	ɟˈʌrsˌiː
جرم	ɟˈʊrm
جرمن	ɟˈarman
جرمنوں	ɟˈʌrəmnõː
جرمنی	ɟˈarmanˌi
جرموں	ɟˈʊrmõː
جرمی	ɟˈʌrmˌiː
جرنل	ɟˈarnal
جرنلزم	ɟˈarnalˌɪzam
جرنلسٹ	ɟˈarnalˌɪsʈ
جرک	ɟˈʌrək
جز	ɟˈʊz
جزائر	ɟəzˈaɪr
جزو	ɟˈʊzʋ
جزوی	ɟˈʊzʋi
جزیرہ	ɟəzˈiːrˌa
جزیرے	ɟəzˈiːreː
جس	ɟˈɪs
جستجو	ɟˈʊstˌʊɟuː
جسم	ɟˈɪsm
جسمانی	ɟɪsmˈaːni
جسموں	ɟˈɪsmõː
جسٹس	ɟˈasʈˌɪs
جسٹن	ɟˈʌsʈən
جسکا	ɟˈʌskˌaː
جسکے	ɟˈʌskˌeː
جسہ	ɟˈʊssa
جسے	ɟˈɪseː
جشن	ɟˈaʃn
جعل	ɟˈaːl
جعلی	ɟˈaːli
جل	ɟˈʌl
جلا	ɟˈʌlaː
جلاد	ɟəlˈaːd
جلادیا	ɟˌəlaːdˈiːaː
جلال	ɟəlˈaːl
جلانے	ɟəlˈaːneː
جلاوطن	ɟəlˈaːʋətˌən
جلاوطنی	ɟəlˈaːʋətni
جلتا	ɟˈʌltˌaː
جلتی	ɟˈʌltˌiː
جلد	ɟˈald
جلدی	ɟˈʌldˌiː
جلسے	ɟˈʌlsˌeː
جللاد	ɟˌəllˈaːd
جلن	ɟˈʌlən
جلنے	ɟˈʌlnˌeː
جلو	ɟˈʌloː
جلوگی	ɟəlˈoːɡi
جلوہ	ɟˈalʋa
جلّاد	ɟəllˈaːd
جلے	ɟˈʌleː
جم	ɟˈʌm
جمائیکا	ɟˌəmaːˈiːkaː
جماتی	ɟəmˈaːti
جماعت	ɟamˈaːt
جمالیاتی	ɟəmˈaːljaːtˌiː
جمشید	ɟˈamʃeːd
جمشیدی	ɟˈamʃeːdˌiː
جمع	ɟˈʌmaː
جمعرات	ɟˌʊmeːrˈaːt
جمعہ	ɟˈʊmaː
جمعے	ɟˈʊmeː
جمود	ɟəmˈoːd
جمپنگ	ɟˈʌmpɪnɡ
جمہوری	ɟˌəmhˈuːri
جمہوریت	ɟˌəmhˌuːriˈat
جمہوریہ	ɟˌəmhuːrˈiːa
جن	ɟˈɪn
جناب	ɟənˈaːb
جنات	ɟˈɪnaːt
جنازوں	ɟənˈaːzõː
جنازہ	ɟənˈaːzˌa
جنازے	ɟənˈaːzeː
جنت	ɟanˈat
جنتا	ɟˈantaː
جنرل	ɟˈanral
جنریٹر	ɟˌənrˈiːʈər
جنریٹرز	ɟˌənriʈˈʌrz
جنس	ɟˈɪns
جنسی	ɟˈɪnsi
جنم	ɟˈʌnəm
جنوب	ɟʊnˈuːb
جنوبی	ɟʊnˈuːbi
جنوری	ɟˈanʋarˌiː
جنون	ɟʊnˈuːn
جنونی	ɟʊnˈuːni
جنگ	ɟˈʌnɡ
جنگجو	ɟˈanɡɟuː
جنگجوؤں	ɟˈanɡɟuːˌoːn
جنگل	ɟˈʌnəɡˌəl
جنگلی	ɟˈʌnəɡli
جنگوں	ɟˈʌnɡˌõː
جنگی	ɟˈʌnɡˌiː
جنگیں	ɟˈʌnɡˌẽː
جنھوں	ɟɪnhˈoːn
جنھیں	ɟˌɪnhˈeːn
جنہوں	ɟˈʌnhˌõː
جنہيں	ɟˈʌnhˌẽː
جنہیں	ɟˈʌnhˌẽː
جنید	ɟʊnˈeːd
جنیوا	ɟənˈeːʋaː
جو	ɟˈoː
جوئی	ɟˈoːi
جوا	ɟˈaʋaː
جواب	ɟˈaʋaːb
جوابات	ɟˈaʋaːbaːt
جوابدہ	ɟˈaʋaːbda
جوابی	ɟˈaʋaːbˌiː
جواز	ɟˈaʋaːz
جوان	ɟˈaʋaːn
جوانوں	ɟˈaʋaːnˌõː
جوانی	ɟˈaʋaːnˌiː
جواگر	ɟˈaʋaːɡˌər
جواہرات	ɟˈaʋaːhˌərˌaːt
جوتا	ɟˈoːtaː
جوتوں	ɟˈoːtõː
جوتے	ɟˈoːteː
جورن	ɟˈoːrən
جوری	ɟˈoːri
جوزف	ɟˈoːzəf
جوزفین	ɟˌoːzfˈiːn
جوش	ɟˈoːʃ
جولائی	ɟoːlˈaːi
جولی	ɟˈoːli
جولیا	ɟˈoːljaː
جون	ɟˈuːn
جوناتھن	ɟoːnˈaːtʰən
جونک	ɟˈoːnək
جونیئر	ɟˌoːniˈar
جوڑا	ɟˈoːr.aː
جوڑتوڑ	ɟˌoːr.tˈoːr.
جوڑی	ɟˈoːr.i
جوڑے	ɟˈoːr.eː
جوکر	ɟˈoːkər
جوکہ	ɟˈoːkˌa
جوہان	ɟoːhˈaːn
جوہانا	ɟoːhˈaːnaː
جوہانس	ɟoːhˈaːns
جوہر	ɟˈoːhər
جوہری	ɟˈoːhri
جَلنے	ɟˈalnˌeː
جڑ	ɟˈʌr.
جڑواں	ɟˈʊr.ʋãː
جڑیں	ɟˈʌr.ẽː
جڑے	ɟˈʌr.eː
جکڑ	ɟˈʌkər.
جکڑا	ɟˈʌkr.ˌaː
جگ	ɟˈʌɡ
جگائے	ɟəɡˈaːeː
جگر	ɟɪɡˈar
جگری	ɟˈɪɡri
جگل	ɟʊɡˈal
جگنو	ɟˈʊɡnuː
جگہ	ɟˈʌɡˌa
جگہوں	ɟˈʌɡhˌõː
جگہیں	ɟˈʌɡhˌẽː
جھاڑ	ɟʰˈaːr.
جھاڑو	ɟʰˈaːr.oː
جھاڑیوں	ɟʰˈaːr.iˌõː
جھاگ	ɟʰˈaːɡ
جھجوڑ	ɟʰˈanɟoːr.
جھجھک	ɟʰˈʌɟʰək
جھلس	ɟʰʊlˈas
جھلک	ɟʰˈʌlək
جھنڈا	ɟʰˈʌnɖaː
جھنڈوں	ɟʰˈʌnɖõː
جھنڈے	ɟʰˈʌnɖeː
جھولی	ɟʰˈoːli
جھونپڑی	ɟʰˈoːnpər.ˌiː
جھونک	ɟʰˈoːnək
جھوٹ	ɟʰˈuːʈ
جھوٹا	ɟʰˈuːʈaː
جھوٹوں	ɟʰˈuːʈõː
جھوٹی	ɟʰˈuːʈi
جھوٹے	ɟʰˈuːʈeː
جھٹ	ɟʰˈʌʈ
جھٹلا	ɟʰˈʌʈlˌaː
جھٹلایا	ɟʰˌəʈlˈaːjaː
جھٹکا	ɟʰˈʌʈkˌaː
جھٹکوں	ɟʰˈʌʈkˌõː
جھٹکے	ɟʰˈʌʈkˌeː
جھپٹا	ɟʰˈʌpʈˌaː
جھکا	ɟʰˈʊkaː
جھکاو	ɟʰʊkˈaːoː
جھکتا	ɟʰˈʊktaː
جھکی	ɟʰˈʊki
جھگڑا	ɟʰˈʌɡr.ˌaː
جھگڑے	ɟʰˈʌɡr.ˌeː
جھیل	ɟʰˈeːl
جہاد	ɟɪhˈaːd
جہاز	ɟəhˈaːz
جہازوں	ɟəhˈaːzõː
جہالت	ɟəhˈaːlət
جہاندیدہ	ɟəhˈaːndidˌa
جہانوں	ɟəhˈaːnõː
جہاں	ɟˈʌhãː
جہت	ɟˈɛhɛt
جہتی	ɟˈɛhɛt
جہج	ɟˈɛhɟ
جہل	ɟˈɛhɛl
جہنم	ɟahˈannʊm
جہیز	ɟahˈeːz
جی	ɟˈiː
جیئم	ɟeːˈɪm
جیب	ɟˈeːb
جیت	ɟˈiːt
جیتا	ɟˈiːtaː
جیتتا	ɟˈiːttaː
جیتنے	ɟˈiːtneː
جیج	ɟˈeːɟ
جیسا	ɟˈeːsaː
جیسمین	ɟˌeːsmˈiːn
جیسوں	ɟˈeːsõː
جیسی	ɟˈeːsi
جیسیکا	ɟeːsˈiːkaː
جیسے	ɟˈeːseː
جیل	ɟˈeːl
جیم	ɟˈeːm
جیمز	ɟˈeːməz
جین	ɟˈeːn
جینا	ɟˈiːnaː
جینرو	ɟˈeːnrˌoː
جینز	ɟˈiːnz
جینس	ɟˈiːns
جینٹلمین	ɟˈeːnʈɪlmˌeːn
جینی	ɟˈiːni
جینیاتی	ɟˈeːnjaːtˌiː
جینے	ɟˈiːneː
جیو	ɟˈeːoː
جیٹ	ɟˈeːʈ
جیپ	ɟˈeːp
جیپی	ɟˈeːpi
جیپیایس	ɟˈeːpjaːˌiːs
جیڈ	ɟˈeːɖ
جیک	ɟˈeːk
جیکروں	ɟˈeːkrˌõː
جیکسن	ɟˈeːkəsˌən
جیکٹ	ɟˈeːkɪʈ
جے	ɟˈeː
حءض	hˈʌz
حءِ	hˈʌɪ
حءّ	hˈʌː
حأ	hˈʌ
حادثات	hˌaːdɪsˈaːt
حادثہ	hˈaːdsa
حادثے	hˈaːdsˌeː
حار	hˈaːr
حاسل	hˈaːsɪl
حاصل	hˈaːʂɪl
حاضر	hˈaːzər
حافظ	hˈaːfɪʐ
حال	hˈaːl
حالات	hˌaːlˈaːt
حالانکہ	haːlˈaːnkeː
حالت	hˈaːlət
حالیہ	haːlˈiːa
حامد	hˈaːmɪd
حامل	hˈaːmɪl
حاملہ	hˈaːməla
حامی	hˈaːmi
حب	hˈʌb
حبس	hˈabs
حبیب	həbˈiːb
حتمی	hˈʌtmˌiː
حتی	hˈʌti
حتیٰ	hˈʌtaː
حجاب	hɪɟˈaːb
حجت	hʊɟˈat
حجر	hˈaɟr
حجوم	hʊɟˈuːm
حد	hˈʌd
حدت	hɪdˈat
حدود	hʊdˈuːd
حدیں	hˈʌdẽː
حذف	hˈʌzəf
حرارت	hərˈaːrət
حراست	hˌɪraːsˈat
حرام	hərˈaːm
حرامی	hərˈaːmi
حرج	hˈʌrəɟ
حرس	hˈʌrəs
حرف	hˈarf
حرم	hˈʌrəm
حرمتی	hʊrmˈati
حرمین	hˈarmɛːn
حروف	hʊrˈuːf
حرکات	hˈarkaːt
حرکت	hˈarkat
حرکتوں	hˈarkatˌõː
حزب	hˈɪzb
حزن	hˈʊzn
حس	hˈɪs
حساب	hɪsˈaːb
حساس	həsˈaːs
حسب	hˈasb
حسد	hˈʌsəd
حسن	hˈʊsn
حسنسن	həsˈʌnsən
حسنِ	hˈʊsneː
حسیب	həsˈiːb
حسین	həsˈiːn
حسینہ	həsˈiːnˌa
حشر	hˈaʃr
حصار	hɪʂˈaːr
حصص	hˈɪʂɪʂ
حصول	hʊʂˈuːl
حصوں	hɪʂˈoːn
حصہ	hˈɪʂˌa
حصے	hˈɪʂeː
حضرات	hˌəzərˈaːt
حضرت	hˈazrat
حضور	hʊzˈuːr
حفاظت	hˌɪfaːʐˈat
حفاظتی	həfˈaːʐtˌiː
حفظ	hˈɪfz
حفظان	hˌəfʐˈaːn
حق	hˈʌq
حقائق	həqˈaɪq
حقدار	hˌəqdˈaːr
حقوق	hʊqˈuːq
حقہ	hˈʊqa
حقیر	həqˈiːr
حقیقت	həqˈiːqət
حقیقی	həqˈiːqi
حقے	hˈʊqːeː
حل	hˈʌl
حلف	hˈʌləf
حلقوں	hˈʌlqˌõː
حلقہ	hˈalqa
حلقے	hˈʌlqˌeː
حلمے	hˈʌlmˌeː
حلوہ	həlˈoːa
حلیف	həlˈiːf
حلیے	hˈʊljeː
حماد	həmˈaːd
حماقت	hˌɪmaːqˈat
حمام	həmˈaːm
حمایت	hɪmˈaːjat
حمد	hˈamd
حمزہ	hˈʌməza
حمل	hˈʌməl
حملوں	hˈʌmlˌõː
حملہ	hˈamla
حملے	hˈʌmlˌeː
حوا	hˈaʋaː
حوالات	haʋˈaːlaːt
حوالگی	haʋˈaːlɡi
حوالہ	haʋˈaːla
حوالے	haʋˈaːleː
حوروں	hˈuːrõː
حوریں	hˈuːrẽː
حوصلہ	hˈoːʂəla
حویلی	haʋˈeːli
حَیا	hˈɛaː
حُسن	hˈʊsən
حْرف	hrˈʌf
حْکم	hkˈʌm
حْکّام	hkkˈaːm
حکام	hʊkˈaːm
حکایات	hˌɪkaːjˈaːt
حکم	hˈʊkm
حکمت	hɪkmˈat
حکمرانی	hˌʊkmarˈaːni
حکومت	hˌʊkuːmˈat
حکومتِ	hˌʊkuːmˈatˈeː
حکومتی	hˌʊkuːmˈati
حکیم	həkˈiːm
حہ	hˈʌa
حہج	hˈʌhəɟ
حہخ	hˈʌhəx
حہخہ	hˈʌhəxa
حہْ	hˈʌh
حیثیت	hˌeːsiˈat
حیدر	hˈeːdər
حیران	heːrˈaːn
حیرت	hˈeːrət
حیوان	heːʋˈaːn
حے	hˈeː
خ	xˈeː
خء	xˈʌ
خءِ	xˈʌɪ
خؤ	xˈʌoː
خؤً	xˌəoːˈan
خاتمہ	xˈaːtəma
خاتمے	xˈaːtmˌeː
خاتون	xaːtˈuːn
خادم	xˈaːdɪm
خارج	xˈaːrɪɟ
خارجہ	xˈaːrəɟa
خارجی	xˈaːrɟˌiː
خاص	xˈaːʂ
خاصیت	xˌaːʂiˈat
خاطر	xˈaːtɪr
خالد	xˈaːlɪd
خالص	xˈaːlɪʂ
خالق	xˈaːlɪq
خالی	xˈaːli
خاموش	xaːmˈoːʃ
خاموشی	xaːmˈoːʃi
خامی	xˈaːmi
خامیوں	xˈaːmiˌõː
خان	xˈaːn
خاندان	xˈaːndaːn
خاندانوں	xˈaːndaːnˌõː
خاندانی	xˈaːndaːnˌiː
خانوں	xˈaːnõː
خانہ	xˈaːnˌa
خانے	xˈaːneː
خاکروب	xˌaːkrˈoːb
خاکستر	xaːkˈastar
خاکستری	xaːkˈastarˌiː
خبر	xˈʌbər
خبردار	xabˈardaːr
خبروں	xˈʌbrˌõː
خبریں	xˈʌbrˌẽː
خبط	xˈabt
خبطی	xˈʌbtˌiː
ختم	xˈatm
خد	xˈʌd
خدا	xˈʊdaː
خداؤں	xˌʊdaːˈoːn
خدائی	xʊdˈaːi
خدارا	xʊdˈaːraː
خداوند	xˌʊdaːʋˈand
خداوں	xʊdˈaːõː
خدایا	xʊdˈaːjaː
خدشات	xˈadʃaːt
خدشہ	xˈadʃa
خدمات	xɪdmˈaːt
خدمت	xɪdmˈat
خراب	xərˈaːb
خرابا	xərˈaːbaː
خرابی	xərˈaːbi
خراپن	xərˈaːpən
خرد	xˈʊrd
خردار	xʊrdˈaːr
خردہ	xˈʊrda
خرشید	xʊrʃˈiːd
خرم	xʊrrˈam
خروںچ	xərˈõːc
خرچ	xˈʌrc
خرچے	xˈʌrceː
خرگوش	xˌərɡˈoːʃ
خرید	xərˈiːd
خریدا	xərˈiːdaː
خریداری	xˌəridˈaːri
خریدتا	xərˈiːdtˌaː
خریدتیں	xarˈiːdtĩː
خریدتے	xərˈiːdtˌeː
خریدنا	xərˈiːdnˌaː
خریدنے	xərˈiːdnˌeː
خریدے	xərˈiːdeː
خزانہ	xəzˈaːnˌa
خزانے	xəzˈaːneː
خزاں	xɪzˈaːn
خسروی	xʊsrˈaʋi
خشوع	xˈʊʃuː
خشک	xˈʊʃk
خشکی	xˈʊʃki
خشیاں	xˈʌʃjãː
خصوص	xʊʂˈuːʂ
خصوصی	xʊʂˈuːʂi
خصوصیات	xʊʂˈuːʂiˌaːt
خصوصیت	xˌʊʂuːʂiˈat
خصوصیتوں	xˌʊʂuːʂiˈatõː
خط	xˈʌt
خطاب	xətˈaːb
خطرات	xˈatraːt
خطرناک	xˌətərnˈaːk
خطرہ	xˈatra
خطرے	xˈʌtrˌeː
خطوط	xʊtˈuːt
خطہ	xˈɪta
خطۂ	xɪtˈaeː
خطے	xˈɪteː
خفت	xɪffˈat
خفتگی	xˈaftɡi
خفیہ	xʊfˈiːa
خلا	xˈʌlaː
خلاء	xˈʌlaː
خلاصہ	xəlˈaːʂˌa
خلاف	xɪlˈaːf
خلط	xˈʌlət
خلفشار	xˈalfɪʃˌaːr
خلقت	xˈalqat
خلل	xˈʌləl
خلوت	xɪlʋˈat
خلوص	xəlˈoːʂ
خلیات	xˌəliˈaːt
خلیج	xəlˈiːɟ
خلیل	xəlˈiːl
خمر	xˈʌmər
خمیر	xəmˈiːr
خنجر	xˈʌnɟər
خنکی	xˈʊnki
خو	xˈuː
خوئی	xˈuːi
خوا	xʋˈaː
خواب	xʋˈaːb
خوابوں	xʋˈaːbõː
خواتین	xˌaʋaːtˈiːn
خواجہ	xʋˈaːɟˌa
خواہ	xʋˈaːa
خواہاں	xʋˈaːhãː
خواہش	xʋˈaːhɪʃ
خواہشمند	xʋˈaːhɪʃmˌənd
خوب	xˈuːb
خوبصورت	xˈuːbʂuːrˌat
خوبصورتی	xˈuːbʂuːrˌati
خود	xˈʊd
خودکار	xˈʊdkaːr
خودکش	xˈʊdkʊʃ
خودکشی	xˈʊdkʊʃˌiː
خودکشیوں	xˈʊdkəʃˌiõː
خور	xˈoːr
خوراک	xoːrˈaːk
خوست	xˈoːst
خوش	xˈʊʃ
خوشامد	xˌʊʃaːmˈad
خوشبودار	xˌʊʃbuːdˈaːr
خوشحالی	xˈʊʃhaːlˌiː
خوشخبری	xˈʊʃxəbri
خوشدل	xˈʊʃdɪl
خوشدلی	xˈʊʃdɪlˌiː
خوشنما	xˈʊʃnəmˌaː
خوشی	xˈʊʃi
خوف	xˈoːf
خوفزدہ	xˈoːfəzda
خوفناک	xˌoːfnˈaːk
خون	xˈuːn
خونصورت	xˌoːnʂuːrˈat
خونی	xˈuːni
خونیوں	xˈoːniˌõː
خُبر	xˈʊbər
خْلوصت	xlˈoːʂət
خچر	xˈʌcər
خہا	xˈʌhaː
خہج	xˈʌhəɟ
خہجءز	xˈʌhəɟˌəz
خہخ	xˈʌhəx
خیال	xˈajaːl
خیالات	xˈajaːlaːt
خیانت	xˈajaːnˌət
خیر	xˈeːr
خیرباد	xˌeːrbˈaːd
خیرمقدم	xɛːrmˈaqdam
خیریت	xˌeːriˈat
خیز	xˈeːz
خیموں	xˈeːmõː
خیمے	xˈeːmeː
خے	xˈeː
د	dˈaːl
دءز	dˈʌz
دءِ	dˈʌɪ
دآتہ	dˈaːta
دآتہا	dˈaːthˌaː
دئے	dˈʌeː
داؤ	dˈaːoː
دائر	dˈaɪr
دائرہ	dˈaɪrˌa
دائری	dˈaɪri
دائرے	dˈaɪreː
دائیں	dˈaːẽː
داخل	dˈaːxɪl
داخلہ	dˈaːxəla
داخلی	dˈaːxlˌiː
داخلے	dˈaːxlˌeː
دادا	dˈaːdaː
دادی	dˈaːdi
دار	dˈaːr
دارالحکومت	dˌaːraːlhˌʊkuːmˈat
دارہج	dˈaːrəhˌəɟ
داری	dˈaːri
داز	dˈaːz
داستان	dˌaːstˈaːn
داستانی	dˌaːstˈaːni
داشتہ	dˈaːʃta
داغ	dˈaːɣ
داغدار	dˌaːɣdˈaːr
دال	dˈaːl
دالان	daːlˈaːn
دامن	daːmˈan
دان	dˈaːn
دانائی	daːnˈaːi
دانت	dˈaːnt
دانتوں	dˈaːntˌõː
دانستہ	daːnˈɪsta
دانشمند	dˌaːnəʃəmˈʌnd
دانشور	dˌaːnɪʃʋˈar
دانشورانہ	dˌaːnʃoːrˈaːnˌa
دانو	dˈaːnoː
دانوں	dˈaːnõː
دانی	dˈaːni
دانیال	dˈaːnjaːl
داڑھی	dˈaːr.hi
داہنے	dˈaːhneː
دب	dˈʌb
دبا	dˈʌbaː
دباؤ	dəbˈaːoː
دبائیں	dəbˈaːẽː
دباتے	dəbˈaːteː
دبانا	dəbˈaːnaː
دبانے	dəbˈaːneː
دبدبہ	dˈabdabˌa
دبدبے	dˈabdabˌeː
دبلا	dˈʊblaː
دبو	dˈʌboː
دت	dˈʌt
دج	dˈʌɟ
دججیاں	dəɟˈʌɟjãː
دخش	dˈʌxəʃ
دخل	dˈʌxəl
دخول	dəxˈoːl
در	dˈʌr
درآمد	dərˈaːməd
دراج	dərˈaːɟ
دراز	dərˈaːz
دراصل	dərˈaːʂɪl
درافشاں	darˈafʃãː
دراندازی	darˈandaːzˌiː
دراڑ	dərˈaːr.
دراڑوں	dərˈaːr.õː
دراڑیں	dərˈaːr.ẽː
دربدر	dˈarbadˌar
دربدری	dˈarbadˌari
دربست	dˈarbast
دربستہ	darbˈasta
دربند	dˈarband
دربندی	darbˈandi
درج	dˈarɟ
درجن	dˌarɟˈan
درجنوں	dˌarɟanˈoːn
درجہ	dˈarɟa
درجے	dˈarɟeː
درحقیقت	dˌərəhəqˈiːqət
درخت	dərˈʌxt
درختوں	dərˈʌxtõː
درخواست	dˌarxʋˈaːst
درخواستوں	dˌarxʋˈaːstõː
درد	dˈʌrd
دردِ	dˌərdəˈeː
درس	dˈars
درست	dˈʊrʊst
درشن	dˈarʃan
درمیان	dˌərmjˈaːn
درمیانی	dˌərmjˈaːni
درمیانے	dˌərmjˈaːneː
دروازوں	dərʋˈaːzõː
دروازہ	dərʋˈaːzˌa
دروازے	dərʋˈaːzeː
درود	dʊrˈuːd
درپردہ	darpˈarda
درپیش	dˈarpeːʃ
درکار	dˌərkˈaːr
درہم	dˈarham
دری	dˈʌri
دریا	dˈʌrjaː
دریائے	dərjˈaːeː
دریافت	dˈarjaːft
دریں	dˈʌrẽː
دس	dˈʌs
دستانے	dˌəstˈaːneː
دستاویز	dˈastaːʋˌeːz
دستاویزات	dˈastaːʋˌeːzaːt
دستاویزی	dˈastaːʋˌeːzi
دستبرد	dˈastbʊrd
دستبردار	dastbˈardaːr
دستبرداری	dastbˈardaːrˌiː
دستبردی	dˈastbʊrdˌiː
دستخط	dˌastxˈat
دسترس	dˈastarˌas
دستق	dˈastaq
دستور	dˌəstˈuːr
دستک	dˈastak
دستہ	dˈʌstˌa
دستی	dˈʌstˌiː
دستیاب	dˌəstjˈaːb
دستے	dˈʌstˌeː
دسمبر	dɪsˈambar
دشاتمک	dəʃˈaːtəmˌək
دشمن	dʊʃmˈan
دشمنوں	dʊʃmˈanõː
دشواری	dʊʃʋˈaːri
دعا	dˈʊaː
دعائیں	dʊˈaːẽː
دعوت	dˈaːʋət
دعوی	dˈaːʋi
دعوے	dˈaːʋeː
دفاتر	dəfˈaːtər
دفاع	dˈɪfaː
دفاعی	dˈɪfaːˌiː
دفتر	dˌaftˈar
دفتری	dˈʌfətri
دفع	dˈʌfaː
دفعہ	dˈafaː
دفن	dˈʌfən
دفناتے	dˌəfnˈaːteː
دفنانے	dˌəfnˈaːneː
دفنایا	dˌəfnˈaːjaː
دل	dˈɪl
دلا	dˈɪlaː
دلائی	dəlˈaːi
دلاتا	dɪlˈaːtaː
دلاتی	dɪlˈaːti
دلاتے	dɪlˈaːteː
دلانے	dɪlˈaːneː
دلت	dˈalɪt
دلدل	dˈʌlədˌəl
دلدوز	dˈɪldoːz
دلشکنی	dɪlʃˈɪkni
دلفریب	dˌɪlfarˈeːb
دلواؤ	dɪlʋˈaːoː
دلوں	dɪlˈoːn
دلُو	dˈʌluː
دلچسب	dˈʌləcˌəsəb
دلچسپ	dˌɪlcˈasp
دلچسپی	dˌɪlcˈaspi
دلکش	dɪlkˈaʃ
دلکشا	dˈɪlkʊʃˌaː
دلکشائی	dˌɪlkʊʃˈaːi
دلھن	dʊlhˈan
دلھنیں	dʊlhˈanẽː
دلہا	dˈʊlhaː
دلہن	dʊlhˈan
دلہوں	dˈʊlhõː
دلہے	dˈʊlheː
دلی	dˈɪli
دلیر	dəlˈiːr
دلیری	dəlˈiːri
دلیل	dəlˈiːl
دلیں	dˈɪlẽ
دم	dˈʌm
دماغ	dɪmˈaːɣ
دماغی	dɪmˈaːɣi
دمشق	dˈamɪʃq
دمنی	dˈʌmnˌiː
دمنیوں	dˈʌmnˌiõː
دمکانے	dˌəmkˈaːneː
دمہ	dˈʌmˌa
دمیتر	dəmˈiːtər
دن	dˈɪn
دنوں	dɪnˈoːn
دنیا	dʊnˈiːaː
دنیاؤں	dʊnˈiːaːˌoːn
دنیاقربان	dʊnˈiːaːqˌərbˌaːn
دو	dˈoː
دوا	dˈaʋaː
دوائی	daʋˈaːi
دوائیاں	daʋˈaːjãː
دوائیوں	daʋˈaːiˌõː
دوبارہ	doːbˈaːrˌa
دوجہاں	doːɟˈahãː
دودھ	dˈuːdʰ
دودیا	doːdˈiːaː
دور	dˈuːr
دوران	doːrˈaːn
دورانئے	doːrˈaːnˌeː
دوروں	dˈoːrõː
دورِ	dˈuːrˈeː
دورہ	dˈoːrˌa
دوری	dˈuːri
دورے	dˈoːreː
دوزخ	dˈoːzəx
دوست	dˈoːst
دوستانہ	dˌoːstˈaːnˌa
دوستو	dˈoːstˌoː
دوستوں	dˈoːstˌõː
دوستی	dˈoːstˌiː
دوسرا	dˈuːsraː
دوسروں	dˈuːsrõː
دوسری	dˈuːsri
دوسرے	dˈuːsreː
دوسس	dˈoːsəs
دوش	dˈoːʃ
دولت	dˈoːlət
دونوں	dˈoːnõː
دونگا	dˈoːnɡˌaː
دونگی	dˈoːnɡˌiː
دوپہر	dˈoːpəhˌər
دوچار	doːcˈaːr
دوڑ	dˈoːr.
دوڑا	dˈoːr.aː
دوڑنے	dˈoːr.nˌeː
دوڑوں	dˈoːr.õː
دوکھیباز	dˌoːkʰibˈaːz
دوگلا	dˈoːɡlˌaː
دوگنی	dˈoːɡnˌiː
دوں	dˈũː
دوہرا	dˈoːhraː
ديئے	dˈeːeː
دِکھ	dˈɪkʰ
دِکھتا	dˈɪkʰtˌaː
دِینی	dˈiːni
دکا	dˈʊkaː
دکان	dʊkˈaːn
دکھ	dˈʌkʰ
دکھا	dˈʌkʰaː
دکھاؤ	dɪkʰˈaːoː
دکھاؤں	dˌəkʰaːˈoːn
دکھائی	dɪkʰˈaːi
دکھائیں	dəkʰˈaːẽː
دکھائے	dəkʰˈaːeː
دکھاتا	dəkʰˈaːtaː
دکھاتی	dəkʰˈaːti
دکھاتے	dəkʰˈaːteː
دکھانا	dəkʰˈaːnaː
دکھانے	dəkʰˈaːneː
دکھاو	dəkʰˈaːoː
دکھاوا	dəkʰˈaːʋaː
دکھاوے	dəkʰˈaːʋeː
دکھایا	dəkʰˈaːjaː
دکھاینگے	dˌəkʰaːjˈanɡˌeː
دکھتا	dˈʌkʰtˌaː
دکھتے	dˈʌkʰtˌeː
دکھی	dˈʌkʰi
دگگج	dˈʌɡəɡˌəɟ
دھات	dʰˈaːt
دھاتیں	dʰˈaːtẽː
دھار	dʰˈaːr
دھاریں	dʰˈaːrẽː
دھاوے	dʰˈaːʋeː
دھبوں	dʰˈʌbõː
دھماکہ	dʰəmˈaːkˌa
دھماکے	dʰəmˈaːkeː
دھمکی	dʰˈʌmkˌiː
دھند	dʰˈʌnd
دھندلی	dʰˈʌndəlˌiː
دھندہ	dʰˈʌnda
دھو	dʰˈoː
دھواں	dʰˈuːãː
دھول	dʰˈuːl
دھوم	dʰˈuːm
دھومیں	dʰˈuːmẽː
دھونے	dʰˈoːneː
دھوپ	dʰˈoːp
دھوکا	dʰˈoːkaː
دھوکہ	dʰˈoːkˌa
دھوکے	dʰˈoːkeː
دھوے	dʰˈʊːeː
دھچکا	dʰˈʌckˌaː
دھڑوں	dʰˈʌr.õː
دھڑک	dʰˈʌr.ək
دھڑکتا	dʰˈʌr.əktaː
دھڑکن	dʰˈʌr.əkˌən
دھڑے	dʰˈʌr.eː
دھکا	dʰˈʌkaː
دھیان	dʰjˈaːn
دھیرے	dʰˈeːreː
دھیما	dʰˈiːmaː
دہ	dˈɛh
دہائی	dəhˈaːi
دہانی	dəhˈaːni
دہاڑ	dəhˈaːr.
دہر	dˈɛhɛr
دہراؤ	dɔhrˈaːoː
دہراتا	dɔhrˈaːtaː
دہراتی	dɔhrˈaːti
دہرانی	dɔhrˈaːni
دہرانے	dɔhrˈaːneː
دہشت	dˈɛhʃˈat
دہشتگردوں	dˈɛhʃˈatɡərdˌõː
دہف	dˈɛhf
دہلیز	dˈɛhliz
دہم	dˈahʊm
دہنا	dˈɛhnaː
دہندگان	dˈɛhndəɡˌaːn
دہندہ	dˈɛhnda
دہی	dˈʌhi
دی	dˈiː
دیئے	dˈeːeː
دیا	dˈiːaː
دیالی	djˈaːli
دیانا	dˈiːaːnˌaː
دیتا	dˈeːtaː
دیتی	dˈeːti
دیتے	dˈeːteː
دیجئے	dˈeːɟˌeː
دیجیے	diɟˈiːeː
دیدار	didˈaːr
دیدی	dˈiːdi
دیر	dˈeːr
دیرپا	dˈeːrpˌaː
دین	dˈeːn
دینا	dˈeːnaː
دیناچاہتے	dˌeːnaːcˈaːhteː
دینی	dˈeːni
دینے	dˈeːneː
دیو	dˈeːoː
دیوار	dˈiːʋaːr
دیواروں	dˈiːʋaːrˌõː
دیواریں	dˈiːʋaːrˌẽː
دیوالیہ	dˈiːʋaːlˌiːa
دیوانہ	dˈiːʋaːna
دیوتاؤں	dˌeːoːtaːˈoːn
دیوتاوں	dˌeːoːtˈaːõː
دیور	dˈeːʋər
دیوی	dˈeːʋi
دیویوں	deːʋˈeːõː
دیکھ	dˈeːkʰ
دیکھا	dˈeːkʰaː
دیکھتا	dˈeːkʰtˌaː
دیکھتی	dˈeːkʰtˌiː
دیکھتیں	dˈeːkʰtˌẽː
دیکھتے	dˈeːkʰtˌeː
دیکھنا	dˈeːkʰnˌaː
دیکھنے	dˈeːkʰnˌeː
دیکھنےکی	dˌeːkʰnˈeːki
دیکھو	dˈeːkʰoː
دیکھی	dˈeːkʰi
دیکھیئے	deːkʰˈiːeː
دیکھیں	dˈeːkʰẽː
دیکھے	dˈeːkʰeː
دیگر	diɡˈar
دیگں	dˈeːɡən
دیں	dˈẽ
دیہات	dˌeːaˈaːt
دیہاتوں	deːhˈaːtõː
دیہاتی	deːhˈaːti
دیے	djˈeː
دے	dˈeː
ذ	zˈaːl
ذء	zˈʌ
ذءُ	zˈʌʊ
ذائقہ	zˈaɪqˌa
ذاتی	zˈaːti
ذاد	zˈaːd
ذار	zˈaːr
ذاط	zˈaːt
ذال	zˈaːl
ذب	zˈʌb
ذبح	zˌəbˈah
ذخائر	zəxˈaɪr
ذخیرہ	zəxˈiːrˌa
ذرا	zˈʌraː
ذرائع	ðarˈaːeː
ذریعہ	zarˈiːa
ذریعے	zarˈiːeː
ذلالت	zəlˈaːlət
ذلت	zɪllˈat
ذلیل	zəlˈiːl
ذمہ	zˈɪma
ذمی	zˈɪmi
ذمے	zˈɪmeː
ذو	zˈuː
ذوالفقار	zˌʊlfɪqˈaːr
ذکر	zˈɪkr
ذہ	zˈʌa
ذہا	zˈʌhaː
ذہج	zˈɛhɟ
ذہجءز	zˈɛhɟəz
ذہن	zˈɛhɛn
ذہنوں	zˈɛhnõː
ذہنی	zˈɛhni
ذہنیت	zˌɛhɛniˈat
ذہین	zəhˈiːn
ذی	zˈiː
ذیابیطس	zˌɪaːbˈeːtɪs
ذیادتی	zjˈaːdtˌiː
ذیل	zˈeːl
ذیلی	zˈeːli
ر	rˈeː
رئڈ	rˈʌɖ
رئیل	rəˈiːl
راؤنڈ	raːˈoːnɖ
راؤنڈز	raːˈoːnɖz
رائفل	rˈaɪfəl
رائل	rˈaɪl
رائلز	rˈaɪləz
رائے	rˈaːeː
رابرٹ	raːbˈʌrʈ
رابطوں	rˈaːbtˌõː
رابطہ	rˈaːbta
رابطے	rˈaːbtˌeː
رابعہ	rˈaːbɪˌa
رابن	rˈaːbɪn
رات	rˈaːt
راتوں	rˈaːtõː
راج	rˈaːɟ
راجاساہب	rˌaːɟaːsˈaːhəb
راجر	rˈaːɟɪr
راجرز	raːɟˈʌrz
راجن	rˈaːɟɪn
راجکمار	rˌaːɟəkmˈaːr
راجکماری	rˌaːɟəkmˈaːri
راز	rˈaːz
رازدارانہ	rˌaːzdaːrˈaːnˌa
رازداری	rˌaːzdˈaːri
راست	rˈaːst
راستوں	rˈaːstˌõː
راستہ	rˈaːstˌa
راستے	rˈaːstˌeː
راشن	rˈaːʃɪn
راضی	rˈaːzi
رافٹنگ	rˈaːfʈˌɪnɡ
رالف	rˈaːlɪf
رامادہ	raːmˈaːda
راماڈہ	raːmˈaːɖˌa
رانڈ	rˈaːnɖ
رانڈیل	rˈaːnɖil
رانی	rˈaːni
راولپنڈی	raːʋˈalpɪnɖˌiː
راک	rˈaːk
راکشس	rˈaːkəʃˌəs
راکشسوں	rˈaːkəʃsõː
راکٹس	raːkˈʌʈs
راکھ	rˈaːkʰ
راکی	rˈaːki
راںبنا	rˈãːbnˌaː
راہ	rˈaːh
راہباؤں	rˈaːhbaːˌoːn
راہبوں	rˈaːhbõː
راہداریاں	raːhdˈaːrjãː
راہنمائی	rˌaːhənmˈaːi
راہیں	rˈaːhẽː
رایلٹی	raːjˈalʈˌiː
رب	rˈʌb
ربا	rˈʊbaː
ربع	rˈʌbaː
ربن	rɪbˈan
ربڑ	rˈʌbər.
ربیکا	rəbˈiːkaː
رتبت	rʊtbˈat
رتبہ	rˈʊtba
رج	rˈʌɟ
رجحان	rʊɟhˈaːn
رجمنٹ	rˈʌɟəmˌənʈ
رجوع	rˈʊɟuː
رحم	rˈɛhɛm
رحمت	rɛhmˈat
رحمدلی	rˈʌhəmˌədlˌiː
رحمہ	rˈʌhəma
رحمی	rˈʌhəmˌiː
رخ	rˈʊx
رخشندگی	rˈaxʃɪndˌaɡi
رخشندہ	rˈaxʃɪndˌa
رخصت	rˈʊxʂət
رخنہ	rˈaxna
رد	rˈʌd
ردوکد	rədˈoːkəd
ردی	rˈʌdi
رزرو	rɪzˈarʋ
رزروڈ	rɪzˈarʋɖ
رزرویشن	rɪzˈarʋeːʃˌan
رزق	rˈɪzq
رزلٹ	rɪzˈalʈ
رزلٹس	rɪzˈalʈs
رزو	rˈʌzoː
رس	rˈʌs
رسائی	rəsˈaːi
رسالت	rˌɪsaːlˈat
رسانی	rəsˈaːni
رستم	rʊstˈam
رستے	rˈʌstˌeː
رسد	rˈʌsəd
رسم	rˈasm
رسمی	rˈʌsmˌiː
رسوخ	rəsˈoːx
رسول	rasˈuːl
رسوم	rʊsˈuːm
رسّی	rˈʌssi
رسٹ	rˈɪsʈ
رسپانس	rˌəspˈaːns
رسک	rˈɪsk
رسی	rˈʌsi
رسید	rəsˈiːd
رسیلی	rəsˈiːli
رسیوں	rˈʌsiˌõː
رش	rˈʌʃ
رشاد	rəʃˈaːd
رشتہ	rˈɪʃta
رشتہء	rɪʃtˈaeː
رشتے	rˈɪʃteː
رشوت	rɪʃʋˈat
رشک	rˈaʃk
رضا	rˈʌzaː
رضامند	rˌəzaːmˈʌnd
رضامندی	rˌəzaːmˈʌndi
رضاکار	rˌəzaːkˈaːr
رضاکارانہ	rˌəzaːkaːrˈaːnˌa
رضاکاروں	rˌəzaːkˈaːrõː
رضوی	rˈɪzʋi
رعایا	rˈaːjaː
رعایت	rˌɪaːjˈat
رعب	rˈoːb
رعوف	raˈuːf
رعیت	rˌaiˈat
رعیتی	rˌaiˈati
رغبت	rˈaɣbat
رفاقتوں	rˌafaːqˈatõː
رفاقتیں	rˌafaːqˈatẽː
رفت	rˈaft
رفتار	rˈaftaːr
رفتن	rˈaftan
رفری	rˈɪfri
رفو	rˈafuː
رفوچکر	rˌafuːcˈakːar
رفیعہ	rˈafiˌa
رفیعیت	rˌafiˈat
رفیعیتیں	rˌafiˈatẽː
رقاص	rəqˈaːʂ
رقبات	rˈaqbaːt
رقبہ	rˈaqba
رقت	rɪqˈat
رقص	rˈaqʂ
رقم	rˈʌqəm
رقوم	rʊqˈuːm
رل	rˈʊl
رمزی	rˈʌmzˌiː
رن	rˈʌn
رنجیت	rˈanɟit
رنز	rˈanz
رنڈی	rˈʌnɖi
رنگ	rˈʌnɡ
رنگروٹ	rˌənəɡrˈoːʈ
رنگیں	rˈanɡĩː
رو	rˈuː
روؤ	rˈuːoː
روئی	rˈuːi
روابط	raʋˈaːbət
روانہ	raʋˈaːnˌa
رواں	rˈaʋãː
روایات	rˌɪʋaːjˈaːt
روایت	rˌɪʋaːjˈat
روایتی	rˌaʋaːˈiːti
روبوٹ	roːbˈoːʈ
روبوٹس	roːbˈoːʈs
روبوٹک	roːbˈoːʈɪk
روتا	rˈoːtaː
روتیں	rˈoːtĩː
روتے	rˈoːteː
روح	rˈuːh
روحانی	ruːhˈaːni
روحوں	rˈuːhõː
روداد	ruːdˈaːd
رودادیں	ruːdˈaːdẽː
روز	rˈoːz
روزا	rˈoːzaː
روزانہ	roːzˈaːnˌa
روزمرہ	rˈoːzəmˌərˌa
روزگار	rˌoːzɡˈaːr
روزہ	rˈoːzˌa
روزی	rˈoːzi
روزے	rˈoːzeː
روس	rˈuːs
روسٹ	rˈoːsʈ
روسی	rˈuːsi
روش	rˈaʋɪʃ
روشن	rˈoːʃən
روشنی	rˈoːʃnˌiː
رول	rˈoːl
رولنڈ	roːlˈʌnɖ
رولنگ	rˈoːlənɡ
روم	rˈoːm
رومال	roːmˈaːl
رومانوی	roːmˈaːnʋi
رومانٹک	roːmˈaːnʈək
رومانی	roːmˈaːni
رومانیوں	roːmˈaːniˌõː
رومانیہ	rˌoːmaːnˈiːa
رومن	rˈoːmən
رومی	rˈoːmi
رونا	rˈoːnaː
روندنے	rˈoːndənˌeː
رونلڈ	roːnˈʌlɖ
رونے	rˈoːneː
روٹ	rˈuːʈ
روٹر	rˈoːʈər
روٹری	rˈoːʈrˌiː
روٹی	rˈoːʈi
روپ	rˈuːp
روپوش	ruːpˈoːʃ
روپوشی	ruːpˈoːʃi
روپیہ	rˈʊpɪˌa
روپے	rˈʊpeː
روڈ	rˈoːɖ
روک	rˈoːk
روکا	rˈoːkaː
روکتا	rˈoːktˌaː
روکساک	rˌoːksˈaːk
روکنا	rˈoːknˌaː
روکنے	rˈoːknˌeː
روکو	rˈoːkoː
روکے	rˈoːkeː
روگردانی	rˌoːɡrdˈaːni
روی	rˈaʋi
رویا	raʋˈaiˌaː
رویہ	raʋˈaiˌa
رویے	raʋˈaiˌeː
رُک	rˈʊk
رْتبےدانوں	rtˌəbeːdˈaːnõː
رْک	rkˈʌ
رْکیے	rkjˈeː
رپورٹ	rɪpˈoːrʈ
رپورٹر	rɪpˈoːrʈər
رپورٹنگ	rɪpˈoːrʈɪnɡ
رپورٹیں	rɪpˈoːrʈẽː
رچرڈ	rəcˈʌrɖ
رک	rˈʊk
رکئے	rˈʌkˌeː
رکا	rˈʊkaː
رکارڈ	rɪkˈaːrɖ
رکارڈز	rɪkˈaːrɖz
رکاوٹ	rˌʊkaːʋˈaʈ
رکاوٹوں	rˌʊkaːʋˈaʈõː
رکتیں	rˈʊktĩː
رکشہ	rˈɪkʃa
رکن	rˈʊkn
رکنا	rˈʊknaː
رکنیت	rˈʊkniˌat
رکنیتی	rˈʊkniˌati
رکو	rˈʌkoː
رکوا	rˈʊkʋaː
رکوع	rˈʊkuː
رکھ	rˈʌkʰ
رکھا	rˈʌkʰaː
رکھتا	rˈʌkʰtˌaː
رکھتی	rˈʌkʰtˌiː
رکھتے	rˈʌkʰtˌeː
رکھنا	rˈʌkʰnˌaː
رکھنی	rˈʌkʰnˌiː
رکھنے	rˈʌkʰnˌeː
رکھو	rˈʌkʰoː
رکھوگے	rəkʰˈoːɡeː
رکھوں	rˈʌkʰõː
رکھی	rˈʌkʰi
رکھینگے	rəkʰˈiːnɡˌeː
رکھیں	rˈʌkʰẽː
رکھے	rˈʌkʰeː
رکی	rˈʊki
رکیں	rˈʌkẽː
رکیے	rˈʌkjeː
رکے	rˈʊkeː
رگ	rˈʌɡ
رگوں	rˈʌɡõː
رگڑا	rˈʌɡr.ˌaː
رگڑتا	rˈʌɡər.taː
رہ	rˈɛh
رہا	rˈʌhaː
رہائش	rəhˈaɪʃ
رہائشی	rəhˈaɪʃi
رہائی	rəhˈaːi
رہت	rˈɛht
رہتا	rˈɛhtaː
رہتی	rˈɛhti
رہتے	rˈɛhteː
رہسی	rˈɛhsi
رہن	rˈɛhɛn
رہنا	rˈɛhnaː
رہنما	rˈɛhnəmˌaː
رہنماؤں	rˈɛhnəmˌaːoːn
رہنمائی	rˈɛhnəmˌaːi
رہنی	rˈɛhni
رہنے	rˈɛhneː
رہو	rˈʌhoː
رہوگے	rəhˈoːɡeː
رہوں	rˈahũː
رہيں	rˈʌhẽː
رہی	rˈʌhi
رہیں	rˈʌhẽː
رہے	rˈʌheː
رہےہیں	rəhˈeːhẽː
ری	rˈiː
ریاست	rjaːsˈat
ریاستہائے	rjˌaːsəthˈaːeː
ریاستی	rjˈaːstˌiː
ریاضی	rjˈaːzi
ریاضیاتی	rjˈaːzjaːtˌiː
ریت	rˈeːt
ریجنل	rˈeːɟənˌəl
ریخ	rˈeːx
ریز	rˈeːz
ریزرو	rˈeːzrˌoː
ریزولوشن	rˌeːzoːlˈoːʃən
ریزیومے	rˌeːzeːˈoːmeː
ریس	rˈeːs
ریستوران	rˌeːstoːrˈaːn
ریستورانون	rˌeːstˌoːraːnˈoːn
ریسرچ	reːsˈʌrc
ریسلنگ	rˈeːslˌɪnɡ
ریسورسز	reːsˈoːrəsˌəz
ریسپانس	rˌeːspˈaːns
ریسکیو	rˌeːskˈeːoː
ریشمی	rˈeːʃmˌiː
ریفرنس	rˌeːfərˈʌns
ریفری	rˈeːfrˌiː
ریلوے	rˈeːlʋeː
ریلی	rˈeːli
ریلے	rˈeːleː
ریمانڈ	reːmˈaːnɖ
ریمزے	rˈeːmzˌeː
ریمسی	rˈeːmsˌiː
ریمنڈ	reːmˈʌnɖ
ریمپ	rˈeːmp
رینالٹ	reːnˈaːlʈ
رینج	rˈeːnɟ
رینجرز	rˈeːnɟərz
رینو	rˈeːnoː
رینڈ	rˈeːnɖ
ریو	rˈeːoː
ریورس	reːˈoːrəs
ریویالی	rˈeːʋjaːlˌiː
ریوین	reːʋˈiːn
ریٹا	rˈeːʈaː
ریٹائر	reːʈˈaɪr
ریٹائرڈ	reːʈˈaɪrɖ
ریپبلک	rˈeːpəbˌələk
ریپبلکن	rˈeːpəbˌələkˌən
ریپر	rˈeːpər
ریپسیڈ	rˌeːpsˈiːɖ
ریپیٹر	reːpˈiːʈər
ریچھ	rˈiːcʰ
ریچھوں	rˈiːcʰõː
ریڈ	rˈeːɖ
ریڈار	reːɖˈaːr
ریڈنگ	rˈiɖɪnɡ
ریڈنگز	rˈiːɖɪnɡz
ریڈیم	rˌeːɖiˈam
ریڈیو	rˈeːɖiˌoː
ریڑھ	rˈiːr.h
ریڑھیاں	rˈeːr.hjãː
ریکارڈ	reːkˈaːrɖ
ریکارڈز	reːkˈaːrɖz
ریکارڈنگ	reːkˈaːrɖɪnɡ
ریکٹر	rˈeːkʈər
ریگستان	rˌeːɡɪstˈaːn
رے	rˈeː
ز	zˈeː
زءز	zˈʌz
زءِ	zˈʌɪ
زائد	zˈaɪd
زائرین	zaɪrˈiːn
زانٹی	zˈaːnʈi
زاویہ	zaːʋˈiːa
زاہد	zˈaːhəd
زبان	zəbˈaːn
زبانوں	zəbˈaːnõː
زبانیں	zəbˈaːnẽː
زبردست	zəbˈʌrdəst
زبردستی	zəbˈʌrdəsti
زبوں	zˈabũː
زحمت	zˈʌhəmˌət
زخم	zˈaxm
زخموں	zˈʌxmˌõː
زخمی	zˈʌxmˌiː
زخمیوں	zˈʌxmˌiõː
زد	zˈʌd
زدہ	zˈʌda
زر	zˈʌr
زرد	zˈʌrd
زرعی	zərˈai
زریں	zˈarĩː
زعماء	zˈɔmaː
زلزلوں	zˌalzˈalõː
زلزلہ	zˌalzˈala
زلزلیات	zˌalzˈaliˌaːt
زلزلے	zˌalzˈaleː
زلفت	zʊlfˈat
زمانے	zəmˈaːneː
زمرد	zamˈarʊd
زمرہ	zˈʌməra
زمرے	zˈʌmrˌeː
زمین	zəmˈiːn
زمینوں	zəmˈiːnõː
زمیں	zˈamĩː
زنا	zˈʌnaː
زندگی	zˌɪndˈaɡi
زندگیاں	zˈɪndɡjãː
زندگیوں	zˈɪndɡiˌõː
زندہ	zˈɪnda
زوال	zaʋˈaːl
زود	zˈuːd
زور	zˈoːr
زولا	zˈoːlaː
زولو	zˈoːloː
زوم	zˈoːm
زون	zˈoːn
زکام	zʊkˈaːm
زکامی	zʊkˈaːmi
زکر	zˈʌkər
زگانے	zəɡˈaːneː
زہ	zˈʌa
زہر	zˈɛhɛr
زہرہ	zˈɛhrəˌa
زہریلا	zˈɛhrilˌaː
زہریلے	zˈɛhrilˌeː
زیادتیاں	zjaːdˈʌtjãː
زیادہ	zjˈaːda
زیر	zˈeːr
زیرو	zˈeːroː
زیرِ	zˌeːrˈeː
زیریں	zˈeːrĩː
زیست	zˈiːst
زینت	zinˈat
زیور	zˈeːʋər
زیورات	zˌeːʋərˈaːt
زے	zˈeː
س	sˈiːn
سا	sˈaː
ساؤ	sˈaːoː
سائبر	sˈaɪbər
سائبرسپیس	sˌaɪbərˌəspˈiːs
سائرل	sˈaɪrəl
سائرن	sˈaɪrən
سائز	sˈaɪz
سائن	sˈaɪn
سائنس	sˈaɪns
سائنسدان	sˈaɪnsədˌaːn
سائنسدانوں	sˈaɪnsədˌaːnõː
سائنسی	sˈaɪnsi
سائنیسِس	saɪnˈiːsɪs
سائٹ	sˈaɪʈ
سائڈ	sˈaɪɖ
سائینائیڈ	sˌaːinaːˈiːɖ
سائینسِس	saːˈiːnsɪs
سائینیسِس	sˌaːinˈiːsɪs
سائیکل	saːˈiːkəl
سائے	sˈaːeː
سابق	sˈaːbɪq
سابقہ	sˈaːbəqa
سات	sˈaːt
ساتویں	sˈaːtʋẽː
ساتھ	sˈaːtʰ
ساتھی	sˈaːtʰi
ساتھیوں	sˈaːtʰiˌõː
ساحل	sˈaːhɪl
ساحلوں	sˈaːhəlˌõː
ساحلی	sˈaːhəlˌiː
ساختہ	sˈaːxta
سادءِ	sˈaːdˌɪ
سادگی	sˈaːdɡˌiː
سادہ	sˈaːda
سادے	sˈaːdeː
سار	sˈaːr
سارا	sˈaːraː
سارج	sˈaːrɪɟ
سارجنٹ	sˈaːrəɟˌənʈ
سارس	sˈaːrɪs
سارہ	sˈaːrˌa
ساری	sˈaːri
سارے	sˈaːreː
ساز	sˈaːz
سازش	sˈaːzəʃ
سازی	sˈaːzi
ساس	sˈaːs
ساسیں	sˈaːsẽː
ساشا	sˈaːʃaː
سافٹ	sˈaːfəʈ
سافٹبال	sˌaːfəʈbˈaːl
سافٹویئر	sˌaːfʈʋiˈar
سال	sˈaːl
سالا	sˈaːlaː
سالار	saːlˈaːr
سالاری	saːlˈaːri
سالانہ	saːlˈaːnˌa
سالسا	sˈaːlsˌaː
سالوں	sˈaːlõː
سالچک	sˈaːləcˌək
سالگرہ	sˈaːləɡˌərˌa
سالہ	sˈaːlˌa
سالی	sˈaːli
سالے	sˈaːleː
سام	sˈaːm
سامان	saːmˈaːn
سامبو	sˈaːmboː
سامری	sˈaːmrˌiː
سامع	sˈaːmeː
سامعین	sˌaːmaˈiːn
سامن	sˈaːmɪn
سامنا	sˈaːmnˌaː
سامنے	sˈaːmnˌeː
سامپ	sˈaːmp
سان	sˈaːn
سانتا	sˈaːntˌaː
سانتانا	sˌaːntˈaːnaː
سانحہ	sˈaːnɪhˌa
سانحے	sˈaːnɪhˌeː
سانس	sˈaːns
سانور	sãːʋˈar
سانول	sãːʋˈal
سانپ	sˈaːnp
سانپوں	sˈaːnpõː
سانی	sˈaːni
ساٹھ	sˈaːʈʰ
ساکھ	sˈaːkʰ
سایبان	sˌaːjabˈaːn
سایہ	sˈaːja
سب	sˈʌb
سبارو	səbˈaːroː
سباق	səbˈaːq
سبب	sˈʌbəb
سبت	sˈʌbət
سبحان	sʊbhˈaːn
سبحانی	sʊbhˈaːni
سبحہ	sˈʊbha
سبز	sˈabz
سبزی	sˈʌbzˌiː
سبق	sˈʌbəq
سبقت	sˈabqat
ستا	sˈʌtaː
ستاروں	sɪtˈaːrõː
ستارہ	sɪtˈaːra
ستارے	sɪtˈaːreː
ستر	sˈʌtər
سترہ	sˈʌtəra
سترہویں	sˌətərˈʌhʋẽː
ستم	sɪtˈam
ستمبر	sɪtˈambar
ستیا	sˈʌtjaː
سجایا	səɟˈaːjaː
سججن	sˈʌɟəɟˌən
سججنوں	sˈʌɟəɟnõː
سحر	sˈʌhər
سخاوت	səxˈaːʋət
سخت	sˈʌxt
سختی	sˈʌxtˌiː
سخن	sʊxˈan
سخی	sˈʌxi
سر	sˈʌr
سرا	sˈʌraː
سراج	sɪrˈaːɟ
سراسر	sərˈaːsər
سراغ	sʊrˈaːɣ
سراغوں	sʊrˈaːɣõː
سراہا	sərˈaːhaː
سربدست	sˈarbadˌast
سربرآواردہ	sˌarbaraːʋˈaːrda
سربرآوردہ	sˌarbaraːʋˈarda
سربراہ	sˈarbarˌaːh
سربراہان	sˈarbarˌaːhaːn
سربراہی	sˈarbarˌaːhi
سربستہ	sarbˈasta
سربسجدہ	sˌarbasˈaɟda
سربسر	sˈarbasˌar
سربفلک	sˈarbafˌalak
سربلند	sˈarbʊlˌand
سربلندی	sˌarbʊlˈandi
سربمہر	sˈarbamˌʊhar
سرتوڑ	sˈartoːr.
سرج	sˈarɟ
سرجری	sˈarɟarˌiː
سرجوش	sˈarɟoːʃ
سرجوڑ	sˈarɟoːr.
سرحد	sˈarhad
سرحدوں	sˈarhadˌõː
سرحدی	sˈarhadˌiː
سرخ	sˈʊrx
سرخی	sˈʊrxˌiː
سرخیوں	sˈʊrxiˌõː
سرد	sˈʌrd
سردار	sərdˈaːr
سردفتر	sardˈaftar
سردی	sˈʌrdi
سرزمین	sˈarzamˌiːn
سرزنش	sˈarzanˌɪʃ
سرسبز	sˈarsabz
سرسری	sˈarsarˌi
سرسوتی	sarˈasʋatˌiː
سرسوں	sˈʌrsˌõː
سرعت	sʊrˈat
سرعتیں	sʊrˈatẽː
سرغنہ	sˈarɣanˌa
سرف	sˈʌrəf
سرمئی	sˈʌrəmi
سرما	sˈʌrmˌaː
سرمایہ	sˌərmˈaːja
سرمست	sˈarmast
سرمہ	sˈʊrma
سرمے	sˈʊrmeː
سرنج	sˈɪrɪnɟ
سرنجز	sɪrˈɪnɟɪz
سرنجوں	sɪrˈɪnɟõː
سرنوشت	sˈarnaʋˌɪʃt
سرنگ	sʊrˈanɡ
سرنگوں	sʊrˈanɡõː
سرنہاں	sˈarnɪhˌãː
سرور	sˈarʋar
سرورز	sərˈoːrz
سرورق	sˌareːʋˈarq
سروس	sˈarʋɪs
سروسز	sˈarʋɪsˌɪz
سروسوں	sˈarʋɪsˌõː
سروسیں	sˈarʋɪsˌẽː
سروں	sˈʌrõː
سروے	sˈʌrʋeː
سرٹیفکٹ	sˈarʈifˌɪkɪʈ
سرپر	sˈarpar
سرپردہ	sarpˈarda
سرپرست	sˈarparˌast
سرپرستوں	sˌarparˈastõː
سرپھرا	sˈarpʰɪrˌaː
سرپھراپن	sˈarpʰɪrˌaːpan
سرپھرے	sˈarpʰɪrˌeː
سرچ	sˈʌrc
سرچارج	sˈarcaːrɟ
سرچشمہ	sarcˈaʃma
سرکاری	sˌərkˈaːri
سرکتیں	sarˈaktĩː
سرکردہ	sarkˈarda
سرکس	sˈarkas
سرکسوں	sˈarkasˌõː
سرکش	sˈarkaʃ
سرکشی	sˈarkaʃˌiː
سرکل	sˈarkal
سرکلر	sˈarkʊlˌar
سرکلز	sˈarkalz
سرکوب	sˈarkoːb
سرکوبی	sˈarkoːbˌiː
سرکٹ	sˈarkɪʈ
سرکٹس	sˌərəkˈʌʈs
سرکہ	sˈarka
سرگرمی	sˌarɡˈarmi
سرگرمیوں	sˌarɡˈarmiˌõː
سرگزشت	sˌarɡʊzˈaʃt
سرگزشتوں	sˌarɡʊzˈaʃtoːn
سرگم	sˈarɡam
سرگوشی	sˌərɡˈoːʃi
سرہ	sˈɪra
سری	srˈiː
سریتا	sarˈiːtaː
سرینا	srˈiːnaː
سرینام	sˌʊrinˈaːm
سرے	sˈɪreː
سزا	sˈʌzaː
سزایابی	sˌəzaːjˈaːbi
سست	sˈʊst
سستا	sˈʌstˌaː
سستی	sˈʌstˌiː
سستے	sˈʌstˌeː
سسرال	sʊsrˈaːl
سسرالیا	sʊsrˈaːliˌaː
سسٹر	sɪsʈˈar
سسٹم	sɪsʈˈam
سسٹمز	sˈʌsʈəmˌəz
سسک	sɪsˈak
سسکنا	sɪsˈaknaː
سطح	sˌətˈah
سطحہ	sˈatha
سطحی	sˈʌthˌiː
سطحیں	sˈʌthˌẽː
سطور	sʊtˈuːr
سعئی	sˈai
سعودی	saːˈoːdi
سعودیوں	saːˈoːdiˌõː
سعودیہ	sˌaːoːdˈiːa
سعید	saˈiːd
سعیدکے	saˈiːdkˌeː
سعیوں	saˈiːõː
سفارت	sɪfˈaːrat
سفارتی	sɪfˈaːratˌiː
سفارش	sɪfˈaːrɪʃ
سفاکانہ	sˌəfaːkˈaːnˌa
سفر	safˈar
سفری	sˈʌfrˌiː
سفوف	sʊfˈuːf
سفوفوں	sʊfˈuːfõː
سفید	safˈeːd
سفیر	səfˈiːr
سل	sˈɪl
سلا	sˈʊlaː
سلائڈ	slˈaːɪɖ
سلائڈنگ	slˈaːɪɖˌɪnɡ
سلاست	sˌalaːsˈat
سلام	səlˈaːm
سلامت	səlˈaːmət
سلامتی	səlˈaːmtˌiː
سلب	sˈalb
سلجھتیں	sʊlˈaɟʰtĩː
سلجھن	sʊlɟʰˈan
سلسلوں	sˈɪlsˌɪlõː
سلسلہ	sˈɪlsˌɪla
سلسلے	sˈɪlsˌɪleː
سلطان	sʊltˈaːn
سلطنت	sˈaltanˌat
سلطنتوں	sˈʌlətˌəntˌõː
سلطنتِ	sˌaltanatˈeː
سلمی	sˈʌlmˌiː
سلوا	sˈʌlʋaː
سلوک	sʊlˈuːk
سلویو	səlʋˈeːoː
سلپ	slˈɪp
سلی	sˈɪli
سلیش	səlˈiːʃ
سلیپر	səlˈiːpər
سلیکس	səlˈiːkəs
سلیکٹر	səlˈeːkʈər
سلیکٹرز	səlˈeːkʈərz
سلے	sˈɪleː
سم	sˈʌm
سماجی	səmˈaːɟi
سمارکا	səmˈaːrkˌaː
سماعت	səmˈaːat
سماعتوں	sˌəmaːˈaːtõː
سمبھالتا	səmbʰˈaːltˌaː
سمت	sˈɪmt
سمتار	sɪmtˈaːr
سمتبر	sˈɪmtbər
سمجھ	sˈʌməɟʰ
سمجھا	sˈʌmɟʰˌaː
سمجھاؤنگا	sˌəmɟʰaːˈoːnɡˌaː
سمجھانا	sˌəmɟʰˈaːnaː
سمجھتا	sˈʌməɟʰtaː
سمجھتی	sˈʌməɟʰti
سمجھتیں	sˈʌməɟʰtĩː
سمجھتے	sˈʌməɟʰteː
سمجھدار	sˌəməɟʰdˈaːr
سمجھنا	sˈʌməɟʰnaː
سمجھنے	sˈʌməɟʰneː
سمجھوتا	sˌəmɟʰˈoːtaː
سمجھوتہ	sˌəmɟʰˈoːta
سمجھوتے	sˌəmɟʰˈoːteː
سمجھی	sˈʌmɟʰˌiː
سمجھیں	sˈʌmɟʰˌẽː
سمجھے	sˈʌmɟʰˌeː
سمز	sˈʌməz
سمسٹر	səmˈʌsʈər
سمعی	səmˈai
سمن	sˈʌmən
سمندر	səmˈʌndər
سمندروں	səmˈʌndərˌõː
سمندری	səmˈʌndərˌiː
سمنوی	səmˈʌnʋi
سمٹ	sɪmˈaʈ
سمٹتیں	sɪmˈaʈtĩː
سمٹی	sˈɪmʈi
سمگل	smˈaɡl
سمگلنگ	smˈaɡlɪnɡ
سمیت	samˈeːt
سمیٹ	səmˈiːʈ
سن	sˈʊn
سنئیے	sʊnˈiːeː
سنئے	sˈʌnˌeː
سنا	sˈʊnaː
سناؤ	sənˈaːoː
سنائی	sənˈaːi
سناتا	sˈʊnaːtˌaː
سنانے	sˈʊnaːnˌeː
سنایا	sˈʊnaːjˌaː
سنبل	sˈʌnbəl
سنبھال	sənbʰˈaːl
سنبھالتے	sənbʰˈaːltˌeː
سنبھالو	sənbʰˈaːloː
سنبھالیں	sənbʰˈaːlẽː
سنبھل	sˈʌnbʰəl
سنت	sʊnnˈat
سنتا	sˈʊntaː
سنتان	sˌəntˈaːn
سنتری	sˈantri
سنتے	sˈʊnteː
سنجیدگی	sənɟˈiːdɡˌiː
سنجیدگیاں	sanɟˈiːdɡiˌãː
سنجیدہ	sənɟˈiːda
سند	sanˈad
سندور	sɪndˈuːr
سندوری	sɪndˈuːri
سنسان	sʊnsˈaːn
سنسنی	sˈʌnsənˌiː
سنسکرت	sˈanskrɪt
سنن	sˈʌnən
سننا	sˈʊnnaː
سننی	sˈʊnni
سننے	sˈʊnneː
سنو	sˈʊnoː
سنور	sʌ̃ʋˈar
سنوڈن	sənˈoːɖən
سنوگی	sənˈoːɡi
سنوگے	sənˈoːɡeː
سنٹرل	sɪnʈrˈal
سنچری	sˈʌncərˌiː
سنڈریلا	sˌənɖərˈiːlaː
سنڈی	sˈʌnɖi
سنک	sˈʌnək
سنکیتوں	sˌənkˈiːtõː
سنگتراشی	sˌənəɡˌətrˈaːʃi
سنگسار	sˌənəɡsˈaːr
سنگل	sˈʌnəɡˌəl
سنگھ	sˈɪnɡʰ
سنگیت	sˈanɡit
سنگین	sˌənɡˈiːn
سنہ	sˈan
سنہری	sʊnˈɛhri
سنہرے	sʊnˈɛhreː
سنی	sˈʊni
سنیما	sɪnˈiːmaː
سنیماؤں	sˌɪnimˈaːõː
سنیچر	sˌanicˈar
سنیں	sˈʊnẽː
سنیے	sˈʊniˌeː
سنے	sˈʊneː
سو	sˈoː
سوئمنگ	soːˈɪmənɡ
سوئنگ	soːˈɪnɡ
سوئٹزرلینڈ	soːˈɪʈəzˌərlˌiːnɖ
سوئچ	soːˈɪc
سوئیاں	sˈoːjãː
سوا	sˈaʋaː
سوائے	saʋˈaːeː
سوات	soːˈaːt
سوادج	saʋˈaːdɪɟ
سوار	saʋˈaːr
سوارتی	saʋˈaːrtˌiː
سواروں	saʋˈaːrõː
سواری	saʋˈaːri
سوال	saʋˈaːl
سوالات	sˌaʋaːlˈaːt
سوانگ	sʋˈaːnɡ
سوتیلی	soːtˈiːli
سوتیلے	soːtˈiːleː
سوتے	sˈoːteː
سوجانا	soːɟˈaːnaː
سود	sˈuːd
سودا	sˈoːdaː
سودے	sˈoːdeː
سور	sˈoːr
سوراخ	soːrˈaːx
سورج	sˈuːraɟ
سوری	sˈoːri
سوریکی	soːrˈiːki
سوزاک	soːzˈaːk
سوزش	sˈoːzɪʃ
سوسن	sˈoːsən
سوشل	sˈoːʃəl
سول	sˈɪʋɪl
سولو	sˈoːloː
سولہ	sˈoːlˌa
سولی	sˈoːli
سوم	sˈoːm
سوموار	sˈoːmʋaːr
سونا	sˈoːnaː
سونامی	soːnˈaːmi
سونورا	soːnˈoːraː
سونپ	sˈoːnp
سونگھتے	sˈoːnəɡʰteː
سونے	sˈoːneː
سوویت	sˌaʋoːiˈat
سوٹ	sˈoːʈ
سوٹکیس	sˌoːʈkˈiːs
سوچ	sˈoːc
سوچا	sˈoːcaː
سوچتا	sˈoːctˌaː
سوچتی	sˈoːctˌiː
سوچتے	sˈoːctˌeː
سوچلو	sˈoːclˌoː
سوچنا	sˈoːcnˌaː
سوچنی	sˈoːcnˌiː
سوچنے	sˈoːcnˌeː
سوچو	sˈoːcoː
سوچیں	sˈoːcẽː
سوچے	sˈoːceː
سوڈا	sˈoːɖaː
سوڈان	soːɖˈaːn
سوک	sˈoːk
سویا	sˈoːjaː
سویرے	saʋˈeːreː
سویلائزڈ	sˌɪʋilˈaːɪzɖ
سویلین	sˌɪʋiliˈan
سویلینز	sˌɪʋiliˈanz
سویوستیت	sˌaʋeːˈoːstiˌat
سویٹر	sʋeːʈˈaɾ
سویٹی	sʋˈiːʈi
سویپ	sʋˈiːp
سویڈن	sʋˈiːɖan
سویکار	sʋikˈaːr
سْلجھا	slˈʌɟʰaː
سْن	snˈʌ
سْنا	snˈaː
سْنتا	snˈʌtaː
سْنتے	snˈʌteː
سْنو	snˈoː
سْنّے	snnˈeː
سٹائل	sʈˈaɪl
سٹائلش	sʈˈaːɪlˌɪʃ
سٹار	sʈˈaːr
سٹارک	sʈˈaːrək
سٹالز	sʈˈaːlz
سٹاپ	sʈˈaːp
سٹاکس	sʈˈaːks
سٹرائیکر	sˌəʈraːˈiːkər
سٹرلنگ	sʈˈarlɪnɡ
سٹرپ	sˈʌʈərˌəp
سٹریٹ	sˌəʈrˈiːʈ
سٹریٹجی	sʈrˈeːʈɪɟˌiː
سٹریچر	sʈreːcˈar
سٹنگ	sˈɪʈɪnɡ
سٹنگز	sˈɪʈɪnɡz
سٹو	sˈʌʈoː
سٹور	sʈˈoːr
سٹوریج	sʈoːrˈiːɟ
سٹول	sʈˈoːl
سٹون	sʈˈoːn
سٹوڈنٹ	sʈˈuːɖanʈ
سٹوڈنٹس	sʈˈuːɖanʈs
سٹوڈیو	sʈˈuːɖiˌoː
سٹپل	sʈɪpˈal
سٹی	sˈɪʈi
سٹیئرنگ	sʈeːˈarɪnɡ
سٹیرائڈز	sʈeːrˈaɪɖz
سٹیشن	sʈeːʃˈan
سٹیشنوں	sʈˈeːʃnˌõː
سٹیفن	sʈˈeːfən
سٹیفین	sʈeːfˈiːn
سٹیل	sʈˈiːl
سٹیم	sʈˈiːm
سٹیمر	sʈimˈar
سٹیمپ	sʈˈeːmp
سٹینڈ	sʈˈeːnɖ
سٹیو	sʈˈeːoː
سٹیون	sʈeːˈoːn
سٹیوی	sʈˈeːʋi
سٹیٹ	sʈˈeːʈ
سٹیٹس	sʈˈeːʈs
سٹیڈیم	sʈˌeːɖiˈam
سٹیک	sʈˈeːk
سٹیے	sˈaʈiˌeː
سپارٹا	səpˈaːrʈaː
سپانسرز	səpˈaːnsərz
سپاٹ	səpˈaːʈ
سپاہی	sɪpˈaːhi
سپاہیو	sˌɪpaːhˈeːoː
سپاہیوں	sɪpˈaːhiˌõː
سپجوادی	sˌəpɟʋˈaːdi
سپر	sˈʌpər
سپرد	sʊpˈʊrd
سپرم	spˈarm
سپرمین	sˌəpərmˈiːn
سپرنٹنڈنٹ	sˌʊparˌɪnʈɪnɖˈanʈ
سپرنگ	sprˈɪnɡ
سپرٹ	spˈɪrɪʈ
سپریم	sʊprˈiːm
سپلائی	sˌəplˈaːi
سپنج	spˈanɟ
سپورٹس	səpˈoːrʈs
سپوٹار	sˌəpoːʈˈaːr
سپہ	sˈɪpa
سپیر	spˈeːr
سپیس	spˈeːs
سپیسز	spˈeːsɪz
سپیشل	speːʃˈal
سپیل	səpˈiːl
سپین	spˈeːn
سپیچ	spˈiːc
سپیڈ	spˈiːɖ
سچ	sˈʌc
سچا	sˈʌcaː
سچائی	səcˈaːi
سچے	sˈʌceː
سڈنی	sˈʌɖnˌiː
سڑ	sˈʌr.
سڑا	sˈʌr.aː
سڑسٹھ	sˈar.satʰ
سڑک	sˈʌr.ək
سڑکوں	sˈʌr.kˌõː
سڑی	sˈʌr.i
سڑے	sˈʌr.eː
سکا	sˈʌkaː
سکاؤٹ	sˌəkaːˈoːʈ
سکارف	səkˈaːrəf
سکتا	sˈʌktˌaː
سکتی	sˈʌktˌiː
سکتیں	sˌaktˈiːn
سکتے	sˈʌktˌeː
سکرٹ	səkˈʌrʈ
سکرپٹ	skrˈɪpʈ
سکرپٹس	skrˈɪpʈs
سکرین	skrˈiːn
سکریپ	sˌəkrˈiːp
سکریچ	sˌəkrˈiːc
سکس	sˈɪks
سکندر	sɪkˈandar
سکندری	sɪkˈandarˌiː
سکو	sˈʌkoː
سکواش	skʋˈaːʃ
سکواڈرن	səkʋˈaːɖərˌən
سکوت	sʊkˈuːt
سکور	skˈoːr
سکول	skˈuːl
سکولوں	skˈuːloːn
سکون	sʊkˈuːn
سکوٹر	skuːʈˈar
سکوپ	skˈoːp
سکوں	sˈʌkõː
سکڈ	sˈʌkəɖ
سکڑ	sʊkˈar.
سکھا	sˈʌkʰaː
سکھاؤ	səkʰˈaːoː
سکھائیں	səkʰˈaːẽː
سکھانے	səkʰˈaːneː
سکھایا	səkʰˈaːjaː
سکہ	sˈɪka
سکی	sˈʌki
سکیل	səkˈiːl
سکیم	skˈiːm
سکینڈل	skˈeːnɖal
سکیورٹی	sˌɪkeːˈoːrɪʈˌiː
سکیٹ	səkˈiːʈ
سکیں	sˈʌkẽː
سکے	sˈʌkeː
سگار	səɡˈaːr
سگرٹ	sˈɪɡrɪʈ
سگریٹ	sɪɡrˈeːʈ
سگنل	sˈʌɡənˌəl
سگنلز	sˈʌɡənˌələz
سہ	sˈɛh
سہا	sˈʌhaː
سہارا	səhˈaːraː
سہارے	səhˈaːreː
سہاونا	sˌəhaːˈoːnaː
سہتے	sˈɛhteː
سہج	sˈɛhɛɟ
سہراب	sɔhrˈaːb
سہرابی	sɔhrˈaːbi
سہروردی	sˌɔharʋˈardi
سہروردیہ	sɔhˈardiˌa
سہسہ	sˈɛhsa
سہل	sˈɛhɛl
سہم	sˈɛhɛm
سہنا	sˈɛhnaː
سہو	sˈɛhɛʋ
سہواً	sˈɛhʋan
سہولت	sˌahuːlˈat
سہولیات	sˌəhoːliˈaːt
سہکارمی	sˈɛhkaːrmi
سہہ	sˈɛh
سہی	sˈʌhi
سہیل	sʊhˈeːl
سی	sˈiː
سیاح	sˌaiˈaːh
سیاحت	sˌaiˈaːhət
سیاحوں	sˌaiˈaːhõː
سیاروں	sjˈaːrõː
سیارہ	sjˈaːrˌa
سیارے	sjˈaːreː
سیاست	sjaːsˈat
سیاسی	sjˈaːsi
سیاق	sjˈaːq
سیال	sjˈaːl
سیاہ	sjˈaːh
سیب	sˈeːb
سید	sˌaiˈad
سیدوں	sˌaiˈadõː
سیدھا	sˈiːdʰaː
سیدھی	sˈiːdʰi
سیدھے	sˈiːdʰeː
سیر	sˈeːr
سیرم	sˈeːrəm
سیریز	sirˈiːz
سیریس	seːrˈiːs
سیریل	sˌiːriˈal
سیریلز	sˌiːriˈalz
سیسو	sˈeːsoː
سیشن	sˈeːʃən
سیفٹیز	sˌeːfʈˈiːz
سیل	sˈeːl
سیلاب	seːlˈaːb
سیلاس	seːlˈaːs
سیلز	sˈeːlz
سیلف	sˈeːlf
سیلفون	sˌeːlfˈoːn
سیلمن	sˈeːləmˌən
سیلولر	seːlˈoːlər
سیم	sˈeːm
سیماب	simˈaːb
سیمابی	simˈaːbi
سیمانکن	seːmˈaːnəkˌən
سیمسٹرز	sˌeːməsʈˈʌrz
سیمپل	sˈeːmpəl
سیمیںٹ	seːmˈẽʈ
سین	sˈeːn
سینئر	sˌiːniˈar
سینتیس	sˌeːntˈiːs
سیندائی	sˈeːndaːˌiː
سینٹ	sˈeːnʈ
سینٹر	sˈeːnʈər
سینٹوس	sˈeːnʈoːs
سینڈوچ	sˈeːnɖoːc
سینکا	sˈeːnkˌaː
سینکڑوں	sˈeːnəkr.õː
سینگ	sˈeːnɡ
سینہ	sˈiːna
سینیئر	sˌiːniˈar
سینیٹ	seːnˈeːʈ
سینیٹر	sˌeːneːʈˈar
سینیٹرز	sˌeːniʈˈʌrz
سینے	sˈiːneː
سیون	sˈeːʋən
سیٹ	sˈeːʈ
سیٹل	sˈeːʈəl
سیٹلائٹ	sˌeːʈlˈaɪʈ
سیٹلمنٹ	seːʈˈɪlmɪnʈ
سیٹلمنٹس	seːʈˈɪlmɪnʈs
سیٹی	sˈeːʈi
سیٹیں	sˈeːʈẽː
سیپ	sˈiːp
سیڈان	seːɖˈaːn
سیڑھیاں	sˈiːr.hjãː
سیڑھیوں	sˈiːr.heːˌõː
سیکرٹ	sˈiːkrɪʈ
سیکرٹری	sˈeːkrɪʈrˌiː
سیکرٹس	sˈiːkrɪʈs
سیکس	sˈeːks
سیکسوفوں	sˌeːksˈoːfõː
سیکسی	sˈeːksˌiː
سیکشن	sˈeːkʃan
سیکنڈ	seːkˈʌnɖ
سیکورٹی	seːkˈoːrʈi
سیکوریٹی	sˌeːkoːrˈiːʈi
سیکڑوں	sˈeːkr.ˌõː
سیکھ	sˈiːkʰ
سیکھا	sˈiːkʰaː
سیکھتے	sˈiːkʰteː
سیکھنا	sˈiːkʰnaː
سیکھنے	sˈiːkʰneː
سیکیورٹی	sˌeːkeːˈoːrʈi
سیکیوریٹی	sˌeːkeːoːrˈiːʈi
سیہون	sɛhʋˈan
سییلی	sjˈeːli
سے	sˈeː
ش	ʃˈiːn
شءِ	ʃˈʌɪ
شا	ʃˈaː
شاؤلن	ʃaːˈoːlən
شائد	ʃˈaɪd
شائستگی	ʃaːˈɪstɡi
شائستہ	ʃˈaɪstˌa
شائع	ʃˈaːja
شائقین	ʃaɪqˈiːn
شائِستہ	ʃˈaːɪsta
شاباش	ʃaːbˈaːʃ
شاخ	ʃˈaːx
شادی	ʃˈaːdi
شاذ	ʃˈaːz
شارامن	ʃaːrˈaːmən
شارمین	ʃˌaːrmˈiːn
شارٹ	ʃˈaːrʈ
شارک	ʃˈaːrɪk
شافٹ	ʃˈaːfəʈ
شال	ʃˈaːl
شالوم	ʃaːlˈoːm
شام	ʃˈaːm
شامل	ʃˈaːmɪl
شان	ʃˈaːn
شانت	ʃˈaːnt
شاندار	ʃˈaːndaːr
شانہ	ʃˈaːnˌa
شاٹ	ʃˈaːʈ
شاٹس	ʃˈaːʈs
شاٹگن	ʃˈaːʈəɡˌən
شاپنگ	ʃˈaːpɪnɡ
شاگرد	ʃˈaːɡɪrd
شاگردوں	ʃaːɡˈɪrdõː
شاہ	ʃˈaːh
شاہانہ	ʃaːhˈaːnˌa
شاہراہ	ʃˈaːhraːh
شاہکار	ʃˈaːhkaːr
شاہی	ʃˈaːhi
شاید	ʃˈaːjad
شایع	ʃˈaːja
شب	ʃˈʌb
شبدانش	ʃˌəbdˈaːnəʃ
شبدجال	ʃˌəbədɟˈaːl
شبہ	ʃˈʌbˌa
شبہات	ʃʊbhˈaːt
شبہے	ʃˈʌbhˌeː
شبیہ	ʃabˈiːh
شبے	ʃˈʌbeː
شتر	ʃˈʌtər
شترمرغ	ʃˈʌtərˌəmərˌəɣ
شجوفرینیا	ʃˌəɟoːfrˈiːnjaː
شخس	ʃˈʌxəs
شخص	ʃˈaxʂ
شخصیات	ʃˈaxʂiˌaːt
شخصیت	ʃˈaxʂiˌat
شدت	ʃɪdˈat
شدگان	ʃˌʊdɡˈaːn
شدگی	ʃˈʊdɡi
شدہ	ʃˈʊdˌa
شدید	ʃədˈiːd
شراب	ʃərˈaːb
شرابا	ʃərˈaːbaː
شرابی	ʃərˈaːbi
شرافت	ʃərˈaːfət
شراکت	ʃərˈaːkət
شرح	ʃˌərˈah
شرط	ʃˈart
شرطیہ	ʃˌərtˈiːa
شرف	ʃˈarf
شرفا	ʃʊrˈafaː
شرفاوں	ʃˌərfˈaːõː
شرم	ʃˈarm
شرماو	ʃˌərmˈaːoː
شرمن	ʃˈʌrəmˌən
شرمناک	ʃˌərəmnˈaːk
شرمندا	ʃˌarmˈɪndaː
شرمندگی	ʃˌarmˈɪndɡi
شرمندہ	ʃˌarmˈɪnda
شرمگاہوں	ʃˌərəmɡˈaːhõː
شروع	ʃˈʊruː
شروعات	ʃˌʊruːˈaːt
شروعاتی	ʃərʋˈaːti
شرٹ	ʃˈʌrʈ
شرٹوں	ʃˈʌrʈõː
شرکت	ʃˌɪrkˈat
شری	ʃrˈiː
شریان	ʃərjˈaːn
شریعت	ʃˌariˈat
شریمان	ʃˌərimˈaːn
شریمتی	ʃərˈiːmtˌiː
شش	ʃˈʌʃ
ششش	ʃˈʌʃəʃ
شطرنج	ʃˈatranɟ
شطرنجی	ʃatrˈanɟi
شعار	ʃɪˈaːr
شعاع	ʃˈʊaː
شعبہ	ʃˈɔba
شعبے	ʃˈɔbeː
شعر	ʃˈeːr
شعروں	ʃˈeːrõː
شعری	ʃˈeːri
شعلوں	ʃˈɔlõː
شعلے	ʃˈɔleː
شعور	ʃaˈuːr
شعیب	ʃʊˈeːb
شفا	ʃˈʌfaː
شفاف	ʃəfˈaːf
شفافیت	ʃˌəfaːfiˈat
شفقت	ʃˈafqat
شفٹ	ʃˈɪfʈ
شفٹنگ	ʃˈɪfʈɪnɡ
شق	ʃˈɪq
شقدار	ʃɪqdˈaːr
شقداری	ʃɪqdˈaːri
شقیں	ʃˈɪqẽː
شلجم	ʃˈalɟam
شلجمی	ʃˈalɟamˌiː
شلغم	ʃˈalɣam
شلنگ	ʃˈɪlɪnɡ
شمار	ʃʊmˈaːr
شمال	ʃəmˈaːl
شمالی	ʃəmˈaːli
شمبہ	ʃˈamba
شمس	ʃˈams
شمعیں	ʃəmˈaːẽː
شمولیت	ʃˌʊmuːliˈat
شمٹ	ʃˈʌməʈ
شناخت	ʃənˈaːxt
شناختی	ʃənˈaːxtˌiː
شنید	ʃʊnˈiːd
شنیدہ	ʃʊnˈiːda
شو	ʃˈoː
شواہد	ʃaʋˈaːhɪd
شور	ʃˈoːr
شورش	ʃˈoːrəʃ
شورویروں	ʃˈoːrʋirˌõː
شوریٰ	ʃˈoːraː
شوز	ʃˈoːz
شوقین	ʃoːqˈiːn
شوٹ	ʃˈoːʈ
شوٹر	ʃˈoːʈər
شوٹنگ	ʃˈoːʈɪnɡ
شوکیا	ʃˈoːkjaː
شوہر	ʃoːhˈar
شٹ	ʃˈʌʈ
شپ	ʃˈɪp
شپنگ	ʃˈʌpənɡ
شک	ʃˈʌk
شکار	ʃɪkˈaːr
شکاری	ʃəkˈaːri
شکاگو	ʃəkˈaːɡoː
شکایات	ʃˌəkaːiˈaːt
شکایت	ʃˌɪkaːjˈat
شکر	ʃˈʌkər
شکرگزار	ʃˌəkərˌəɡzˈaːr
شکریہ	ʃʊkrˈiːa
شکریے	ʃʊkrˈiːeː
شکست	ʃɪkˈast
شکستہ	ʃɪkˈasta
شکل	ʃˈakl
شکلوں	ʃˈʌklˌõː
شکلیں	ʃˈʌklˌẽː
شکم	ʃɪkˈam
شکمی	ʃˈɪkmi
شکن	ʃɪkˈan
شکنی	ʃˈɪknˌiː
شکنیں	ʃˈɪknẽː
شکور	ʃakˈuːr
شکووں	ʃˈɪkʋõː
شکوک	ʃʊkˈuːk
شکوہ	ʃˈɪkʋa
شکوے	ʃˈɪkʋeː
شکیل	ʃəkˈiːl
شگاف	ʃɪɡˈaːf
شگاگو	ʃəɡˈaːɡoː
شگن	ʃˈaɡʊn
شہ	ʃˈɛh
شہا	ʃˈʌhaː
شہادت	ʃəhˈaːdət
شہج	ʃˈɛhɟ
شہد	ʃˈɛhɛd
شہر	ʃˈɛhɛr
شہرت	ʃʊhrˈat
شہروں	ʃˈɛhrõː
شہرِ	ʃˈɛhɛrˈeː
شہرۂ	ʃɔhrˈaeː
شہری	ʃˈɛhri
شہریوں	ʃˈɛhriˌõː
شہزادہ	ʃˈɛhzaːdˌa
شہزادی	ʃˈɛhzaːdˌiː
شہزادے	ʃˈɛhzaːdˌeː
شہس	ʃˈɛhs
شہسہ	ʃˈɛhsəˌa
شہسہا	ʃˈɛhsəhˌaː
شہع	ʃˈʌhaː
شہنشاہ	ʃˈɛhnəʃˌaːh
شہوت	ʃəhˈoːt
شہید	ʃəhˈiːd
شیئرنگ	ʃeːˈarɪnɡ
شیاطین	ʃjaːtˈiːn
شیخ	ʃˈeːx
شیخی	ʃˈeːxi
شیر	ʃˈeːr
شیرف	ʃˈeːrəf
شیروں	ʃˈeːrõː
شیرہ	ʃˈiːra
شیرۂ	ʃirˈaeː
شیریں	ʃˈiːĩː
شیشہ	ʃˈiːʃa
شیشے	ʃˈiːʃeː
شیطان	ʃeːtˈaːn
شیطانی	ʃeːtˈaːni
شیعہ	ʃjˈaːa
شیلف	ʃˈeːləf
شیلٹر	ʃˈeːləʈˌər
شیلیوں	ʃˈeːliˌõː
شیمپین	ʃˈeːmpin
شین	ʃˈeːn
شیپرڈ	ʃeːpˈʌrɖ
شیڈو	ʃˈeːɖoː
شیڈول	ʃeːɖˈoːl
ص	sʊˈaːd
صاحب	ʂˈaːhɪb
صاحبان	ʂˌaːhɪbˈaːn
صاد	ʂˈaːd
صارفین	ʂˌaːrfˈiːn
صاف	ʂˈaːf
صافی	ʂˈaːfi
صبح	ʂˌəbˈah
صبر	ʂˈʌbər
صحارا	ʂəhˈaːraː
صحافی	ʂəhˈaːfi
صحافیوں	ʂəhˈaːfiˌõː
صحبت	ʂɔhbˈat
صحت	ʂeːhˈat
صحتِ	ʂeːhˈateː
صحرا	ʂˈʌhərˌaː
صحراء	ʂˈʌhərˌaː
صحن	ʂˈʌhən
صحیح	ʂəhˈiːh
صد	ʂˈʌd
صدارتی	ʂədˈaːrtˌiː
صداق	ʂədˈaːq
صدام	ʂədˈaːm
صدر	ʂˈʌdər
صدمہ	ʂˈadma
صدمے	ʂˈʌdmˌeː
صدی	ʂˈʌdi
صدیوں	ʂˈʌdiˌõː
صراط	ʂərˈaːt
صرف	ʂˈɪrf
صف	ʂˈʌf
صفائی	ʂəfˈaːi
صفات	ʂɪfˈaːt
صفایا	ʂəfˈaːjaː
صفحات	ʂˌəfˈahaːt
صفحہ	ʂˈafhˌaː
صفدر	ʂˈafdar
صفر	ʂɪfˈar
صفوں	ʂˈʌfõː
صلاح	ʂəlˈaːh
صلاحیت	ʂˌəlaːhiˈat
صلاحیتوں	ʂˌalaːhiˈatõː
صلاحیتیں	ʂˌalaːhiˈatẽː
صلح	ʂʊlˈah
صلوں	ʂˈɪlõː
صلہ	ʂˈɪla
صلی	ʂˈʌli
صلیب	ʂəlˈiːb
صلے	ʂˈɪleː
صندوق	ʂəndˈuːq
صنعت	ʂanˈat
صوبوں	ʂˈuːbõː
صوبہ	ʂˈuːba
صوبے	ʂˈuːbeː
صور	ʂˈoːr
صورت	ʂuːrˈat
صورتحال	ʂuːrˈathaːl
صورتیں	ʂuːrˈatẽː
صہ	ʂˈʌa
صہْ	ʂˈʌh
ض	zʊˈaːd
ضء	zˈʌ
ضآؤاط	zˌaːoːˈaːt
ضآؤب	zaːˈoːb
ضأت	zˈʌt
ضائع	zˈaːeː
ضاد	zˈaːd
ضار	zˈaːr
ضامن	zˈaːmɪn
ضبط	zˈabt
ضد	zˈʌd
ضدی	zˈʌdi
ضرر	zˈʌrər
ضروت	zərˈoːt
ضرور	zarˈuːr
ضرورت	zˌaruːrˈat
ضروری	zarˈuːri
ضروریات	zˌaruːriˈaːt
ضلع	zˈɪla
ضلعوں	zˈɪlõː
ضلعی	zɪlˈai
ضلعے	zˈɪleː
ضم	zˈʌm
ضمانت	zəmˈaːnət
ضمن	zˈɪmn
ضمنی	zˈɪmni
ضمیر	zəmˈiːr
ضوابط	zaʋˈaːbət
ضہخہج	zˈʌhəxˌəhəɟ
ط	tˈɔeː
طار	tˈaːr
طاری	tˈaːri
طاس	tˈaːs
طاقت	tˈaːqət
طاقتور	taːqˈatʋar
طاقتوں	tˈaːqtˌõː
طاقتیں	tˈaːqtˌẽː
طالاب	taːlˈaːb
طالب	tˈaːlɪb
طالبان	tˌaːlbˈaːn
طالو	tˈaːloː
طب	tˈɪb
طباً	tabˈan
طبعی	təbˈai
طبقات	tˈabqaːt
طبقہ	tˈabqa
طبقے	tˈʌbqˌeː
طبی	tˈɪbi
طبیعت	tˌabiˈat
طبیعیات	tˌəbjaːiˈaːt
طرح	tˌərˈah
طرخ	tˈʌrəx
طرز	tˈarz
طرزِ	tarzˈeː
طرف	tarˈaf
طرفہ	tˈarfa
طریق	tərˈiːq
طریقوں	tərˈiːqõː
طریقہ	tərˈiːqˌa
طریقے	tərˈiːqeː
ططرف	tˈʌtərˌəf
طلائی	təlˈaːi
طلاق	təlˈaːq
طلب	tˈʌləb
طلسمی	tɪlˈɪsmi
طلوع	tˈʊluː
طلوعِ	tʊlˈuːeː
طنز	tˈanz
طور	tˈɔːr
طوفان	tuːfˈaːn
طوفانوں	tuːfˈaːnõː
طول	tˈuːl
طویل	taʋˈiːl
طوے	tˈaʋeː
طہور	tˈahɔʋˌʊr
طیاروں	tˌaiˈaːrõː
طیارہ	tˌaiˈaːra
طیارے	tˌaiˈaːreː
طیب	tˌaiˈab
طیبہ	tˌaiˈaba
طے	tˈeː
ظ	zˈɔeː
ظء	ʐˈʌ
ظءظ	ʐˈʌʐ
ظأئ	ʐˈʌ
ظؤ	ʐˈʌoː
ظاد	ʐˈaːd
ظالم	ʐˈaːlɪm
ظالمانہ	ʐˌaːlmˈaːnˌa
ظالموں	ʐˈaːlmˌõː
ظاہر	ʐˈaːhɪr
ظرف	ʐˈarf
ظروف	ʐʊrˈuːf
ظریفی	ʐərˈiːfi
ظفر	ʐafˈar
ظلم	ʐˈʊlm
ظلمت	ʐʊlmˈat
ظم	ʐˈʌm
ظن	ʐˈʌn
ظوے	ʐˈaʋeː
ظہ	ʐˈʌa
ظہبی	ʐˈʌhbi
ظہج	ʐˈʌhəɟ
ظہر	ʐˈʊhʊr
ظہور	ʐahˈuːr
ع	ˈaɪn
عءز	ˈaz
عءِ	ˈaɪ
عأؤ	ˈaoː
عؤ	ˈaoː
عائد	aːˈɪd
عاجزی	ˈaːɟzˌiː
عاد	ˈaːd
عادت	ˈaːdət
عادل	ˈaːdəl
عادی	ˈaːdi
عارضی	ˈaːrzˌiː
عاطف	ˈaːtɪf
عالم	ˈaːləm
عالمِ	ˌaːləmˈeː
عالمی	ˈaːlmˌiː
عالمین	ˌaːlmˈiːn
عالی	ˈaːli
عالیشان	ˌaːliʃˈaːn
عالیہ	aːlˈiːa
عام	ˈaːm
عبادات	ˌabaːdˈaːt
عبادت	ɪbˈaːdat
عبادتیں	ɪbˈaːdatˌẽː
عبدالحئی	ˌabdˈaːləhˌəi
عبدالرحمان	ˌabdˌaːlərˌəhəmˈaːn
عبداللہ	ˌabdˈaːləla
عبرت	ɪbrˈat
عبور	ʊbˈuːr
عبوری	ʊbˈuːri
عتاب	ɪtˈaːb
عتابہ	ɪtˈaːba
عترت	ɪtrˈat
عجائبات	ˌaɟaɪbˈaːt
عجلت	ʊɟlˈat
عجیب	aɟˈiːb
عدالت	adˈaːlət
عدالتوں	adˈaːltˌõː
عدالتی	adˈaːltˌiː
عدت	ɪdːˈat
عدم	ˈadəm
عدولی	adˈoːli
عذاب	azˈaːb
عذر	ˈʊzr
عراق	arˈaːq
عراقی	arˈaːqi
عراقیوں	arˈaːqiˌõː
عرب	ˈarəb
عربوں	ˈarbˌõː
عربیوں	ˈarbˌiõː
عرس	ˈʊrs
عرش	ˈarʃ
عرصہ	ˈarʂa
عرصے	ˈarʂˌeː
عرضی	ˈarzi
عرف	ˈʊrf
عرفی	ˈarfˌiː
عروج	ʊrˈuːɟ
عروجی	ʊrˈuːɟi
عریاں	ˈarjãː
عزائم	azˈaɪm
عزت	ɪzzˈat
عزم	ˈazm
عزیز	azˈiːz
عسکری	ˈaskarˌiː
عسکریت	ˈaskarˌiːat
عشرت	ˌɪʃrˈat
عشق	ˈɪʃq
عصر	ˈaʂr
عصمت	ˈaʂmat
عضام	azˈaːm
عضو	ˈʊzʋ
عطا	ˈataː
عطیہ	atˈiːa
عظمت	ˈaʐmat
عظیم	aʐˈiːm
عفت	ɪffˈat
عفتیں	ɪffˈatẽː
عقائد	aqˈaɪd
عقابوں	ʊqˈaːbõː
عقد	ˈaqd
عقل	ˈaql
عقلمند	ˈaqlmand
عقلمندی	aqlmˈandi
عقیدہ	aqˈiːda
عقیدے	aqˈiːdeː
علاج	ɪlˈaːɟ
علاقوں	ɪlˈaːqõː
علاقہ	ɪlˈaːqa
علاقے	ɪlˈaːqeː
علامات	ˌalaːmˈaːt
علامت	alˈaːmət
علامتوں	alˈaːmtˌõː
علامتی	alˈaːmtˌiː
علان	alˈaːn
علاوہ	alˈaːʋa
علم	ˈɪlm
علمدار	ˌaləmdˈaːr
علموں	ˈalmˌõː
علمی	ˈɪlmˌiː
علوم	ʊlˈuːm
علیحدہ	ˈalɛhdˌa
علیکم	alˈiːkəm
علیہ	alˈiːa
عما	ˈamaː
عمار	ɪmˈaːr
عمارت	ɪmˈaːrət
عمارتوں	ɪmˈaːrtˌõː
عمارتیں	ɪmˈaːrtˌẽː
عمان	amˈaːn
عمدہ	ˈʊmda
عمر	ʊmˈar
عمران	ˌɪmrˈaːn
عمرہدئی	ˈʊmrhədi
عمل	ˈaməl
عملدار	ˌaməldˈaːr
عملدرآمد	amˈaldarˌaːmad
عملوں	ˈamlˌõː
عملہ	ˈaməla
عملی	ˈamlˌiː
عملے	ˈamlˌeː
عمیر	ʊmˈeːr
عمیرہ	ʊmˈeːra
عنبریں	ˈambarˌĩː
عنصر	ˈanəʂˌər
عنقریب	ˌanəqrˈiːb
عنوان	ʊnʋˈaːn
عنوانات	ʊnʋˈaːnaːt
عوام	aʋˈaːm
عوامی	aʋˈaːmi
عورت	aˈoːrət
عورتوں	aˈoːrtˌõː
عورتيں	aˈoːrtˌẽː
عورتیں	aˈoːrtˌẽː
عوض	ɪʋˈaz
عکاسی	akˈaːsi
عکس	ˈaks
عکسہ	ˈaksa
عہ	ˈaa
عہج	ˈahəɟ
عہد	ˈɛhɛd
عہدوں	ˌoːhdˈoːn
عہدہ	ˈoːhda
عہدیدار	ˌɔhdeːdˈaːr
عہدیداروں	ˈahdidˌaːrõː
عہدے	ˈoːhdˌeː
عیسائی	ˈiːsaːˌiː
عیسائیت	ˈiːsaːˌiːat
عیسائیوں	ˈiːsaːˌiõː
عیسی	ˈiːsi
عیسیٰ	ˈiːsaː
عیش	ˈɛːʃ
عین	aˈiːn
عینک	aˈiːnək
غ	ɣˈaɪn
غأ	ɣˈʌ
غائب	ɣˈaɪb
غار	ɣˈaːr
غارت	ɣˈaːrət
غازہ	ɣˈaːzˌa
غاص	ɣˈaːʂ
غاط	ɣˈaːt
غافل	ɣˈaːfɪl
غالب	ɣˈaːlɪb
غبارے	ɣʊbˈaːreː
غدار	ɣədˈaːr
غداری	ɣədˈaːri
غدود	ɣʊdˈuːd
غذا	ɣˈɪzaː
غرائب	ɣərˈaɪb
غربا	ɣʊrˈabaː
غربت	ɣˈʊrbat
غرض	ɣˈʌrəz
غرضی	ɣˈʌrzˌiː
غرق	ɣˈʌrəq
غروب	ɣərˈoːb
غرور	ɣʊrˈuːr
غریب	ɣərˈiːb
غزہ	ɣˈʌzˌa
غسل	ɣˈʊsl
غسلی	ɣˈʊsli
غصہ	ɣˈʊʂʂa
غصیلے	ɣəʂˈiːleː
غصے	ɣˈʊʂeː
غفور	ɣafˈuːr
غلام	ɣʊlˈaːm
غلاموں	ɣʊlˈaːmõː
غلبہ	ɣˈʌləba
غلبے	ɣˈʌlbˌeː
غلط	ɣˈʌlət
غلطی	ɣˈʌltˌiː
غلطیوں	ɣˈʌltˌiõː
غلیظ	ɣəlˈiːʐ
غم	ɣˈʌm
غمزدہ	ɣˈʌməzda
غموں	ɣˈʌmõː
غمگین	ɣˌəmɡˈiːn
غنڈا	ɣˈʌnɖaː
غنڈوں	ɣˈʌnɖõː
غنہ	ɣˈʊnna
غوتا	ɣˈoːtaː
غور	ɣˈoːr
غْصل	ɣʂˈʌl
غْصّہ	ɣʂʂˈʌa
غٹاغٹ	ɣəʈˈaːɣəʈ
غہ	ɣˈʌa
غہا	ɣˈʌhaː
غہج	ɣˈʌhəɟ
غیب	ɣˈɛːb
غیر	ɣˈɛːr
غیرت	ɣˈeːrət
غیرتی	ɣˈɛːrti
غین	ɣˈeːn
ـ	lˈetəcʰˈehcˈaːrsˈɪfar
ـءِ	ˈɪ
ـؤ	ˈoː
ـئاہجءز	ˈaːhəɟˌəz
ـئاہش	ˈaːhəʃ
ـار	ˈaːr
ـاط	ˈaːt
ـب	bˈʌ
ف	fˈeː
فءِ	fˈʌɪ
فاؤنڈیشن	faːˈoːnɖeːʃˌan
فائدہ	fˈaɪda
فائدے	fˈaɪdeː
فائر	fˈaɪr
فائرنگ	fˈaːjɪrˌɪnɡ
فائز	fˈaɪz
فائل	fˈaɪl
فائلوں	fˈaɪlõː
فائو	fˈaːoː
فائٹر	fˈaɪʈər
فائی	fˈaːi
فائیو	faːˈeːoː
فاتح	fˈaːtɛh
فاد	fˈaːd
فار	fˈaːr
فارس	fˈaːrɪs
فارسی	fˈaːrsˌiː
فارسیوں	fˈaːrsˌiõː
فارغ	fˈaːrɪɣ
فارم	fˈaːrm
فارما	fˈaːrmˌaː
فارمولے	fˌaːrmˈoːleː
فارمیسی	fˌaːrmˈiːsi
فارمیسیوں	fˌaːrmˈiːsiˌõː
فارمیٹ	fˈɔːrmɛʈ
فارورڈ	faːrˈoːrɖ
فاریسٹر	faːrˈiːsʈər
فاسفورس	fˌaːsfˈoːrəs
فاسٹ	fˈaːsʈ
فاصلوں	fˈaːʂlˌõː
فاصلہ	fˈaːʂəla
فاصلے	fˈaːʂlˌeː
فاط	fˈaːt
فالو	fˈaːloː
فالٹ	fˈaːlʈ
فانی	fˈaːni
فاڑ	fˈaːr.
فتح	fˌətˈah
فتنہ	fˈɪtna
فجر	fˈʌɟər
فجی	fˈʌɟi
فخر	fˈaxr
فرائض	fərˈaɪz
فرات	fˌərˈaːt
فراج	fərˈaːɟ
فرار	fərˈaːr
فراز	fərˈaːz
فراق	fɪrˈaːq
فراموش	fˌəraːmˈoːʃ
فرانس	frˈaːns
فرانسسکو	fərˈaːnsəskoː
فرانسیسی	fərˈaːnsisˌiː
فراڈ	frˈaːɖ
فراہم	fərˈaːhəm
فراہمی	fərˈaːhmi
فربہ	fˈarba
فربہی	fˈarbahˌiː
فرتیلی	fˌərtˈiːli
فرخ	fˈarrʊx
فرد	fˈʌrd
فردوس	fɪrdˈɔːs
فرسودہ	fˌərsˈuːda
فرسٹ	fˈarsʈ
فرش	fˈarʃ
فرشتوں	farˈɪʃtõː
فرشتہ	farˈɪʃta
فرشتے	farˈɪʃteː
فرصت	fˌʊrʂˈat
فرصتی	fʊrʂˈati
فرصتیں	fʊrʂˈatẽː
فرض	fˈarz
فرط	fˈart
فرطیاں	fˈartiˌãː
فرعون	fɪrˈaʊn
فرق	fˈarq
فرقان	fʊrqˈaːn
فرقانی	fʊrqˈaːni
فرقت	fʊrqˈat
فرقتیں	fʊrqˈatẽː
فرقوں	fˈɪrqõː
فرقہ	fˈɪrqa
فرقے	fˈɪrqeː
فرما	fˈʌrmˌaː
فرمائیں	fˌərmˈaːẽː
فرمائیے	fˌərmˈaːjeː
فرمائے	fˌərmˈaːeː
فرمان	fˌərmˈaːn
فرمانبرداری	fˌərmˈaːnbərdˌaːri
فرمانی	fˌərmˈaːni
فرمایا	fˌərmˈaːjaː
فرمایے	fˌərmˈaːjeː
فرنانڈیج	fˌərnˈaːnɖiɟ
فرنٹ	frˈanʈ
فرنٹیئر	fˌərənʈiˈar
فروخت	fərˈoːxt
فروری	fˈarʋarˌiː
فروغ	fərˈoːɣ
فروٹ	frˈuːʈ
فرٹز	fˈʌrʈəz
فرہاد	fˌərhˈaːd
فری	frˈiː
فریب	farˈeːb
فرید	fərˈiːd
فریسنو	fərˈiːsnˌoː
فریق	fərˈiːq
فریقین	fˌariqˈɛːn
فریم	fərˈiːm
فرینڈ	frˈɛnɖ
فرینک	fərˈiːnək
فرینکفرٹ	fˌərinˌəkəfˈʌrʈ
فریڈ	fərˈiːɖ
فریڈرک	fərˈiːɖərˌək
فریگمنٹ	fərˈiːɡəmˌənʈ
فزکس	fˈɪzɪks
فسادات	fˌəsaːdˈaːt
فشاں	fˈɪʃãː
فشنگ	fˈʌʃənɡ
فصل	fˈaʂl
فضا	fˈʌzaː
فضائی	fəzˈaːi
فضل	fˈazl
فضلہ	fˈʌzəla
فضلے	fˈʌzlˌeː
فضول	fʊzˈuːl
فضیح	fəzˈiːh
فضیلت	fəzˈiːlət
فطرت	fˌɪtrˈat
فطرتاً	fˌɪtratˈan
فطری	fˈɪtrˌiː
فعال	fˈaːl
فعل	fˈeːl
ففتھ	fˈɪftʰ
ففتھس	fˈɪftʰs
فقدان	fˌʊqdˈaːn
فقر	fˈaqr
فقط	faqˈat
فقہ	fˈɪqa
فقہی	fɪqˈahi
فقیہ	faqˈiːh
فل	fˈʊl
فلائٹ	fəlˈaɪʈ
فلائی	fəlˈaːi
فلافيوس	fˌəlaːfeːˈoːs
فلاپ	fəlˈaːp
فلاڈلفیا	fˌəlaːɖəlˈʌfjaː
فلاڈیلفیا	fˌəlaːɖilˈʌfjaː
فلر	fˈʌlər
فلسطین	fˌələstˈiːn
فلسطینی	fˌələstˈiːni
فلسطینیوں	fˌələstˈiːniˌõː
فلسفہ	fˈalsafˌa
فلسفے	fˈalsafˌeː
فلم	fˈɪlm
فلموں	fˈɪlmõː
فلمیں	fˈɪlmẽː
فلور	fəlˈoːr
فلورجنوب	fˌəloːrˌəɟnˈoːb
فلوریڈا	fˌəloːrˈiːɖaː
فلوٹ	fəlˈoːʈ
فلٹرز	fɪlʈˈarz
فلپ	fˈʌləp
فلپس	fˈʌləpˌəs
فلکیات	fˌəlkiˈaːt
فلی	fˈʌli
فلیش	flˈeːʃ
فلیٹ	flˈeːʈ
فلیپ	flˈeːp
فن	fˈʌn
فنا	fˈʌnaː
فنتاسیوں	fˌəntˈaːsiˌõː
فندا	fˈʌndaː
فنسانا	fənsˈaːnaː
فنون	fʊnˈuːn
فنونی	fʊnˈuːni
فنڈ	fˈʌnɖ
فنڈز	fˈʌnɖz
فنڈنگ	fˈʌnɖɪnɡ
فنگر	fɪnɡˈar
فنگرز	fɪnɡˈarz
فوائد	faʋˈaɪd
فوارہ	faʋˈaːrˌa
فوارے	faʋˈaːreː
فوبیا	fˈoːbjaː
فوج	fˈoːɟ
فوجداروں	fˌoːɟdˈaːrõː
فوجوں	fˈoːɟõː
فوجی	fˈoːɟi
فوجیوں	fˈoːɟiˌõː
فوجیں	fˈoːɟẽː
فور	fˈoːr
فورا	fˈoːraː
فوراً	fˌoːrˈan
فورس	fˈoːrs
فورسز	fˈoːrsɪz
فورنیا	foːrˈʌnjaː
فورٹ	fˈoːrʈ
فورڈ	fˈoːrɖ
فوری	fˈoːri
فوقتاً	faʋˈaqtan
فولادی	foːlˈaːdi
فولڈر	fˈoːlɖər
فون	fˈoːn
فونز	fˈoːnz
فونٹ	fˈoːnʈ
فوٹو	fˈoːʈoː
فوٹوشاپ	fˌoːʈoːʃˈaːp
فوٹوگرافر	fˌoːʈoːɡrˈaːfɪr
فوٹیج	foːʈˈiːɟ
فوڈ	fˈoːɖ
فيلسوف	fˌeːlsˈoːf
فٹ	fˈɪʈ
فٹبال	fʊʈbˈaːl
فٹس	fˈʌʈəs
فٹنس	fˈɪʈnɪs
فٹنگ	fˈɪʈɪnɡ
فڈرل	fˈʌɖərˌəl
فکر	fˈɪkr
فکرمندی	fˈɪkrməndˌiː
فکسنگ	fˌɪksˈɪnɡ
فکسڈ	fˈɪksɖ
فکشن	fɪkʃˈan
فگن	fɪɡˈan
فہ	fˈʌa
فہج	fˈɛhɟ
فہرست	fˈɛhrɪst
فہم	fˈɛhɛm
فہمی	fˈɛhmi
فی	fˈiː
فیدم	fˈeːdəm
فیس	fˈeːs
فیسٹیول	fˌɛsʈiʋˈal
فیصد	fiʂˈad
فیصلوں	fˈeːʂlˌõː
فیصلہ	fˈeːʂəla
فیصلے	fˈeːʂlˌeː
فیلو	fˈeːloː
فیلڈ	fˈeːlɖ
فیما	fˈeːmaː
فیملی	fˈeːmlˌiː
فینکس	fˈeːnəkˌəs
فیوہرر	feːˈoːhərˌər
فیٹ	fˈeːʈ
فیچر	fˈicar
فیچروں	ficˈarõː
فیڈ	fˈeːɖ
فیڈر	fˈeːɖər
فیڈرل	fˈeːɖərˌəl
فیڈریشن	fˌeːɖreːʃˈan
فیڈز	fˈeːɖz
فیکٹری	fˈeːkʈərˌiː
فیکٹریوں	fˈeːkʈərˌiõː
فیںکنا	fˈẽknˌaː
فیہ	fˈiːh
فے	fˈeː
ق	qˈaːf
قءِ	qˈʌɪ
قؤ	qˈʌoː
قئبہج	qˈʌbəhˌəɟ
قا	qˈaː
قائدانہ	qaɪdˈaːnˌa
قائل	qˈaɪl
قائم	qˈaɪm
قابل	qˈaːbɪl
قابلِ	qˈaːbɪlˈeː
قابو	qˈaːbuː
قاتل	qˈaːtɪl
قاتلانہ	qˌaːtlˈaːnˌa
قاتلوں	qˈaːtlˌõː
قاصر	qˈaːʂɪr
قاضی	qˈaːzi
قاعدہ	qˈaːjda
قاف	qˈaːf
قافلوں	qˈaːflˌõː
قافلے	qˈaːflˌeː
قالین	qaːlˈiːn
قانون	qˈaːnuːn
قانونی	qˈaːnuːnˌiː
قبائلی	qəbˈaɪli
قبر	qˈabr
قبضہ	qˈabza
قبضے	qˈʌbzˌeː
قبل	qˈabl
قبلتین	qˌɪblatˈɛːn
قبول	qʊbˈuːl
قبیلہ	qəbˈiːlˌa
قبیلے	qəbˈiːleː
قتل	qˈatl
قتلِ	qatlˈeː
قد	qˈʌd
قدر	qˈadr
قدرت	qʊdrˈat
قدرتی	qʊdrˈati
قدردانی	qˌədrdˈaːni
قدرے	qˈʌdrˌeː
قدم	qˈʌdəm
قدموں	qˈʌdmˌõː
قدمی	qˈʌdmˌiː
قدیم	qədˈiːm
قذافی	qəzˈaːfi
قرآن	qʊrˈaːn
قرار	qərˈaːr
قربان	qˌərbˈaːn
قربانی	qˌərbˈaːni
قربت	qˈʊrbat
قرض	qˈarz
قرضدار	qˌərəzdˈaːr
قرضہ	qˈʌrəza
قرضے	qˈʌrzˌeː
قرطاس	qɪrtˈaːs
قرطبہ	qˈartabˌa
قریب	qərˈiːb
قریبا	qərˈiːbaː
قریباً	qˌəribˈan
قریبی	qərˈiːbi
قسط	qˈɪst
قسم	qˈʌsəm
قسمت	qˌɪsmˈat
قسمتی	qɪsmˈati
قسمیں	qˈʌsmˌẽː
قصائی	qəʂˈaːi
قصاص	qəʂˈaːʂ
قصبے	qˈʌʂbˌeː
قصوں	qɪʂˈoːn
قصہ	qˈɪʂˌa
قصے	qˈɪʂeː
قضاء	qˈʌzaː
قطار	qətˈaːr
قطاروں	qətˈaːrõː
قطب	qˈʊtʊb
قطبی	qˈʊtbi
قطرہ	qˈʌtəra
قطرے	qˈʌtrˌeː
قطع	qˈʌtaː
قطعی	qətˈai
قفقاز	qˌəfqˈaːz
قلب	qˈalb
قلت	qɪllˈat
قلعوں	qˈɪlõː
قلعہ	qəlˈaːa
قلعے	qəlˈaːeː
قلم	qˈʌləm
قلیل	qəlˈiːl
قمیص	qəmˈiːʂ
قمیض	qəmˈiːz
قواعد	qaʋˈaːɪd
قوانین	qˌaʋaːnˈiːn
قوت	quːʋˈat
قوف	qˈoːf
قول	qˈoːl
قوم	qˈoːm
قوموں	qˈoːmõː
قومی	qˈoːmi
قومیت	qˌoːmiˈat
قونصلیٹ	qˌoːnəʂlˈiːʈ
قيروانی	qˈeːrʋaːnˌiː
قْربانیاں	qrəbˈaːnjãː
قہ	qˈʌa
قہج	qˈʌhəɟ
قہجءِ	qˈʌhəɟɪ
قہر	qˈʌhər
قیادت	qˈajaːdˌət
قیام	qˈajaːm
قیامت	qˈajaːmˌət
قید	qˈeːd
قیدی	qˈeːdi
قیدیوں	qˈeːdiˌõː
قیف	qˈeːf
قیمت	qimˈat
قیمتی	qˈiːmti
ك	kˈaf
كءز	zˈʌ
كءِ	ˈɪ
كؤع	ˈoːaː
ل	lˈaːm
لء	lˈʌ
لئے	lˈiːeː
لا	lˈaː
لاء	lˈaː
لاؤ	lˈaːoː
لاؤنج	laːˈoːnɟ
لاؤڈ	laːˈoːɖ
لائبریری	lˌaɪbrˈiːri
لائسنس	laɪsˈʌns
لائق	lˈaɪq
لائن	lˈaɪn
لائنز	lˈaɪnəz
لائنوں	lˈaɪnõː
لائنیں	lˈaɪnẽː
لائٹ	lˈaɪʈ
لائٹر	lˈaɪʈər
لائٹس	lˈaɪʈs
لائیسنس	lˌaːisˈʌns
لائیو	laːˈiːʋ
لائیوسٹاک	lˌaːeːˈoːsʈaːk
لائیں	lˈaːẽː
لائیے	lˈaːjeː
لائے	lˈaːeː
لابسٹر	laːbˈʌsʈər
لابی	lˈaːbi
لات	lˈaːt
لاتا	lˈaːtaː
لاتعلق	laːtˈaːlʊq
لاتعلقی	laːtˈaːlʊqˌiː
لاتوں	lˈaːtõː
لاتے	lˈaːteː
لاجواب	lˈaːɟʋaːb
لاد	lˈaːd
لادن	lˈaːdɪn
لادینیت	lˌaːdiniˈat
لار	lˈaːr
لارنس	laːrˈʌns
لارڈ	lˈaːrɖ
لاری	lˈaːri
لاریسا	laːrˈiːsaː
لاریڈو	laːrˈiːɖoː
لازم	lˈaːzəm
لازما	lˈaːzmˌaː
لازمی	lˈaːzmˌiː
لازوال	lˈaːzʋaːl
لاس	lˈaːs
لاسن	lˈaːsɪn
لاش	lˈaːʃ
لاشیں	lˈaːʃẽː
لاطینی	laːtˈiːni
لاعلم	lˈaːɪlm
لافلن	lˈaːfəlˌən
لال	lˈaːl
لالچ	lˈaːləc
لالچی	lˈaːlcˌiː
لام	lˈaːm
لامتناہی	lˌaːmətnˈaːhi
لامحالہ	lˌaːmhˈaːlˌa
لانا	lˈaːnaː
لانت	lˈaːnət
لانس	lˈaːns
لانگ	lˈaːnɡ
لانے	lˈaːneː
لاو	lˈaːoː
لاوں	lˈaːõː
لاٹ	lˈaːʈ
لاٹوں	lˈaːʈõː
لاٹھی	lˈaːʈʰi
لاپتہ	laːpˈata
لاپرواہ	laːpˈarʋaːh
لاکٹ	lˈaːkəʈ
لاکھ	lˈaːkʰ
لاکھوں	lˈaːkʰõː
لاگ	lˈaːɡ
لاگت	lˈaːɡət
لاگز	lˈaːɡəz
لاگو	lˈaːɡoː
لاگڈ	lˈaːɡəɖ
لاہور	laːhˈoːr
لایا	lˈaːjaː
لب	lˈʌb
لباس	lɪbˈaːs
لباسِ	lˌɪbaːsˈeː
لبرل	lˈʌbərˌəl
لبرٹی	ləbˈʌrʈi
لبنان	lˌəbnˈaːn
لججاجنک	lˌəɟɟˈaːɟənˌək
لحاظ	lɪhˈaːʐ
لرز	lˈʌrəz
لرزاں	lˈʌrzˌãː
لرزہ	lˈarza
لرس	lˈʌrəs
لسٹ	lˈɪsʈ
لشکر	lˈaʃkar
لطف	lˈʊtf
لطیفے	lətˈiːfeː
لعنت	lˈaːnət
لعنتی	lˈaːntˌiː
لغوی	lˈʌɣʋi
لفظ	lˈafʐ
لفظوں	lˈʌfʐˌõː
لفظی	lˈʌfʐˌiː
لفٹ	lˈɪfʈ
لفٹر	lˈɪfʈar
لفٹیں	lˈɪfʈẽː
للہ	lˈʌlˌa
لمبا	lˈʌmbaː
لمبورگینی	lˌəmbuːrɡˈiːni
لمبی	lˈʌmbi
لمبے	lˈʌmbeː
لمحات	lˈamhaːt
لمحوں	lˈʌmhˌõː
لمحہ	lˈamha
لمحے	lˈʌmhˌeː
لمو	lˈʌmoː
لمٹس	ləmˈʌʈs
لن	lˈʌn
لندن	lˈʌndən
لنڈ	lˈʌnɖ
لنڈا	lˈʌnɖaː
لنڈبرگ	lˈʌnɖəbˌərəɡ
لنڈسے	lˈʌnɖəsˌeː
لنک	lˈɪnk
لنکاسٹر	lˌənkˈaːsʈər
لنکس	lˈɪnks
لنگر	lˈʌnəɡˌər
لنگوٹ	lˌənɡˈoːʈ
لنگڑے	lˈʌnəɡr.eː
لو	lˈoː
لوئر	loːˈar
لوئس	loːˈɪs
لوث	lˈoːs
لورا	lˈoːraː
لورین	loːrˈiːn
لوسرن	lˈoːsərˌən
لوط	lˈoːt
لوقا	lˈoːqaː
لولا	lˈoːlaː
لومبارڈ	loːmbˈaːrɖ
لومس	lˈoːməs
لومڑی	lˈoːmr.ˌiː
لونگا	lˈoːnɡˌaː
لونی	lˈoːni
لوٹ	lˈoːʈ
لوٹنا	lˈoːʈnˌaː
لوٹنے	lˈoːʈnˌeː
لوٹی	lˈoːʈi
لوپ	lˈoːp
لوڈ	lˈoːɖ
لوڈنگ	lˈoːɖɪnɡ
لوکیٹر	loːkˈiːʈər
لوگ	lˈoːɡ
لوگو	lˈoːɡoː
لوگوں	lˈoːɡõː
لوں	lˈõː
لوہے	lˈoːheː
لُٹ	lˈʊʈ
لٹل	lˈʌʈəl
لٹکا	lˈʌʈkˌaː
لٹکانے	lˌəʈkˈaːneː
لٹکتی	lˈʌʈəkti
لٹکی	lˈʌʈkˌiː
لپ	lˈʌp
لپسٹک	lˈɪpsʈɪk
لپٹ	lɪpˈaʈ
لپیٹ	lapˈeːʈ
لپیٹا	lapˈeːʈaː
لچک	lˈʌcək
لڑ	lˈʌr.
لڑا	lˈʌr.aː
لڑائی	lər.ˈaːi
لڑاکا	lər.ˈaːkaː
لڑتا	lˈʌr.tˌaː
لڑتے	lˈʌr.tˌeː
لڑرہے	lˈʌr.ərheː
لڑنا	lˈʌr.nˌaː
لڑنی	lˈʌr.nˌiː
لڑنے	lˈʌr.nˌeː
لڑو	lˈʌr.oː
لڑونگا	lər.ˈoːnɡˌaː
لڑکا	lˈʌr.kˌaː
لڑکوں	lˈʌr.kˌõː
لڑکپن	lar.ˈakpan
لڑکھڑاتے	lˌər.əkʰr.ˈaːteː
لڑکی	lˈʌr.kˌiː
لڑکیاں	lər.ˈʌkjãː
لڑکیوں	lˈʌr.kˌiõː
لڑکے	lˈʌr.kˌeː
لڑھک	lˈʌr.hək
لڑی	lˈʌr.i
لڑیں	lˈʌr.ẽː
لڑے	lˈʌr.eː
لک	lˈʌk
لکڑی	lˈʌkr.ˌiː
لکڑیوں	lˈʌkr.ˌiõː
لکھ	lˈɪkʰ
لکھا	lˈɪkʰaː
لکھت	lɪkʰˈat
لکھتیں	lˈɪkʰtĩː
لکھتے	lˈɪkʰteː
لکھنؤ	lˈakʰnaˌuː
لکھنؤی	lˈakʰnaʋˌiː
لکھنؤیت	lˈakʰnaʋˌiat
لکھنا	lˈɪkʰnaː
لکھنوی	lˈakʰnaʋˌiː
لکھنے	lˈɪkʰneː
لکھواتے	lˈɪkʰʋaːtˌeː
لکھوں	lˈɪkʰũː
لکھی	lˈɪkʰi
لکھیں	lˈɪkʰẽː
لکھے	lˈɪkʰeː
لکی	lˈʌki
لکیر	ləkˈiːr
لگ	lˈʌɡ
لگا	lˈʌɡaː
لگاؤ	ləɡˈaːoː
لگائی	ləɡˈaːi
لگائیں	ləɡˈaːẽː
لگائے	ləɡˈaːeː
لگاتا	ləɡˈaːtaː
لگاتار	lˌəɡaːtˈaːr
لگاتی	ləɡˈaːti
لگاتے	ləɡˈaːteː
لگالیں	ləɡˈaːlẽː
لگام	ləɡˈaːm
لگانا	ləɡˈaːnaː
لگانی	ləɡˈaːni
لگانے	ləɡˈaːneː
لگایا	ləɡˈaːjaː
لگتا	lˈʌɡtˌaː
لگتی	lˈʌɡtˌiː
لگتے	lˈʌɡtˌeː
لگرہا	lˈʌɡərhaː
لگنے	lˈʌɡnˌeː
لگو	lˈʌɡoː
لگوا	lˈʌɡʋaː
لگوں	lˈaɡũː
لگی	lˈʌɡi
لگیں	lˈʌɡẽː
لگے	lˈʌɡeː
لہجہ	lˈɛhɟəˌa
لہخءِ	lˈɛhxəˌɪ
لہذا	lɪhˈaːzaː
لہر	lˈɛhɛr
لہراتے	lˈɛhraːtˌeː
لہرایا	lˈɛhraːjˌaː
لہروں	lˈɛhrõː
لہو	lˈahuː
لہولہان	lˌahuːlɪhˈaːn
لہٰذا	lɪhˈaːzaː
لہک	lˈɛhɛk
لی	lˈiː
لیا	lˈiːaː
لیب	lˈeːb
لیبارٹری	leːbˈaːrʈərˌiː
لیبل	lˈeːbəl
لیبوریٹری	lˌeːboːrˈiːʈrˌiː
لیبیا	lˈeːbjaː
لیتا	lˈeːtaː
لیتی	lˈeːti
لیتے	lˈeːteː
لیجئے	lˈeːɟˌeː
لیجنڈ	leːɟˈʌnɖ
لیجیے	lˈiːɟiˌeː
لیزر	lˈeːzər
لیس	lˈeːs
لیفٹیننٹ	lˌeːfʈˈiːnənʈ
لیلن	lˈeːlən
لیمو	lˈiːmuː
لیموں	lˈiːmũː
لین	lˈeːn
لینا	lˈeːnaː
لینس	lˈeːns
لینو	lˈeːnoː
لینڈ	lˈeːnɖ
لینڈنگ	lˈeːnɖɪnɡ
لینی	lˈeːni
لینے	lˈeːneː
لیوا	lˈeːʋaː
لیور	lˈeːʋər
لیوس	lˈeːʋəs
لیون	lˈeːʋən
لیٹ	lˈeːʈ
لیٹرین	lˌeːʈrˈiːn
لیٹش	lˈeːʈəʃ
لیٹے	lˈeːʈeː
لیپ	lˈeːp
لیڈ	lˈeːɖ
لیڈر	liɖˈar
لیڈی	lˈeːɖi
لیک	lˈeːk
لیکر	lˈeːkər
لیکس	lˈiːks
لیکن	lˈeːkɪn
لیگ	lˈiːɡ
لیگزنگٹن	lˈeːɡəzˌənəɡˌəʈən
لیں	lˈẽ
لیے	lˈiːeː
لے	lˈeː
م	mˈiːm
مآب	mˈaːb
مؤثر	məˈoːsər
مئی	mˈʌi
ماؤس	maːˈoːs
ماؤنٹ	maːˈoːnʈ
ماؤنٹین	mˌaːoːnʈˈiːn
مائشٹھیت	mˌaɪʃəʈʰiˈat
مائع	mˈaːeː
مائن	mˈaɪn
مائنس	mˈaɪns
مائچترت	mˈaɪcətˌərət
مائک	mˈaɪk
مائکرو	mˈaɪkrˌoː
مائکروفون	mˌaɪkroːfˈoːn
مائکروویو	mˌaɪkrʋʋˈeːoː
مائیک	maːˈiːk
مائیکروسافٹ	mˌaːikrˈoːsɔfʈ
مائیکروفون	mˌaːikroːfˈoːn
مائیکل	maːˈiːkəl
مابین	maːbˈɛːn
ماتحت	mˈaːtəhˌət
ماتم	maːtˈam
ماتمی	mˈaːtmˌiː
ماجد	mˈaːɟɪd
ماحول	maːhˈoːl
ماحولیاتی	maːhˈoːljaːtˌiː
ماخذ	mˈaːxəz
ماد	mˈaːd
مادر	maːdˈar
مادری	mˈaːdrˌiː
مادہ	mˈaːda
مادے	mˈaːdeː
مار	mˈaːr
مارا	mˈaːraː
مارتا	mˈaːrtˌaː
مارتھا	mˈaːrtʰˌaː
مارتے	mˈaːrtˌeː
مارجن	mˈaːrəɟˌən
مارشل	mˈaːrəʃˌəl
مارفین	mˌaːrfˈiːn
مارلین	mˌaːrlˈiːn
مارنا	mˈaːrnˌaː
مارننگ	mˈaːrnˌɪnɡ
مارنے	mˈaːrnˌeː
مارو	mˈaːroː
مارونگا	maːrˈoːnɡˌaː
ماروں	mˈaːrõː
مارٹر	mˈaːrʈər
مارٹم	mˈaːrʈəm
مارٹن	mˈaːrʈɪn
مارٹینی	mˈaːrʈinˌiː
مارچ	mˈaːrc
مارک	mˈaːrk
مارکس	mˈaːrəkˌəs
مارکو	mˈaːrkˌoː
مارکٹ	mˈaːrkɪʈ
مارکیٹ	mˌaːrkˈiːʈ
مارکیٹنگ	mˈarkiʈˌɪnɡ
مارگی	mˈaːrɡˌiː
ماری	mˈaːri
ماریں	mˈaːrẽː
مارے	mˈaːreː
ماسوائے	mˈaːsʋaːˌeː
ماسٹر	mˈaːsʈər
ماسٹرز	mˈaːsʈərz
ماسک	mˈaːsk
ماسکس	mˈaːsks
ماسکو	mˈaːskˌoː
ماضی	mˈaːzi
مافیا	mˈaːfjaː
مال	mˈaːl
مالبرداری	mˌaːləbrdˈaːri
مالدار	mˌaːldˈaːr
مالش	mˈaːlɪʃ
مالک	mˈaːlɪk
مالکان	mˌaːlkˈaːn
مالکن	mˈaːləkˌən
مالکوں	mˈaːlkˌõː
مالی	mˈaːli
مالیاتی	mˈaːljaːtˌiː
مالیت	mˌaːliˈat
ماموں	mˈaːmũː
مان	mˈaːn
مانا	mˈaːnaː
مانتا	mˈaːntˌaː
مانتی	mˈaːntˌiː
مانتے	mˈaːntˌeː
ماند	mˈaːnd
ماندہ	mˈaːnda
ماننا	mˈaːnnˌaː
مانند	mˈaːnɪnd
ماننی	mˈaːnnˌiː
ماننیی	maːnˈʌnji
ماننے	mˈaːnnˌeː
مانو	mˈaːnoː
مانوں	mˈaːnõː
مانگ	mˈaːnɡ
مانگنے	mˈaːnɡneː
مانگو	mˈaːnɡˌoː
مانگے	mˈaːnɡˌeː
مانی	mˈaːni
مانیٹر	maːnˈiːʈər
مانیں	mˈaːnẽː
مانے	mˈaːneː
ماٹی	mˈaːʈi
ماڈل	mˈaːɖəl
ماڈلنگ	mˈaːɖlˌɪnɡ
ماگتا	mˈaːɡtˌaː
ماں	mˈãː
ماہ	mˈaːh
ماہانہ	maːhˈaːnˌa
ماہر	mˈaːhər
ماہرانہ	mˈaːhraːna
ماہرِ	mˌaːhərˈeː
ماہرین	mˈaːhrin
ماہی	mˈaːhi
مایا	mˈaːjaː
مایاوی	maːjˈaːʋi
مایوس	mˈaːjuːs
مایوسی	mˈaːjuːsˌiː
مبارک	mˌʊbaːrˈak
مبارکباد	mˌəbaːrˌəkbˈaːd
مباشرت	məbˈaːʃɪrˌət
مبالغہ	mʊbˈaːlɪɣˌa
مبتلا	mˈʊbtɪlˌaː
مبدل	mˈʌbədˌəl
مبصرین	mˌʊbaʂɪrˈiːn
مبلغ	mʊbˈallɪɣ
مبنی	mˈʌbnˌiː
مبھی	mˈʌbʰi
مبہم	mʊbhˈam
مبینہ	mˌʊbaiˈanˌa
مت	mˈʌt
متاثر	mʊtˈaːsɪr
متاثرہ	mʊtˈaːsɪrˌa
متاثرین	mˌʊtaːsɪrˈiːn
متبادل	mˌʊtabˈaːdɪl
متبرک	mˌʊtabˈarrɪk
متبرکہ	mˌʊtabˈarrɪkˌa
متجسس	mˌʊtaɟˈasɪs
متحارب	mˌʊtahˈaːrɪb
متحد	mʊtˈahɪd
متحدہ	mʊtˈahɪdˌa
متحرک	mˌʊtahˈarɪk
متحمل	mˌʊtahˈamɪl
متخالف	mˌʊtaxˈaːlɪf
متذبذب	mˌʊtazˈabzɪb
مترادف	mˌʊtaɾˈaːdɪf
مترجم	mˌʊtarˈaɟːɪm
متروک	mˈatruːk
متروکہ	mˈatruːkˌa
متزلزل	mˌʊtazˈalzal
متشابہ	mˌʊtaʃˈaːbeh
متشکر	mˌʊtaʃˈakːɪr
متشکرانہ	mˌʊtaʃˈakːɪrˌaːna
متصبر	mˌʊtaʂˈabːɪr
متصدق	mˌʊtaʂˈadːɪq
متصور	mˌʊtaʂˈuːr
متضاد	mˌʊtazˈaːd
متضبط	mˌʊtazˈabːɪt
متعارف	mʊtˈaːrɪf
متعدد	mʊtˈaːdɪd
متعرف	mutˈaːrɪf
متعرفہ	mʊtˈaːrɪfˌa
متعصب	mʊtˈaːʂɪb
متعلق	mʊtˈaːlɪq
متعلقہ	mʊtˈaːlɪqˌa
متعین	mˌʊtaːiˈan
متعینہ	mˌʊtaiˈana
متغیر	mˌʊtɣaiˈar
متفرق	mˌʊtafˈarɾɪq
متفرقہ	mˌʊtafˈarrɪqˌa
متفق	mʊtˈafɪq
متفقانہ	mˌʊtafɪqˈaːna
متفقہ	mʊtˈafɪqˌa
متقی	mʊtˈaqi
متلاشی	mˌʊtalˈaːʃi
متمدن	mˌʊtamˈadːɪn
متمدنہ	mˌʊtamˈadːɪnˌa
متمول	mˌʊtamˈaʋʋɪl
متمکن	mˌʊtamˈakɪn
متن	mˈʌtən
متنازع	mˌʊtanˈaːzeː
متنازعہ	mˌʊtanaːzˈaːa
متنبہ	mˌʊtanˈabeː
متنوع	mˌʊtanˈaʋeː
متواتر	mˌʊtaʋˈaːtɪr
متوازن	mˌʊtaʋˈaːzɪn
متوازی	mətʋˈaːzi
متوجہ	mˌʊtaʋˈaɟːeː
متوحد	mˌʊtaʋˈahhɪd
متوحش	mˌʊtaʋˈahhɪʃ
متورق	mˌʊtaʋˈarrɪq
متورم	mˌʊtaʋˈarrɪm
متوسط	mˌʊtaʋˈasɪt
متوسطین	mˌʊtaʋˈassitˌiːn
متوسل	mˌʊtaʋˈassɪl
متوسلین	mˌʊtaʋˈassɪlˌiːn
متوصل	mˌʊtaʋˈaʂʂɪl
متوفی	mˌʊtaʋˈaffi
متوفیاں	mˌʊtaʋˈaffiˌãː
متوقع	mˌʊtaʋˈaqeː
متوقف	mˌʊtaʋˈaqːɪf
متولد	mˌʊtaʋˈallɪd
متولی	mˌʊtaʋˈalli
متک	mˈʌtək
متکبر	mˌʊtakˈabːɪr
متکمل	mˌʊtakˈammɪl
مثال	mɪsˈaːl
مثالکے	mɪsˈaːlkeː
مثالی	mɪsˈaːli
مثبت	mˌʊsbˈat
مثلث	mˌʊsalˈas
مجاز	məɟˈaːz
مجازی	məɟˈaːzi
مجبور	mˌəɟbˈuːr
مجرجیئ	mˈʌɟərɟi
مجرد	mʊɟˈarrad
مجرم	mˈʊɟrˌɪm
مجرمانہ	mˈʊɟrˌɪmaːna
مجرموں	mˈʊɟrˌɪmõː
مجروح	mˌəɟrˈuːh
مجسم	mʊɟˈassam
مجسموں	mʊɟˈasmõː
مجلس	mˈaɟlɪs
مجلسِ	mˌaɟlɪsˈeː
مجموعہ	mˌaɟmˈuːa
مجموعی	mˈaɟmuːˌiː
مجموعے	mˌaɟmˈuːeː
مجنوں	mˈaɟnũː
مجھ	mˈʊɟʰ
مجھے	mˈʊɟʰeː
مجید	məɟˈiːd
محافظ	mʊhˈaːfɪʐ
محافظوں	mʊhˈaːfɪʐˌõː
محب	mˈʊhɪb
محبت	mʊhˈabːat
محبوب	mɛhbˈuːb
محبوبوں	mɛhbˈuːbõː
محتاط	mɔhtˈaːt
محتاظ	mɔhtˈaːʐ
محترم	mˌʊhtarˈam
محترمہ	mˌʊhtˈarma
محدب	mʊhˈadːab
محدود	mˌɛhdˈuːd
محروم	mɛhrˈuːm
محرکات	mˌʊharɪkˈaːt
محسوس	mˌɛhsˈuːs
محشر	mɛhʃˈar
محض	mˈɛhɛz
محفل	mˈɛhfˌɪl
محفوظ	mˌeːhfˈuːʐ
محقق	mʊhˈaqɪq
محل	mˈʌhəl
محلوں	mˈɛhlõː
محلے	mˈɛhleː
محمد	mʊhˈammad
محمدی	mʊhˈammadˌiː
محنت	mɛhnˈat
محو	mˈɛhɛʋ
محور	mɛhʋˈar
محکم	mɔhkˈam
محکمہ	meːhˈeːkma
محیط	mʊhˈiːt
محیطی	mʊhˈiːti
مخالف	mʊxˈaːlɪf
مخالفت	mˌʊxaːlɪfˈat
مخبر	mˈʊxbˌɪr
مخبری	mˈʊxbˌɪri
مختار	mʊxtˈaːr
مختاری	mʊxtˈaːri
مختتم	mʊxtˈatəm
مختص	mʊxtˈaʂ
مختصر	mˌʊxtaʂˈar
مختصراً	mˌʊxtaʂˈarˈan
مختلف	mˌʊxtˈalɪf
مخرج	mˈaxraɟ
مخروتی	mˈaxruːtˌiː
مخروط	mˌəxrˈuːt
مخزن	mˈaxzan
مخزنوں	mˈaxzanˌõː
مخصوص	mˌəxʂˈuːʂ
مخفی	mˈʌxfˌiː
مخل	mˈʊxɪl
مخلص	mˈʊxlɪʂ
مخلوط	mˌəxlˈuːt
مخلوق	mˌəxlˈuːq
مخلوقات	mˌəxlˌuːqˈaːt
مخواہ	məxʋˈaːh
مخیر	mˌʊxaiˈar
مداح	mədˈaːh
مداحوں	mədˈaːhõː
مداخل	mʊdˈaːxɪl
مداخلت	mˌʊdaːxɪlˈat
مداخلتوں	mədˈaːxəltõː
مدار	mədˈaːr
مداروں	mədˈaːrõː
مدافعت	mˌʊdaːfɪˈat
مداوا	mədˈaːʋaː
مدت	mʊdˈat
مدتی	mʊdːˈati
مدد	mˈʌdəd
مددگار	mˌədədɡˈaːr
مدراس	mˌədrˈaːs
مدرانکن	mˌədrˈaːnəkˌən
مدرسہ	mˈadrasˌa
مدعا	mˈʌdaː
مدعو	mədˈaːoː
مدفون	mˌədfˈuːn
مدمقابل	mˌədmʊqˈaːbɪl
مدنظر	mˈʌdənˌəʐər
مذاق	məzˈaːq
مذاکرات	mˌʊzaːkɪrˈaːt
مذمت	mazˈammat
مذموم	mˌəzmˈuːm
مذہب	mˈazhab
مذہبی	mˈazhabˌiː
مر	mˈʌr
مراحل	mərˈaːhɪl
مراد	mʊrˈaːd
مرادانکل	mˌʊraːdˈaːnəkˌəl
مراسم	marˈaːsɪm
مراعات	mˌəraːˈaːt
مراقبے	mərˈaːqbˌeː
مراکز	mərˈaːkəz
مربع	mˈʌrbˌaː
مربوط	mˌərbˈuːt
مرتا	mˈʌrtˌaː
مرتب	mʊrˈatːab
مرتبان	mˌʊrtabˈaːn
مرتبت	mˈartabˌat
مرتبہ	mˌartˈabˌa
مرتبے	mˈartabˌeː
مرتضیٰ	mʊrtˈazaː
مرتکب	mˌʊrtˈakɪb
مرتھا	mˈʌrtʰˌaː
مرتے	mˈʌrtˌeː
مرجاؤں	mˌərɟaːˈoːn
مرجھا	mˈʌrɟʰˌaː
مرحب	mˈarhab
مرحلہ	mˈarhalˌa
مرحلے	mˈarhalˌeː
مرحمت	mˈarhamˌat
مرحوم	mˌərhˈuːm
مرد	mˈʌrd
مردار	mərdˈaːr
مردوں	mˈʌrdõː
مردہ	mˈʊrda
مردے	mˈʊrdeː
مرسل	mʊrsˈal
مرسیڈیز	mˌərsiɖˈiːz
مرض	mˈarz
مرضی	mˈʌrzˌiː
مرعوب	marˈuːb
مرغ	mˈʊrɣ
مرغن	mʊrˈaɣɣan
مرغوں	mˈʊrɣõː
مرغی	mˈʊrɣi
مرفی	mˈʌrfˌiː
مرلے	mˈʌrlˌeː
مرمت	mˈʌrəmˌət
مرموز	mˌərmˈuːz
مرنا	mˈʌrnˌaː
مرنے	mˈʌrnˌeː
مرو	mˈʌroː
مروا	mˈʌrʋaː
مروان	mərʋˈaːn
مروانی	mərʋˈaːni
مروت	mʊrˈaʋʋat
مروج	mʊrˈaʋʋɪɟ
مروجہ	mʊrˈaʋʋɪɟˌa
مروں	mˈarũː
مرچ	mˈɪrc
مرچکا	mˈʌrcəkˌaː
مرکب	mˌʊrakˈab
مرکبہ	mʊrˈakːabˌa
مرکت	mˈʌrəkˌət
مرکز	mˌarkˈaz
مرکزي	mˈarkazˌi
مرکزی	mˈarkazˌi
مرکوز	mˌərkˈuːz
مرگ	mˈarɡ
مرگئے	mˌərɡˈaeː
مرگی	mˈʌrɡˌiː
مرہون	mˌərhˈuːn
مریخ	mərˈiːx
مریض	mərˈiːz
مریم	mˌariˈam
مریگا	mərˈiːɡaː
مریں	mˈʌrẽː
مرے	mˈʌreː
مزاج	mɪzˈaːɟ
مزاح	mɪzˈaːh
مزاحم	mʊzˈaːhɪm
مزاحمت	mˌʊzaːhɪmˈat
مزاحمتی	mˌʊzaːhɪmˈati
مزاحیہ	mɪzˈaːhiˌa
مزاکرات	mˌəzaːkˌərˈaːt
مزدور	mˌəzdˈuːr
مزہ	mˈʌzˌa
مزید	məzˈiːd
مزیدار	mˌəzidˈaːr
مزے	mˈʌzeː
مس	mˈʌs
مسئل	mˈʌsəl
مسئلہ	mˈʌsəla
مسئلے	mˈʌslˌeː
مسائل	məsˈaɪl
مسافر	mʊsˈaːfɪr
مسافراں	mʊsˈaːfɪrˌãː
مسالیدار	mˌəsaːlidˈaːr
مستثنی	mˈʌsətˌəsnˌiː
مستحسن	mˌʊstɛhsˈan
مستحق	mʊstˈahɪq
مستحقین	mˌʊstɛhqˈiːn
مستحکم	mˌʊstɛhkˈam
مسترد	mˌʊstarˈad
مستری	mˈɪstɪrˌiː
مستریوں	mɪstˈɪrjõː
مستعد	mˌəstˈaːd
مستعدی	mʊstˈaːdi
مستعمل	mʊstˈaːməl
مستقبل	mˌʊstˈaqbˌɪl
مستقل	mˌʊstˈaqɪl
مستند	mˌʊstanˈad
مستنصر	mʊstˈanʂar
مستول	mˌəstˈuːl
مستوی	mʊstˈaʋi
مستی	mˈʌstˌiː
مستیاں	mˈastiˌãː
مسجد	mˈasɟˌɪd
مسجع	mʊsˈaɟːaː
مسح	mˌəsˈah
مسخ	mˈasx
مسخر	mʊsˈaxxar
مسخروں	mˈasxarˌõː
مسدس	mˌʊsadˈas
مسدود	mˌəsdˈuːd
مسرت	mʊsˈarrat
مسز	mˈʌsəz
مسعود	masˈuːd
مسعودہ	masˈuːda
مسقط	mˈasqat
مسلح	mˌʊsalˈah
مسلسل	mˌʊsalsˈal
مسلط	mʊsˈallat
مسلمان	mʊsˈalmˌaːn
مسلمانوں	mʊsˈalmˌaːnõː
مسلموں	mˈʊslˌɪmõː
مسلک	mˈaslak
مسما	mʊsˈammaː
مسمار	mˌɪsmˈaːr
مسمی	mʊsˈammi
مسودہ	mʊsˈaʋʋɪdˌa
مسوری	məsˈoːri
مسوڑھوں	masˈuːr.həˌõː
مسٹر	mɪsʈˈar
مسٹرد	məsʈˈʌrd
مسٹرز	mɪsʈˈarz
مسٹرس	mˈɪsʈrɪs
مسٹری	mˈɪsʈri
مسٹسزم	mˌɪsʈɪsɪzˈam
مسکرا	mˈʊskˌʊraː
مسکرانا	mˈʊskˌʊraːnˌaː
مسکراہٹ	mˌʊskˌʊraːhˈaʈ
مسکن	mˈaskan
مسکنوں	mˈaskanˌõː
مسیح	məsˈiːh
مسیحائی	mˌəsihˈaːi
مسیحی	məsˈiːhi
مشابہ	mʊʃˈaːbɛh
مشاغل	məʃˈaːɣəl
مشاورت	mˌʊʃaːʋɪrˈat
مشاورتی	mˌʊʃaːʋɪrˈati
مشاہدات	mˌʊʃaːhɪdˈaːt
مشاہدہ	mʊʃˈaːhɪdˌa
مشاہدے	mʊʃˈaːhɪdˌeː
مشتبہ	mʊʃtˈabˌa
مشترک	mʊstˈarək
مشترکہ	mʊʃtˈarka
مشتعل	mʊʃtˈaɪl
مشتمل	mˌʊʃtˈamɪl
مشرف	mˌʊʃarˈaf
مشرق	mˈaʃrˌɪq
مشرقی	mˈaʃrˌɪqi
مشروب	mˌəʃrˈuːb
مشروط	mˌəʃrˈuːt
مشرکین	mˌəʃərkˈiːn
مشعل	məʃˈaːl
مشغول	mˌəʃɣˈuːl
مشغولیت	mˌəʃɣˌuːliˈat
مشق	mˈaʃq
مشقت	mʊʃˈaqːat
مشن	mɪʃˈan
مشنری	mɪʃnˈari
مشنز	məʃˈanz
مشورہ	mˈaʃʋarˌa
مشکل	mˈʊʃkˌɪl
مشکلات	mˈʊʃkˌɪlaːt
مشکوک	mˌəʃkˈuːk
مشہور	mˌəʃhˈuːr
مشیر	mʊʃˈiːr
مشیروں	mʊʃˈiːrõː
مشیل	məʃˈiːl
مشین	məʃˈiːn
مشینری	məʃˈiːnrˌiː
مشینوں	məʃˈiːnõː
مشینیں	məʃˈiːnẽː
مصائب	məʂˈaɪb
مصالحت	mˌʊʂaːlɪhˈat
مصالحہ	mʊʂˈaːlɪhˌa
مصالحے	mʊʂˈaːlɪhˌeː
مصدر	mˈaʂdar
مصدق	mʊʂˈadːɪq
مصدقہ	mʊʂˈadːɪqˌa
مصر	mˈɪʂr
مصرع	mˈɪʂraː
مصروف	mˌəʂrˈuːf
مصری	mˈɪʂrˌiː
مصلح	mˈʊʂlɪh
مصلحانہ	mˌʊʂlɪhˈaːna
مصلحت	mˈaʂlɪhˌat
مصنف	mʊʂˈanɪf
مصنوعات	mˈaʂnuːˌaːt
مصنوعی	mˌaʂnˈuːi
مصیبت	məʂˈiːbət
مصیبتیں	məʂˈiːbtˌẽː
مضامین	mˌəzaːmˈiːn
مضبوط	mˌəzbˈuːt
مضحکہ	mˈʌzəhˌəkˌa
مضر	mʊzˈɪr
مضمحل	mʊzmˈahɪl
مضمر	mˈʊzmɪr
مضمری	mˈʊzmɪrˌiː
مضمون	mˌəzmˈuːn
مطابق	mʊtˈaːbɪq
مطابقت	mˌʊtaːbɪqˈat
مطابقتیں	mˌʊtaːbɪqˈatẽː
مطالبات	mʊtˈaːlɪbˌaːt
مطالبہ	mʊtˈaːlɪbˌa
مطالعہ	mʊtˈaːla
مطالعے	mʊtˈaːleː
مطلب	mˈatlab
مطلبی	mˈatlabˌiː
مطلع	mˈʌtlˌaː
مطلق	mʊtlˈaq
مطلوب	mˌətlˈuːb
مطلوبہ	mˌətlˈuːbˌa
مطمئن	mʊtmˈaɪn
مطمئنہ	mʊtmˈaɪna
مطمعن	mˌətmˈaːn
مظاہرہ	mʊʐˈaːhɪrˌa
مظفر	mˌʊʐafˈar
مظلوم	mˌəʐlˈuːm
معائنہ	maːˈɪnˌa
معائنے	mˈaːneː
معاشرت	mˈaːʃərˌət
معاشرہ	mˈaːʃəra
معاشرے	mˈaːʃrˌeː
معاشی	mˈaːʃi
معاف	mˈaːf
معافی	mˈaːfi
معالج	mˈaːləɟ
معاملات	mˌaːməlˈaːt
معاملہ	mˈaːməla
معاملے	mˈaːmlˌeː
معاندانہ	mˌʊaːnɪdˈaːnˌa
معاندت	mˌʊaːnɪdˈat
معاوضہ	mʊˈaːʋɪza
معاوضے	mʊˈaːʋɪzˌeː
معاونت	mˌʊaːʋɪnˈat
معاونتی	mˌʊaːʋɪnˈati
معاھدے	mˈaːhədˌeː
معاہدوں	mʊˈaːhɪdˌõː
معاہدہ	mʊˈaːhɪdˌa
معاہدے	mʊˈaːhɪdˌeː
معبد	mˈaːbəd
معبود	mˈaːbuːd
معبودوں	mˈaːbuːdˌõː
معتدل	mɔtˈadɪl
معترف	mɔtˈarɪf
معترفین	mˌɔtarɪfˈiːn
معتقد	mɔtˈaqɪd
معتقدین	mˌɔtaqɪdˈiːn
معجب	mˈɔɟɪb
معجزات	mˌɔɟɪzˈaːt
معجزانہ	mˌɔɟɪzˈaːnˌa
معجزہ	mˈɔɟɪzˌa
معدنی	mˈaːdnˌiː
معدنیات	mˌaːdniˈaːt
معدہ	mˈaːda
معذرت	mˈaːzrat
معذور	mˈaːzuːr
معراج	meːrˈaːɟ
معراجیں	meːrˈaːɟẽː
معرفت	mˌaːrɪfˈat
معروف	mˈaːruːf
معرکہ	mˈaːrka
معزرت	mˈaːzərˌət
معزز	mʊˈazzɪz
معزِّز	mˈaːzzɪz
معصوم	mˈaːʂuːm
معطل	mˌɔatˈal
معطلی	mˌɔatˈali
معظم	mˌʊaʐˈam
معقد	mʊˈaqɪd
معلوم	mˈaːluːm
معلومات	mˈaːluːmaːt
معلیٰ	mʊˈallaː
معمار	mɛːmˈaːr
معماری	mɛːmˈaːri
معمر	mˌɔamˈar
معمول	mˈaːmuːl
معمولی	mˈaːmuːlˌiː
معموں	mˈaːmõː
معمے	mˈaːmeː
معنوں	mˈaːnõː
معنی	mˈaːni
معیار	maːjˈaːr
معیارات	mˌaːjaːrˈaːt
معیاری	maːjˈaːri
معیشت	mˌaiʃˈat
مغرب	mˈaɣrˌɪb
مغربی	mˈaɣrˌɪbi
مغرور	mˌəɣrˈuːr
مغز	mˈaɣz
مغفرت	mˈʌɣəfˌərət
مغل	mˈʌɣəl
مفادات	mˌəfaːdˈaːt
مفت	mˈʊft
مفرور	mˌəfrˈuːr
مفروضہ	mˌəfrˈuːzˌa
مفصل	mˌʊfaʂˈal
مفعول	mafˈuːl
مفلوج	mˌəflˈuːɟ
مفید	mʊfˈiːd
مقابل	mʊqˈaːbɪl
مقابلہ	mʊqˈaːbɪlˌa
مقابلے	mʊqˈaːbɪlˌeː
مقاصد	məqˈaːʂɪd
مقالعہ	mˌəqaːlˈaːa
مقالہ	məqˈaːlˌa
مقام	məqˈaːm
مقامات	mˌəqaːmˈaːt
مقامی	məqˈaːmi
مقبول	mˌəqbˈuːl
مقدار	mɪqdˈaːr
مقدس	mˌʊqadˈas
مقدم	mʊqˈadːam
مقدمات	mʊqˈadːamˌaːt
مقدموں	mʊqˈadmõː
مقدمہ	mʊqˈadma
مقدمے	mʊqˈadmeː
مقرر	mˌʊqarˈar
مقررہ	mʊqˈarɪrˌa
مقررین	mˌəqərrˈiːn
مقصد	mˈaqʂad
مقفل	mˈʌqəfˌəl
مقلہوں	mˈʌqəlhõː
مقناطیسی	mˌəqnaːtˈiːsi
مقننہ	mʊqˈannɪnˌa
مقید	mˌʊqaiˈad
مقیم	mʊqˈiːm
مل	mˈɪl
ملا	mˈɪlaː
ملاؤ	mɪlˈaːoː
ملائیشیا	mˌəlaːˈiːʃjaː
ملائے	mɪlˈaːeː
ملاتیں	mɪlˈaːtĩː
ملاتے	mˈɪlaːtˌeː
ملاحظات	mʊlˈaːhɪʐˌaːt
ملاحظہ	mʊlˈaːhɪʐˌa
ملازم	mʊlˈaːzɪm
ملازمت	mʊlˈaːzɪmˌət
ملازمتوں	mʊlˈaːzɪmtõː
ملازمتیں	mʊlˈaːzɪmtĩː
ملازمہ	mʊlˈaːzɪma
ملازمین	mˌʊlaːzɪmˈiːn
ملاقات	mˌʊlaːqˈaːt
ملانے	mˈɪlaːnˌeː
ملاپ	məlˈaːp
ملاکر	məlˈaːkər
ملایا	mˈɪlaːjˌaː
ملبے	mˈʌlbˌeː
ملت	mɪlˈat
ملتا	mˈɪltaː
ملتان	mˌʊltˈaːn
ملتوی	mˌʊltˈaʋi
ملتی	mˈɪlti
ملتے	mˈɪlteː
ملحقہ	mˈʊlhˌɪqa
ملرائے	mˌəlrˈaːeː
ملز	mˈʌləz
ملزم	mˈʊlzˌɪm
ملط	mˈʌlət
ملعون	mˌəlaːˈoːn
ملنا	mˈɪlnaː
ملنہ	mˈʌləna
ملنے	mˈɪlneː
ملو	mˈʌloː
ملوث	mʊlˈaʋʋas
ملوں	mˈʌlõː
ملٹری	mɪlˈɪʈri
ملک	mˈʊlk
ملکر	mˈʌləkˌər
ملکوں	mˌʊlkˈoːn
ملکہ	mˈʌləka
ملکی	mˈʊlkˌiː
ملکیت	mˌɪlkiˈat
ملی	mˈɪli
ملیریا	mˌaleːrˈiːaː
ملین	mˌɪliˈan
ملیں	mɪlˈeːn
ملے	mˈɪleː
مم	mˈʌm
مماثل	mʊmˈaːsɪl
مماثلت	mˌʊmaːsɪlˈat
ممالک	mʊmˈaːlɪk
ممانعت	mʊmˈaːnɪˌat
ممباکہ	məmbˈaːkˌa
ممبر	mˈʌmbər
ممبران	mˌəmbərˈaːn
ممتاز	mʊmtˈaːz
ممتحن	mʊmtˈahɪn
ممتزج	mʊmtˈazɪɟ
ممد	mˈʊmɪd
مملکت	mˈamlɪkˌat
ممنوع	mˈʌmnˌuː
ممنوعہ	mˈamnuːˌa
ممکن	mˈʊmkˌɪn
ممکنہ	mˈʊmkˌɪna
ممی	mˈʌmi
ممیز	mˌʊmaiˈaz
من	mˈʌn
منا	mˈʌnaː
منائیں	mənˈaːẽː
مناسب	mʊnˈaːsɪb
مناسبت	mˌʊnaːsɪbˈat
مناظر	mənˈaːʐɪr
منافرت	mˌʊnaːfɪrˈat
منافع	mʊnˈaːfa
منافق	mənˈaːfɪq
منانے	mənˈaːneː
منایا	mənˈaːjaː
منت	mɪnˈat
منتج	mʊntˈaɟ
منتخب	mˌʊntˈaxəb
منتر	mˈantar
منتروں	mˈantarˌõː
منتشر	mˌʊntˈaʃɪr
منتضر	mʊntˈazər
منتظر	mˌʊntˈaʐɪr
منتظم	mʊntˈaʐəm
منتقل	mˌʊntˈaqɪl
منتقلی	mʊntˈaqlˌiː
منتہا	mʊntˈahaː
منتیں	mˈʌntˌĩː
منجمد	mʊnɟˈamɪd
منحصر	mˌʊnhˈaʂɪr
منحنیات	mˌənəhˌəniˈaːt
منحوس	mˌənhˈuːs
مند	mˈʌnd
مندانہ	məndˈaːnˌa
مندر	mˈandɪr
مندرجہ	məndˈarɟa
مندروں	mˈʌndərˌõː
مندمل	mʊndˈamɪl
مندی	mˈʌndi
منزل	mˈanzˌɪl
منزلت	mˈanzɪlˌat
منزلہ	mˈanzˌɪla
منسلک	mʊnsˈalɪk
منسلکہ	mˈʌnsəlˌəkˌa
منسوب	mənsˈuːb
منسوخ	mənsˈuːx
منسوخی	mənsˈuːxi
منسٹر	mˌɪnɪsʈˈar
منشیات	mˌʊnaʃiˈaːt
منصفانہ	mˌʊnʂɪfˈaːnˌa
منصوبوں	mˌənʂˈuːbõː
منصوبہ	mˌənʂˈuːba
منصوبے	mˌənʂˈuːbeː
منضبط	mʊnzˈabɪt
منضبطہ	mʊnzˈabɪtˌa
منطقی	mˈantɪqˌiː
منظر	mˌanʐˈar
منظم	mʊnˈaʐʐam
منظور	mˌanʐˈuːr
منظوری	mˌanʐˈuːri
منع	mˈʌnaː
منعقد	mʊnˈaːqɪd
منعقدہ	mʊnˈaqɪdˌa
منعکس	mʊnˈakɪs
منعکسہ	mʊnˈakɪsˌa
منفرد	mˌʊnfˈarɪd
منفصل	mˌʊnfˈaʂɪl
منفصلہ	mʊnfˈaʂɪlˌa
منفعت	mˈanfɪˌat
منفی	mˈʌnfˌiː
منقبت	mˈanqɪbˌat
منقسم	mˌʊnqˈasɪm
منقسمہ	mʊnqˈasɪmˌa
منقش	mʊnˈaqːaʃ
منقطع	mˌʊnqˈataː
منقلب	mˌʊnqˈalɪb
منور	mʊnˈaʋʋar
منورہ	mʊnˈaʋʋarˌa
منٹ	mˈɪnɪʈ
منٹوں	mˈʌnʈˌõː
منڈی	mˈʌnɖi
منکسر	mʊnkˈasɪr
منکسرانہ	mˌʊnkasɪrˈaːna
منکشف	mʊnkˈaʃɪf
منگل	mˈʌnəɡˌəl
منگوایا	mˌənɡʋˈaːjaː
منگیتر	mˈanɡeːtˌar
منھ	mˈũː
منہ	mˈuːn
منہدم	mˌʊnhˈadɪm
منی	mˈʌni
منیجر	mənˈiːɟər
منیر	mʊnˈiːr
منیرہ	mʊnˈiːra
موئثر	mˌoːasˈar
موا	mˈuːaː
مواد	maʋˈaːd
موازنہ	maʋˈaːzəna
مواصلات	mˌaʋaːʂˌɪlˈaːt
مواصلاتی	mˌaʋaːʂlˈaːti
مواقع	maʋˈaːqeː
موبائل	moːbˈaɪl
موت	mˈoːt
موتی	mˈoːti
موج	mˈoːɟ
موجد	mˈuːɟɪd
موجود	moːɟˈuːd
موجودگی	moːɟˈuːdɡi
موجودہ	moːɟˈuːda
موخر	mʊˈaxxar
موذی	mˈuːzi
مور	mˈoːr
مورت	muːrˈat
مورتی	mˈoːrtˌiː
مورد	mˈuːrɪd
موروثی	moːrˈuːsi
موروکو	moːrˈoːkoː
مورٹز	mˈoːrʈəz
مورچوں	mˈoːrcõː
مورگن	mˈoːrəɡˌən
مورھ	mˈoːrəhh
موزا	mˈoːzaː
موزوں	mˈoːzõː
موزے	mˈoːzeː
موساد	moːsˈaːd
موسم	mˈoːsəm
موسی	mˈoːsi
موسیقی	moːsˈiːqi
موشے	mˈoːʃeː
موصل	mˈoːʂəl
موصول	moːʂˈoːl
موصولہ	moːʂˈoːlˌa
موضوع	mˈoːzuː
موضوعات	mˌoːzuːˈaːt
موضوعاتی	mˌoːzuːˈaːti
موضوعہ	moːzˈuːa
موضوعی	moːzˈuːi
موعود	mɔːˈuːd
موعودہ	mɔːˈuːda
موقع	mˈoːqeː
موقعے	mˈoːqeː
موقف	mˈɔːqɪf
موقوف	mɔːqˈuːf
موقوفی	mɔːqˈuːfi
مولوی	mˈoːlʋi
مولویوں	mˈoːlʋeːˌõː
مومن	mˈoːmɪn
مون	mˈoːn
مونسون	mˈoːnsuːn
مونسونی	mˈoːnsuːnˌiː
مونٹیری	mˈoːnʈirˌiː
مونگ	mˈuːnɡ
مونیکا	moːnˈiːkaː
موومنٹ	mˈuːʋmanʈ
موونگ	maʋˈoːnɡ
مووی	mˈuːʋi
موٹر	mˈoːʈər
موٹی	mˈoːʈi
موٹے	mˈoːʈeː
موڈ	mˈoːɖ
موڑ	mˈoːr.
موڑنے	mˈoːr.nˌeː
موہ	mˈoːh
مویشی	maʋˈiːʃi
مویشیوں	maʋˈiːʃiˌõː
مَشورہ	maʃˈoːrˌa
مُلک	mˈʊlək
مُکافی	mʊkˈaːfi
مِل	mˈɪl
مِلا	mˈɪlaː
مِلنا	mˈɪlnˌaː
مْجرم	mɟˈʌrəm
مْزاکرات	mzˌaːkərˈaːt
مْشِیر	mʃˈiːr
مْلحِد	mlˈʌhɪd
مْنحنی	mnəˈahni
مٹ	mˈɪʈ
مٹا	mˈɪʈaː
مٹانے	mɪʈˈaːneː
مٹتیں	mˈɪʈtĩː
مٹھائی	məʈʰˈaːi
مٹھائیاں	məʈʰˈaːjãː
مٹھاس	məʈʰˈaːs
مٹھی	mˈʌʈʰi
مٹی	mˈɪʈi
مٹے	mˈɪʈeː
مچا	mˈʌcaː
مچان	məcˈaːn
مچانا	məcˈaːnaː
مچل	mˈʌcəl
مچلی	mˈʌclˌiː
مچگن	mˈʌcəɡˌən
مچھلی	mˈʌcʰlˌiː
مچھلیوں	mˈʌcʰlˌiõː
مڈل	mˈʌɖəl
مڈنائٹس	mˌəɖnˈaɪʈs
مڑ	mˈʊr.
مڑو	mˈʌr.oː
مڑیں	mˈʌr.ẽː
مک	mˈʌk
مکئی	mˈʌkˌiː
مکا	mˈʌkaː
مکالمات	mˌəkaːlˌɪmˈaːt
مکان	məkˈaːn
مکانی	məkˈaːni
مکاوت	məkˈaːʋət
مکتب	mˈaktab
مکر	mˈʌkər
مکرر	mˌʊkarˈar
مکروہ	mˈakruːh
مکروہات	mˈakruːhˌaːt
مکس	mˈɪks
مکسر	mɪksˈar
مکسچر	mɪkscˈar
مکعب	mʊkˈaːb
مکعبی	mʊkˈaːbi
مکلف	mʊkˈallaf
مکلفہ	mʊkˈallafˌa
مکمل	mʊkˈammal
مکمکا	mˈʊkmʊkˌaː
مککیبازی	mˌəkkibˈaːzi
مکھ	mˈʊkʰ
مکھی	mˈʌkʰi
مکھیاں	mˈʌkʰjãː
مکھیوں	mˈʌkʰiˌõː
مکی	mˈʌki
مکین	məkˈiːn
مگر	maɡˈar
مگرمچرچھ	mˌəɡərˌəməcˈʌrcʰ
مگرمچھ	maɡˈarmacʰ
مہ	mˈʌa
مہاجر	məhˈaːɟɪr
مہاراج	mˌəhaːrˈaːɟ
مہارت	məhˈaːrət
مہاشی	məhˈaːʃi
مہاکاوی	mˌəhaːkˈaːʋi
مہتواکانکشی	mˈɛhtʋaːkˌaːnəkʃi
مہدہ	mˈɛhda
مہذب	mˌʊhaðˈab
مہر	mˈɛhɛr
مہربان	mˌɛhɛrbˈaːn
مہربانی	mˌɛhɛrbˈaːni
مہرہ	mˈɛhrəˌa
مہریں	mˈɛhrẽː
مہلت	mʊhlˈat
مہلک	mˈʊhlɪk
مہم	mˈʊhɪm
مہمان	mˈɛhmaːn
مہمانوں	mˈɛhmaːnˌõː
مہنگا	mˈɛhnəɡˌaː
مہنگے	mˈɛhnəɡˌeː
مہودی	məhˈoːdi
مہودیا	mˌəhoːdˈiːaː
مہوش	mˈɛhʋɪʃ
مہک	mˈɛhɛk
مہیا	mˌʊhaˈiːaː
مہینوں	məhˈiːnõː
مہینہ	məhˈiːnˌa
مہینے	məhˈiːneː
میئر	meːˈar
میا	mjˈaː
میثاق	misˈaːq
میجر	mˈeːɟər
میدان	meːdˈaːn
میدانوں	meːdˈaːnõː
میدانی	meːdˈaːni
میر	mˈiːr
میرا	mˈeːraː
میرااحمد	mˌeːraːˈaːhəmˌəd
میراث	mirˈaːs
میران	meːrˈaːn
میرٹ	mˈeːrʈ
میرٹھ	meːrˈaʈʰ
میری	mˈeːri
میرین	meːrˈiːn
میرینز	meːrˈiːnəz
میریٹ	meːrˈiːʈ
میرے	mˈeːreː
میز	mˈeːz
میزائل	meːzˈaɪl
میزبان	mˌeːzbˈaːn
میزبانی	mˌeːzbˈaːni
میزیں	mˈeːzẽː
میسر	mˈeːsər
میسوری	meːsˈoːri
میل	mˈeːl
میلز	mˈeːlz
میلنگ	mˈeːlənɡ
میلوڈراگو	mˌeːloːɖrˈaːɡoː
میلویئر	mˌeːlʋiˈar
میلہ	mˈeːlˌa
میم	mˈeːm
میماتی	meːmˈaːti
میمبر	mˈeːmbər
میمز	mˈiːmz
میمساہب	mˌeːmsˈaːhəb
میموری	meːmˈoːri
مین	mˈeːn
مینار	minˈaːr
مینامی	minˈaːmi
مینجر	mˌeːnɪɟˈar
مینجمنٹ	mˈeːnɟəmˌənʈ
مینلینڈ	mˌeːnlˈiːnɖ
مینوئل	mˌeːnoːˈɪl
مینڈارن	mˈeːnɖaːrˌən
مینڈی	mˈeːnɖi
مینڈیٹ	mˈeːnɖiʈ
مینہ	mˈẽːh
مینی	mˈiːni
مینیجر	mˌɛnɛɟˈar
مینیجمنٹ	mˌɛnɛɟmˈanʈ
میوزک	mjˈuːzɪk
میوزیم	mjˌuːziˈam
میوہ	mˈeːʋˌa
میوے	mˈeːʋeː
میٹ	mˈeːʈ
میٹا	mˈeːʈaː
میٹر	miʈˈar
میٹرو	mˈeːʈrˌoː
میٹل	mˈeːʈəl
میٹنگ	mˈiːʈˈɪnɡ
میٹھی	mˈiːʈʰi
میچ	mˈeːc
میچز	mˈeːcɪz
میڈرڈ	meːɖˈʌrɖ
میڈم	mˈeːɖəm
میڈیا	mˈiːɖiˌaː
میڈیلن	meːɖˈiːlən
میکر	mˈeːkər
میکس	mˈeːkəs
میکسیکن	mˌeːksˈiːkən
میکسیکو	mˌeːksˈiːkoː
میگا	mˈeːɡaː
میں	mˈẽ
میںسائن	mẽsˈaɪn
ن	nˈuːn
نئا	nˈʌaː
نئی	nˈʌi
نئے	nˈʌeː
نا	nˈaː
نائب	nˈaɪb
نائبِ	nˌaɪbˈeː
نائن	nˈaɪn
نائٹ	nˈaɪʈ
نائیکی	naːˈiːki
نااہل	naːˈaːhəl
نابود	naːbˈoːd
نابینا	naːbˈiːnaː
ناحق	naːhˈaq
ناخن	nˈaːxən
ناخوشگوار	nˌaːxʊʃɡaʋˈaːr
ناد	nˈaːd
نادان	naːdˈaːn
نادانستہ	nˌaːdaːnˈɪsta
نادر	nˈaːdɪr
نادیہ	naːdˈiːa
نار	nˈaːr
ناراض	naːrˈaːz
نارمل	nˈaːrmal
ناروے	nˈaːrʋeː
ناریل	nˌaːriˈal
ناز	nˈaːz
نازل	nˈaːzəl
نازک	nˈaːzʊk
نازی	nˈaːzi
نازیوں	nˈaːziˌõː
ناس	nˈaːs
ناستے	nˈaːstˌeː
ناشتا	nˈaːʃtˌaː
ناشر	nˈaːʃɪr
ناشکرے	naːʃˈʊkreː
ناص	nˈaːʂ
ناطے	nˈaːteː
ناظرین	nˌaːʐrˈiːn
ناظم	nˈaːʐɪm
نافذ	nˈaːfɪz
نافرمان	nˌaːfərmˈaːn
نافرمانی	nˌaːfərmˈaːni
ناقابل	naːqˈaːbəl
ناقوس	naːqˈoːs
نالی	nˈaːli
نام	nˈaːm
نامزد	nˌaːmzˈad
نامزدگی	nˌaːmzˈadɡˌiː
نامزدگیاں	naːmzˈadɡiˌãː
نامساوات	nˌaːmsˌaːoːˈaːt
نامعلوم	naːmˈaːluːm
ناممکن	nˈaːmʊmkˌɪn
نامناسب	nˌaːmʊnˈaːsɪb
نامناسبت	nˌaːmʊnˌaːsɪbˈat
ناموافق	nˌaːmaʋˈaːfɪq
ناموافقت	nˌaːmaʋˌaːfɪqˈat
ناموافقتی	nˌaːmaʋˌaːfɪqˈati
نامور	nˈaːmʋar
ناموس	naːmˈuːs
ناموں	nˈaːmõː
نامکمل	nˌaːmʊkˈammal
نامہ	nˈaːmˌa
نامی	nˈaːmi
نانبائی	nˈaːnbaːˌiː
نانبائیوں	nˈaːnbaːˌiõː
نانی	nˈaːni
ناو	nˈaːoː
ناوررسکی	nˈaːʋərˌərəski
ناورسکی	nˈaːʋərˌəskˌiː
ناوقت	nˈaːʋaqt
ناٹ	nˈaːʈ
ناپ	nˈaːp
ناپا	nˈaːpaː
ناپاک	naːpˈaːk
ناپسند	nˌaːpəsˈʌnd
ناچ	nˈaːc
ناچتی	nˈaːctˌiː
ناک	nˈaːk
ناکارگر	naːkˈaːrɡar
ناکام	naːkˈaːm
ناکامی	naːkˈaːmi
ناکہ	nˈaːkˌa
ناگزیر	nˌaːɡʊzˈiːr
ناگزیری	nˌaːɡʊzˈiːri
ناگفتنی	naːɡˈʊftni
ناگفتہ	naːɡˈʊfta
ناں	nˈãː
نایاب	naːjˈaːb
نببی	nˈʌbbˌiː
نبوت	nˌabuːʋˈat
نبٹنا	nˈʌbəʈnaː
نبھاتے	nɪbʰˈaːteː
نبی	nˈʌbi
نت	nˈɪt
نتائج	nətˈaɪɟ
نتھالی	nətʰˈaːli
نتیجہ	nətˈiːɟˌa
نتیجے	nətˈiːɟeː
نثر	nˈasr
نجات	nˌəɟˈaːt
نجی	nˈɪɟi
نحس	nˈɛhɛs
نخلستان	nˈaxlɪstˌaːn
نخوت	nˈaxʋat
ندا	nˈɪdaː
ندارد	nˌadaːrˈad
ندرت	nʊdrˈat
ندیم	nədˈiːm
نذاف	nəzˈaːf
نذر	nˈazr
نذرانہ	nˌəzrˈaːnˌa
نذرانے	nˌəzrˈaːneː
نراشا	nərˈaːʃaː
نرخ	nˈɪrx
نرد	nˈʌrd
نرس	nˈars
نرسنگ	nˈarsɪnɡ
نرم	nˈarm
نروئواد	nˌəroːʋˈaːd
نروس	nˈarʋas
نرک	nˈʌrək
نرگس	nˈarɡɪs
نرگسی	nˈarɡɪsˌiː
نزدیک	nˌəzdˈiːk
نزہت	nʊzhˈat
نسا	nˈɪsaː
نسبت	nˌɪsbˈat
نسبتی	nɪsbˈati
نسخہ	nˈʊsxa
نسخے	nˈʊsxeː
نسل	nˈasl
نسلوں	nˈʌslˌõː
نسوانیت	nˌəsʋaːniˈat
نشان	nɪʃˈaːn
نشانات	nɪʃˈaːnaːt
نشاندہی	nɪʃˈaːndəhˌiː
نشانہ	nɪʃˈaːna
نشانی	nɪʃˈaːni
نشانیاں	nɪʃˈaːnjãː
نشانے	nɪʃˈaːneː
نشتر	nˈʌʃtər
نشر	nˈaʃr
نشست	nˈaʃɪst
نشونما	naʃˈoːnʊmˌaː
نشکریتا	nˌəʃəkrˈiːtaː
نشین	nəʃˈiːn
نشیں	nˈaʃĩː
نشے	nˈʌʃeː
نصب	nˈaʂb
نصرت	nʊʂrˈat
نصف	nˈɪʂf
نصوص	nəʂˈoːʂ
نصیحت	nəʂˈiːhət
نطام	nətˈaːm
نطر	nˈʌtər
نظام	nɪʐˈaːm
نظر	naʐˈar
نظرانداز	naʐˈaraːndˌaːz
نظربند	naʐˈarbənd
نظرثانی	naʐˈarsaːnˌiː
نظریات	naʐˈariˌaːt
نظریں	naʐˈarẽː
نظریہ	naʐˈariˌa
نظم	nˈaʐm
نظیر	nəʐˈiːr
نعم	nˈeːm
نعمت	neːmˈat
نعوذ	naˈuːz
نغمے	nˈaɣmeː
نفاذ	nɪfˈaːz
نفرت	nˈafrat
نفس	nˈafs
نفسیات	nˌəfsiˈaːt
نفسیاتی	nˌəfsjˈaːti
نفقہ	nˈafqa
نفوس	nʊfˈuːs
نفیس	nəfˈiːs
نقاب	nəqˈaːb
نقاط	nəqˈaːt
نقب	nˈʌqəb
نقد	nˈʌqəd
نقسان	nˌʊqsˈaːn
نقش	nˈaqʃ
نقشہ	nˈaqʃa
نقشے	nˈʌqʃˌeː
نقصان	nʊqʂˈaːn
نقصانات	nˌʊqʂaːnˈaːt
نقطہ	nˈʊqta
نقطے	nˈʊqteː
نقل	nˈaql
نقلی	nˈʌqlˌiː
نقوش	nʊqˈuːʃ
نل	nˈʌl
نلکاوں	nˌəlkˈaːõː
نلکے	nˈʌlkˌeː
نلی	nˈʌli
نما	nˈʊmaː
نمائش	nˈʊmaːˈɪʃ
نمائندگی	nˈʊmaːˈɪndəɡˌiː
نمائندہ	nˈʊmaːˈɪnda
نمائندے	nˈʊmaːˈɪndeː
نماز	namˈaːz
نمبر	nˈʌmbər
نمبرز	nəmbˈʌrz
نمبروں	nˈʌmbərˌõː
نمونہ	nəmˈoːnˌa
نمونے	nəmˈoːneː
نمٹ	nɪmˈaʈ
نمٹا	nˈɪmʈaː
نمٹتیں	nɪmˈaʈtĩː
نمٹنے	nɪmˈaʈneː
نمک	nˈʌmək
نمیبیا	nəmˈiːbjaː
ننگا	nˈʌnɡˌaː
ننگی	nˈʌnɡˌiː
ننگے	nˈʌnɡˌeː
ننھا	nˈʌnhaː
ننھی	nˈʌnhi
نو	nˈoː
نوازی	nˈaʋaːzˌiː
نوبیاہتا	noːbjˈaːhtaː
نوجوان	nˌɔːɟaʋˈaːn
نوجوانوں	nˈoːɟʋaːnˌõː
نوجوانی	nˌɔːɟaʋˈaːni
نوح	nˈoːh
نوحہ	nˈoːhəˌa
نور	nˈuːr
نورا	nˈuːraː
نورانیت	nˌuːraːniˈat
نوری	nˈuːri
نوش	nˈoːʃ
نوشتن	nˌaʋɪʃtˈan
نوشتہ	naʋˈɪʃta
نوشی	nˈoːʃi
نوع	nˈoː
نوعیت	nˈoːiˌat
نولن	nˈoːlən
نومبر	nˈoːmbər
نون	nˈuːn
نوورسکی	naʋˈoːrəski
نوٹ	nˈoːʈ
نوٹس	nˈoːʈs
نوٹوں	nˈoːʈõː
نوڈل	nˈuːɖʊl
نوڈلز	nˈuːɖʊlz
نوک	nˈoːk
نوکدار	nˌoːkdˈaːr
نوکرانی	nˌoːkrˈaːni
نوکری	nˈoːkrˌiː
نوے	nˈaʋeː
نِتریہ	nˌɪtrˈiːa
نٹ	nˈʌʈ
نپل	nˈʌpəl
نپلس	nˈʌpəlˌəs
نپولین	nˌəpoːlˈiːn
نچلے	nˈɪcleː
نچوڑ	nɪcˈoːr.
نچوڑنا	nɪcˈoːr.naː
نچھاور	nˌɪcʰaːʋˈar
نکال	nɪkˈaːl
نکالا	nɪkˈaːlaː
نکالنا	nɪkˈaːlnaː
نکالنے	nɪkˈaːlneː
نکالو	nɪkˈaːloː
نکالوگے	nɪkˈaːloːɡˌeː
نکالوں	nɪkˈaːlõː
نکالی	nɪkˈaːli
نکالیں	nɪkˈaːlẽː
نکالے	nɪkˈaːleː
نکل	nɪkˈal
نکلا	nˈɪklaː
نکلتا	nɪkˈaltaː
نکلتے	nɪkˈalteː
نکلنا	nɪkˈalnaː
نکلنے	nɪkˈalneː
نکلو	nˈɪkloː
نکلینگے	nɪklˈiːnɡˌeː
نکلیں	nˈɪklẽː
نکلے	nˈɪkleː
نکولس	nəkˈoːləs
نکھر	nɪkʰˈar
نکی	nˈʌki
نکیلی	nəkˈiːli
نگار	nɪɡˈaːr
نگاری	nɪɡˈaːri
نگاہ	nɪɡˈaːh
نگاہیں	nɪɡˈaːhẽː
نگران	nˌɪɡrˈaːn
نگرانی	nˌɪɡrˈaːni
نگل	nˈʌɡəl
نگلنا	nˈʌɡəlnaː
نگوں	nˈɪɡũː
نگہ	nˈɪɡɛh
نگہبان	nˌɪɡɛhbˈaːn
نگہت	nɪɡhˈat
نگہی	nɪɡˈahi
نگہے	nɪɡˈaheː
نگیں	nˈaɡĩː
نہ	nˈa
نہاد	nɪhˈaːd
نہاں	nˈɪhãː
نہایت	nˌɪhaːjˈat
نہرو	nˈɛhruː
نہلے	nˈɛhɛlˌeː
نہين	nəhˈiːn
نہيں	nahˈiːn
نہیں	nahˈiːn
نہیںجاسکو	nˌəhẽɟˈaːskˌoː
نیا	nˈajaː
نیبو	nˈeːboː
نیت	niˈat
نیتوں	niˈatõː
نیتیں	niˈatẽː
نیروبی	neːrˈoːbi
نیزہ	nˈeːzˌa
نیزے	nˈeːzeː
نیشن	nˈeːʃən
نیشنل	nˌɛʃnˈal
نیل	nˈeːl
نیلا	nˈeːlaː
نیلی	nˈeːli
نیلے	nˈeːleː
نیم	nˈiːm
نیند	nˈiːnd
نیو	njˈuː
نیوارک	neːʋˈaːrək
نیواڈا	neːʋˈaːɖaː
نیورمبرگ	nˌeːoːrˈʌmbərˌəɡ
نیوز	njˈuːz
نیوٹن	neːˈoːʈən
نیویارک	nˈeːʋjaːrˌək
نیٹ	nˈeːʈ
نیٹلی	nˈeːʈlˌiː
نیچ	nˈiːc
نیچا	nˈiːcaː
نیچے	nˈiːceː
نیڈ	nˈeːɖ
نیک	nˈeːk
نیکدل	nˈeːkədˌəl
نیکی	nˈeːki
نے	nˈeː
نےترگولک	nˌeːtərɡˈoːlək
نےن	nˈeːn
نےٹلی	nˈeːʈlˌiː
ه	hˈa
هيبارخوس	ˌeːbaːrxˈoːs
هہ	ˈa
و	ˈoː
وءِ	ʋˈʌɪ
وآلہ	ʋˈaːlˌa
وؤ	ˈuːoː
وئذ	ʋəˈɪz
واؤ	ʋˈaːoː
وائبریٹر	ʋˌaɪbrˈiːʈər
وائر	ʋˈaɪr
وائرس	ʋˈaɪrəs
وائن	ʋˈaɪn
وائٹ	ʋˈaɪʈ
وائٹل	ʋˈaɪʈəl
وائڈ	ʋˈaɪɖ
وائی	ʋˈaːi
وائیٹ	ʋaːˈiːʈ
وابستگی	ʋaːbˈastɡi
واجب	ʋˈaːɟɪb
واحد	ʋˈaːhɪd
وادی	ʋˈaːdi
واذ	ʋˈaːz
وار	ʋˈaːr
وارث	ʋˈaːrɪs
واردات	ʋˈaːrdaːt
وارن	ʋˈaːrɪn
وارننگ	ʋˈaːrnˌɪnɡ
وارنٹ	ʋˈaːrənʈ
وارڈ	ʋˈaːrɖ
واریر	ʋaːrˈiːr
واستکار	ʋˌaːsətkˈaːr
واسطہ	ʋˈaːsta
واش	ʋˈaːʃ
واشنگٹن	ʋˌaːʃɪnɡʈˈan
واضح	ʋˈaːzɛh
واضع	ʋˈaːzeː
واقع	ʋˈaːqeː
واقعات	ʋˌaːqeːˈaːt
واقعہ	ʋˈaːqja
واقعی	ʋaːqˈai
واقعے	ʋaːqˈaːeː
واقف	ʋˈaːqɪf
وال	ʋˈaːl
والا	ʋˈaːlaː
والد	ʋˈaːlɪd
والدہ	ʋˈaːldˌa
والدین	ʋˌaːlɪdˈeːn
واللہ	ʋˈallaːh
والوں	ʋˈaːloːn
والٹ	ʋˈaːlʈ
والکر	ʋˈaːləkˌər
والی	ʋˈaːli
والیس	ʋaːlˈiːs
والے	ʋˈaːleː
والےہيں	ʋaːlˈeːhẽː
وان	ʋˈaːn
واٹرلو	ʋˈaːʈərloː
واپس	ʋˈaːpəs
واپسی	ʋˈaːpsˌiː
واچ	ʋˈaːc
واک	ʋˈaːk
واکر	ʋˈaːkər
واگزار	ʋˌaːɡzˈaːr
واگوباگن	ʋˌaːɡoːbˈaːɡən
واہ	ʋˈaːh
وایٹ	ʋaːˈiːʈ
وبالا	ʋəbˈaːlaː
وبستان	ʋˌəbɪstˈaːn
وجرپات	ʋˌəɟərˌəpˈaːt
وجود	ʋʊɟˈuːd
وجوہ	ʋˈʊɟuːh
وجوہات	ʋˈʊɟuːhˌaːt
وجہ	ʋˈʌɟˌa
وحشت	ʋˌeːhʃˈat
وحشی	ʋˈʌhəʃˌiː
وراثت	ʋˌɪraːsˈat
وراست	ʋərˈaːst
ورانہ	ʋərˈaːnˌa
ورتکنجی	ʋˌərətəkˈʌnɟi
ورتھ	ʋˈʌrətʰ
ورثا	ʋʊrˈasaː
ورجن	ʋˈʌrəɟˌən
ورجینیا	ʋˌərɟˈiːnjaː
وردی	ʋˈʌrdi
ورزش	ʋˈarzˌɪʃ
ورزی	ʋˈʌrzˌiː
ورزیوں	ʋˈʌrzˌiõː
ورشن	ʋˈarʃan
ورق	ʋˈʌrəq
ورلڈ	ʋˈarlɖ
ورنن	ʋˈʌrənˌən
ورنہ	ʋˈarna
وروں	ʋˈʌrõː
ورڈ	ʋˈʌrɖ
ورڈز	ʋˈʌrɖz
ورژن	ʋˈarʒan
ورک	ʋˈark
ورکر	ʋˈarkar
ورکرز	ʋˈarkarz
ورکس	ʋˈarks
ورکشاپ	ʋˌərəkʃˈaːp
ورکنگ	ʋˈʌrkˌɪnɡ
وزارتِ	ʋˌəzaːrˌətˈeː
وزن	ʋˈʌzən
وزٹرز	ʋˌɪzɪʈˈʌrz
وزیر	ʋəzˈiːr
وزیراعظم	ʋˌazireːˈaːʐam
وزیرستان	ʋˌəzirɪstˈaːn
وزیٹر	ʋəzˈiːʈər
وسائل	ʋəsˈaɪl
وسط	ʋˈast
وسطی	ʋˈʌstˌiː
وسلم	ʋˈʌsəlˌəm
وسیع	ʋˈʌsi
وشال	ʋəʃˈaːl
وشالکای	ʋˌəʃaːlkˈaːi
وشنو	ʋˈɪʃnuː
وصال	ʋɪʂˈaːl
وصف	ʋˈaʂf
وصل	ʋˈaʂl
وصول	ʋʊʂˈuːl
وصولی	ʋʊʂˈuːl
وصیت	ʋˌəʂiˈat
وصیتوں	ʋˌaʂiˈatõː
وضاحت	ʋəzˈaːhət
وضع	ʋˈʌzaː
وضو	ʋˈʊzuː
وطن	ʋatˈan
وعدوں	ʋˈaːdõː
وعدہ	ʋˈaːda
وعدے	ʋˈaːdeː
وعلیکم	ʋaːlˈiːkəm
وعید	ʋaˈiːd
وغیرہ	ʋaɣˈɛːra
وفات	ʋˌəfˈaːt
وفادار	ʋˌəfaːdˈaːr
وفاداری	ʋˌəfaːdˈaːri
وفاقی	ʋəfˈaːqi
وففوہ	ʋˌəffˈoːa
وقار	ʋəqˈaːr
وقت	ʋˈaqt
وقتوں	ʋˈʌqtˌõː
وقعت	ʋʊqˈat
وقف	ʋˈaqf
وقفہ	ʋˈaqfa
وقفے	ʋˈʌqfˌeː
وقوع	ʋˈʌquː
وقوعہ	ʋəqʋˈaːa
وقوف	ʋəqˈoːf
ول	ʋˈʌl
ولادیمیر	ʋˌəlaːdimˈiːr
ولف	ʋˈʌləf
ولمنگٹن	ʋˈʌləmˌənəɡˌəʈən
ولن	ʋɪlˈan
ولندیز	ʋalˈandeːz
ولندیزی	ʋalˈandeːzˌiː
ولو	ʋˈʌloː
ولولہ	ʋˈalʋalˌa
ولولے	ʋˈalʋalˌeː
ولید	ʋəlˈiːd
ولیم	ʋəlˈiːm
ولینٹ	ʋəlˈiːnʈ
ون	ʋˈʌn
وننگ	ʋˈɪnɪnɡ
ونڈر	ʋˈʌnɖər
ونڈشیلڈ	ʋˌənɖəʃˈiːlɖ
ونڈو	ʋˈʌnɖoː
ونڈوز	ʋənɖˈoːz
ونگ	ʋˈɪnɡ
ونگز	ʋˈʌnəɡˌəz
وو	ʋˈoː
وولف	ʋˈoːləf
وولٹ	ʋˈoːlʈ
ووٹ	ʋˈoːʈ
ووٹنگ	ʋoːʈˈɪnɡ
ووڈ	ʋˈoːɖ
ووین	ʋʋˈeːn
وویک	ʋʋˈeːk
وٹامن	ʋɪʈˈaːmɪn
وچ	ʋˈʌc
وڈ	ʋˈʊɖ
وڈمبنا	ʋəɖˈʌmbənˌaː
وڈمبناوں	ʋˌəɖəmbənˈaːõː
وڈمبناپورن	ʋˌəɖəmbˌənaːpˈoːrən
وژن	ʋˈʌʒən
وک	ʋˈʌk
وکاست	ʋəkˈaːst
وکر	ʋˈʌkər
وکلا	ʋʊkˈalaː
وکلاء	ʋˈʌklˌaː
وکٹ	ʋˈɪkɪʈ
وکٹر	ʋˈɪkʈər
وکٹوریہ	ʋˌɪkʈoːrˈiːa
وکی	ʋˈɪki
وکیل	ʋəkˈiːl
وکیلوں	ʋəkˈiːlõː
وہ	wˈoː
وہا	ʋˈʌhaː
وہاں	ʋˈʌhãː
وہج	ʋˈʌhəɟ
وہف	ʋˈʌhəf
وہم	ʋˈɛhɛm
وہموں	ʋˈɛhmõː
وہمی	ʋˈɛhmi
وہو	ʋˈʌhoː
وہہ	ʋˈʌhəˌa
وہی	ʋˈʌhi
وہیل	ʋəhˈiːl
وہیں	ʋahˈiːn
وی	ʋˈiː
ویئر	ʋeːˈar
ویب	ʋˈeːb
ویتا	ʋˈiːtaː
ویجی	ʋˈeːɟi
ویدر	ʋˈeːdər
ویر	ʋˈeːr
ویران	ʋirˈaːn
ویرانے	ʋirˈaːneː
ویریزون	ʋˌeːrizˈoːn
ویزا	ʋˈiːzaː
ویزہ	ʋˈeːzˌa
ویسا	ʋˈeːsaː
ویسٹرن	ʋˈeːsʈərˌən
ویسے	ʋˈeːseː
ویشیا	ʋˈeːʃjaː
ویل	ʋˈeːl
ویلن	ʋˈeːlən
ویلی	ʋˈeːli
وین	ʋˈeːn
وینزویلا	ʋˌeːnzʋˈiːlaː
وینٹیلیشن	ʋˈeːnʈilˌeːʃan
ویو	ʋˈeːoː
ویوردت	ʋeːˈoːrdət
ویٹا	ʋˈeːʈaː
ویچارشیل	ʋˌeːcaːrʃˈiːl
ویچرچھیدن	ʋˌeːcrcʰˈiːdən
ویچلن	ʋˈeːcəlˌən
ویڈیو	ʋeːɖˈeːoː
ویڈیوز	ʋˌeːɖeːˈoːz
ویژن	ʋˈeːʒən
ویکد	ʋˈeːkəd
ویکسی	ʋˈeːksˌiː
ویکسین	ʋˌeːksˈiːn
ویگاس	ʋeːɡˈaːs
ویگن	ʋˈeːɡən
ویگھٹنکاری	ʋˌeːɡʰəʈˌənkˈaːri
وے	ʋˈeː
ىءز	zˈʌ
ىءض	zˈʌ
ىأثہج	sˈʌhəɟ
ىاد	ˈaːd
ىاطار	aːtˈaːr
ىہ	ˈa
ىہج	hˈʌɟ
يأؤ	jˈʌoː
يؤ	jˈʌoː
يئؤ	jˈʌoː
ياد	jˈaːd
يار	jˈaːr
ياز	jˈaːz
ياص	jˈaːʂ
ياط	jˈaːt
ياطء	jˈaːt
يبنيوس	jˌəbneːˈoːs
يہ	jˈeːh
يہا	jˈʌhaː
يہع	jˈʌhaː
ً	dˈoːzabˈar
ًء	ˈan
ًہ	ˈana
ًہا	ˈanhaː
ًہج	ˈanhəɟ
ًہع	ˈanhaː
ٌء	ˈʊn
ٌءِ	ˈʊnɪ
ٌؤر	ʊnˈoːr
ٌاد	ʊnˈaːd
ٌادءِ	ʊnˈaːdˌɪ
ٌاط	ʊnˈaːt
ٌہ	ˈʊna
ٌہا	ˈʊnhaː
ٌہخ	ˈʊnhəx
ٍءز	zˈʌ
ٍءِ	ˈɪ
ٍہ	ˈa
ٍہا	hˈaː
ٍہج	hˈʌɟ
ٍہف	hˈʌf
َ	zˈəbər
َأ	ˈa
َار	aˈaːr
َاط	aˈaːt
َب	ˈab
َہ	ˈaa
َہا	ˈahaː
َہج	ˈahəɟ
ُ	pˈeːʃ
ُء	ˈʊ
ُءِ	ˈʊɪ
ُأئ	ˈʊ
ُہ	ˈʊa
ُہج	ˈʊhəɟ
ِ	zˈeːr
ِء	ˈɪ
ِءِ	ˈɪɪ
ِأ	ˈɪ
ِئ	ˈɪ
ِاد	ɪˈaːd
ِادہف	ɪˈaːdəhˌəf
ِار	ɪˈaːr
ِاط	ɪˈaːt
ِہا	ˈɪhaː
ِہجءِ	ˈɪhəɟɪ
ِہغہج	ˈɪhəɣˌəhəɟ
ّ	tˌaʃdˈiːd
ّءض	zˈʌ
ّءِ	ˈɪ
ّآ	ˈaː
ّاد	ˈaːd
ّادءّ	ˈaːd
ّار	ˈaːr
ّاز	ˈaːz
ّاط	ˈaːt
ّہ	ˈa
ّہا	hˈaː
ّہج	hˈʌɟ
ّہجءِ	hˈʌɟˌɪ
ّہخہ	hˈʌxˌa
ّہف	hˈʌf
ْ	ɟazˈam
ْءز	zˈʌ
ْءِ	ˈɪ
ْؤ	ˈoː
ْؤہ	ˈoːa
ْاد	ˈaːd
ْاط	ˈaːt
ْہ	ˈa
ْہا	hˈaː
ْہج	hˈʌɟ
ْہف	hˈʌf
ٓ	mˈada
ٰ	ˌalɪfmaqsˈuːrˌa
ٹ	ʈˈeː
ٹا	ʈˈaː
ٹائر	ʈˈaɪr
ٹائم	ʈˈaɪm
ٹائمر	ʈˈaɪmər
ٹائمز	ʈˈaɪməz
ٹائٹس	ʈˈaɪʈs
ٹائٹلز	ʈˌaːɪʈˈalz
ٹائٹن	ʈˈaɪʈən
ٹائی	ʈˈaːi
ٹائیگر	ʈaːˈiːɡər
ٹار	ʈˈaːr
ٹارگٹ	ʈˈaːrəɡˌəʈ
ٹارگیٹ	ʈˌaːrɡˈiːʈ
ٹاسک	ʈˈaːsk
ٹافٹ	ʈˈaːfəʈ
ٹال	ʈˈaːl
ٹام	ʈˈaːm
ٹامی	ʈˈaːmi
ٹانگ	ʈˈaːnɡ
ٹانگوں	ʈˈaːnɡˌõː
ٹانگیں	ʈˈaːnɡˌẽː
ٹاور	ʈˈaːʋər
ٹاورز	ʈaːʋˈʌrz
ٹاپ	ʈˈaːp
ٹاک	ʈˈaːk
ٹاکنگ	ʈˈaːkɪnɡ
ٹرائل	ʈrˈaɪl
ٹرائلز	ʈrˈaɪləz
ٹرالی	ʈrˈaːli
ٹرانزٹ	ʈrˈaːnəzˌəʈ
ٹرانسفر	ʈrˈaːnsəfˌər
ٹرانسمیشن	ʈrˈaːnsəmˌeːʃan
ٹرانسمیٹر	ʈrˈaːnsəmˌiːʈər
ٹرانسپورٹ	ʈrˈaːnspoːrʈ
ٹرانسپورٹر	ʈrˌaːnsəpˈoːrʈər
ٹرانسپونڈر	ʈrˌaːnsəpˈoːnɖər
ٹرانسپیرنسی	ʈrˈaːnsəpˌiːrnsˌiː
ٹربو	ʈˈʌrbˌoː
ٹرسٹ	ʈərˈʌsʈ
ٹرف	ʈˈʌrəf
ٹرم	ʈˈʌrəm
ٹرمنیٹر	ʈˌərəmnˈiːʈər
ٹرمینل	ʈˌərmˈiːnəl
ٹرن	ʈˈʌrən
ٹرناراؤنڈ	ʈˌərnˌaːraːˈoːnɖ
ٹرنک	ʈˈʌrənˌək
ٹروجن	ʈrˈoːɟən
ٹرپل	ʈˈʌrəpˌəl
ٹرک	ʈˈʌrək
ٹرکوں	ʈˈʌrkˌõː
ٹرگر	ʈˈʌrəɡˌər
ٹریس	ʈrˈeːs
ٹریفک	ʈrˈeːfɪk
ٹریلر	ʈrˈeːlər
ٹرین	ʈrˈeːn
ٹرینر	ʈrˈeːnr
ٹریننگ	ʈrˈeːnnɡ
ٹرینوں	ʈrˈeːnõː
ٹریور	ʈreːˈoːr
ٹریول	ʈreːˈoːl
ٹریٹمنٹ	ʈrˈeːʈəmˌənʈ
ٹریڈ	ʈrˈeːɖ
ٹریڈنگ	ʈrˈeːɖɪnɡ
ٹریک	ʈrˈeːk
ٹریکر	ʈrˈeːkər
ٹریکنگ	ʈrˈeːkɪnɡ
ٹریکی	ʈrˈeːki
ٹشو	ʈˈʌʃoː
ٹمٹمانے	ʈˌəməʈmˈaːneː
ٹن	ʈˈʌn
ٹنکر	ʈˈʌnəkˌər
ٹو	ʈˈuː
ٹوئن	ʈoːˈɪn
ٹوائی	ʈaʋˈaːi
ٹوبیس	ʈoːbˈiːs
ٹور	ʈˈoːr
ٹورز	ʈˈoːrz
ٹورس	ʈˈoːrəs
ٹورنامنٹ	ʈˌoːrnˈaːmənʈ
ٹورنٹو	ʈˈoːrənʈoː
ٹوسٹ	ʈˈoːsʈ
ٹول	ʈˈuːl
ٹومی	ʈˈoːmi
ٹون	ʈˈoːn
ٹونگا	ʈˈoːnɡˌaː
ٹونی	ʈˈuːni
ٹوٹ	ʈˈuːʈ
ٹوٹا	ʈˈuːʈaː
ٹوٹتا	ʈˈuːʈtaː
ٹوٹنے	ʈˈuːʈneː
ٹوٹے	ʈˈuːʈeː
ٹوپی	ʈˈoːpi
ٹوک	ʈˈoːk
ٹوکری	ʈˈoːkrˌiː
ٹوکساون	ʈˌoːksˈaːʋən
ٹوکن	ʈˈoːkən
ٹوکیو	ʈoːkˈeːoː
ٹویٹر	ʈaʋˈiːʈər
ٹویٹس	ʈʋˈiːʈs
ٹٹو	ʈˈaʈʈuː
ٹپکاو	ʈˌəpkˈaːoː
ٹچ	ʈˈʌc
ٹک	ʈˈɪk
ٹکتا	ʈˈɪktaː
ٹکرا	ʈˈʌkrˌaː
ٹکرانا	ʈˌəkrˈaːnaː
ٹکرانے	ʈˌəkrˈaːneː
ٹکرایا	ʈˌəkrˈaːjaː
ٹکسٹ	ʈˈɪksʈ
ٹکٹ	ʈˈɪkɪʈ
ٹکٹز	ʈˈɪkɪʈz
ٹکٹس	ʈˈɪkɪʈs
ٹکٹوں	ʈˈɪkʈõː
ٹکٹکی	ʈˈɪkʈɪkˌiː
ٹکڑا	ʈˈʊkr.aː
ٹکڑے	ʈˈʊkr.eː
ٹکی	ʈˈʌki
ٹھاک	ʈʰˈaːk
ٹھمک	ʈʰʊmˈak
ٹھنڈا	ʈʰˈʌnɖaː
ٹھنڈی	ʈʰˈʌnɖi
ٹھنڈے	ʈʰˈʌnɖeː
ٹھوس	ʈʰˈoːs
ٹھوڑی	ʈʰˈoːr.i
ٹھوکر	ʈʰˈoːkər
ٹھٹھر	ʈʰɪʈʰˈar
ٹھٹھک	ʈʰɪʈʰˈak
ٹھٹھہ	ʈʰˈʌʈʰˌa
ٹھکانہ	ʈʰɪkˈaːna
ٹھکانے	ʈʰɪkˈaːneː
ٹھگ	ʈʰˈʌɡ
ٹھہر	ʈʰˈɛhɛr
ٹھہرئے	ʈʰˈʌhəreː
ٹھہرایا	ʈʰɛhrˈaːjaː
ٹھہرو	ʈʰˈɛhroː
ٹھہریئے	ʈʰɛhrˈiːeː
ٹھہریں	ʈʰˈɛhrẽː
ٹھہرے	ʈʰˈɛhreː
ٹھیرو	ʈʰˈeːroː
ٹھیری	ʈʰˈeːri
ٹھیس	ʈʰˈeːs
ٹھیک	ʈʰˈiːk
ٹھیکیدار	ʈʰˌeːkidˈaːr
ٹھیکیداروں	ʈʰˌeːkidˈaːrõː
ٹھیکے	ʈʰˈeːkeː
ٹہرو	ʈˈɛhroː
ٹہل	ʈˈɛhɛl
ٹہلتا	ʈɛhˈɛltaː
ٹہلنے	ʈɛhˈɛlneː
ٹہک	ʈˈɛhɛk
ٹی	ʈˈiː
ٹیب	ʈˈeːb
ٹیبل	ʈˈeːbəl
ٹیبلز	ʈˈeːbʊlz
ٹیبلٹ	ʈˈeːblɪʈ
ٹیبلٹس	ʈˈeːblɪʈs
ٹیبلیٹ	ʈˈeːbleːʈ
ٹیبلیٹس	ʈˈeːbleːʈs
ٹیس	ʈˈiːs
ٹیسٹ	ʈˈeːsʈ
ٹیسٹنگ	ʈˈeːsʈɪnɡ
ٹیلا	ʈˈeːlaː
ٹیلر	ʈˈeːlər
ٹیلنٹ	ʈˈeːlənʈ
ٹیلی	ʈˈeːli
ٹیلیفون	ʈˌeːlifˈoːn
ٹیم	ʈˈiːm
ٹیموں	ʈˈiːmõː
ٹین	ʈˈeːn
ٹینا	ʈˈiːnaː
ٹینس	ʈˈeːnɪs
ٹینڈر	ʈˈeːnɖər
ٹینک	ʈˈeːnək
ٹیوب	ʈjˈuːb
ٹیوٹنک	ʈeːˈoːʈənˌək
ٹیٹ	ʈˈeːʈ
ٹیٹو	ʈˈeːʈoː
ٹیپ	ʈˈeːp
ٹیپو	ʈˈeːpoː
ٹیچ	ʈˈiːc
ٹیچر	ʈˈiːcar
ٹیچنگ	ʈˈicɪnɡ
ٹیڈ	ʈˈeːɖ
ٹیڈی	ʈˈeːɖi
ٹیڑھی	ʈˈeːr.hi
ٹیک	ʈˈeːk
ٹیکس	ʈˈeːks
ٹیکسٹ	ʈˈeːksʈ
ٹیکسٹس	ʈˈeksʈs
ٹیکسی	ʈˈeːksˌiː
ٹیکنالوجی	ʈˌeːknaːlˈoːɟi
ٹیکو	ʈˈeːkoː
ٹیکوں	ʈˈiːkõː
ٹیکٹونک	ʈˈeːkʈoːnˌək
ٹیکہ	ʈˈiːka
ٹیکے	ʈˈiːkeː
ٹے	ʈˈeː
پ	pˈeː
پئیں	pˈʌẽː
پا	pˈaː
پاؤلو	paːˈoːloː
پاؤنڈ	paːˈoːnɖ
پاؤڈر	paːˈoːɖər
پاؤں	paːˈoːn
پائلٹ	pˈaɪləʈ
پائلٹوں	pˈaɪlʈˌõː
پائپ	pˈaɪp
پائی	pˈaːi
پائے	pˈaːeː
پابند	paːbˈʌnd
پابندی	paːbˈʌndi
پاتا	pˈaːtaː
پاتال	paːtˈaːl
پاتھ	pˈaːtʰ
پاتی	pˈaːti
پاتے	pˈaːteː
پادری	pˈaːdrˌiː
پادریوں	pˈaːdrˌiõː
پار	pˈaːr
پارلیمنٹ	pˌaːrlˈiːmənʈ
پارٹنر	pˈaːrʈənˌər
پارٹی	pˈaːrʈi
پارٹیشن	pˈaːrʈeːʃˌan
پارٹیوں	pˈaːrʈiˌõː
پارک	pˈaːrk
پارکنگ	pˈaːrkˌɪnɡ
پاس	pˈaːs
پاسبان	pˌaːsbˈaːn
پاستا	pˈaːstˌaː
پاسداری	pˌaːsdˈaːri
پاسز	pˈaːsəz
پاسورڈس	paːsˈoːrɖəs
پاسپورٹ	pˌaːspˈoːrʈ
پاسپورٹس	pˌaːspˈoːrʈs
پال	pˈaːl
پالا	pˈaːlaː
پالتا	pˈaːltˌaː
پالنے	pˈaːlnˌeː
پالو	pˈaːloː
پالی	pˈaːli
پالیدار	pˌaːlidˈaːr
پالیسی	paːlˈiːsi
پالیسیوں	paːlˈiːsiˌõː
پالیمر	paːlˈiːmər
پامال	paːmˈaːl
پامیلا	paːmˈiːlaː
پانسہ	pˈaːnsəˌa
پانچ	pˈaːnc
پانچویں	pˈaːncʋẽː
پانی	pˈaːni
پانے	pˈaːneː
پاو	pˈaːoː
پاور	pˈaːʋər
پاوں	pˈaːõː
پاٹ	pˈaːʈ
پاپ	pˈaːp
پاپا	pˈaːpaː
پاک	pˈaːk
پاکستان	pˌaːkɪstˈaːn
پاکستانی	pˌaːkɪstˈaːni
پاکستن	pˈaːkəsˌətən
پاگل	pˈaːɡəl
پاگلپن	pˈaːɡəlˌəpən
پاھنڈی	paːhˈʌnɖi
پایا	pˈaːjaː
پبلشنگ	pˈablɪʃˌənɡ
پبلک	pˈablˌɪk
پتا	pˈʌtaː
پتائی	pətˈaːi
پتروں	pˈʌtrˌõː
پتلون	pˌətlˈoːn
پتلی	pˈʌtlˌiː
پتوار	pətʋˈaːr
پتھر	pˈatʰːar
پتھراؤ	pˌətʰrˈaːoː
پتھروں	pˈʌtʰrˌõː
پتھل	pʊtʰˈal
پتہ	pˈʌta
پتی	pˈʌti
پتیوں	pˈʌtiˌõː
پتے	pˈʌteː
پجاما	pəɟˈaːmaː
پختونخوا	paxtˈuːnxʋaː
پدر	pɪdˈar
پدرسری	pɪdˈarsarˌiː
پذیر	pəzˈiːr
پذیری	pəzˈiːri
پر	pˈʌr
پرائر	pərˈaɪr
پرائیویسی	pˌəraːeːʋˈiːsi
پرائیویٹ	pˌəraːeːʋˈiːʈ
پراسرار	pˌʊrˌasrˈaːr
پراسیکیوٹر	pˌəraːsˌiːkeːˈoːʈər
پرامن	pˌʊrˈamn
پرامڈ	pərˈaːməɖ
پرانا	pʊrˈaːnaː
پرانی	pʊrˈaːni
پرانے	pʊrˈaːneː
پراپرٹی	pˌəraːpˈʌrʈi
پربامنڈل	pˌərbaːmˈʌnɖəl
پربل	pˈʌrəbˌəl
پربووں	pərˈʌbʋõː
پرت	pˈʌrət
پرتشدد	pˌʊrtaʃˈadʊd
پرتکلف	pˌʊrtakˈallʊf
پرتگالی	pˌərətɡˈaːli
پرتیاورتن	pˌərtjaːˈoːrətˌən
پرتیبھا	pˌərtˈiːbʰaː
پرجوش	pʊrɟˈoːʃ
پرحجوم	pˌʊrhʊɟˈuːm
پرخلوص	pˌərəxlˈoːʂ
پرخم	pʊrxˈam
پردافاش	pˌərdaːfˈaːʃ
پردہ	pˈʌrdˌa
پرزہ	pˈʌrəza
پرس	pˈʌrəs
پرست	pˈʌrəst
پرستار	pˌərəstˈaːr
پرستی	pˈʌrəsti
پرسکون	pˌʊrsʊkˈuːn
پرسی	pˈʊrsi
پرفضا	pʊrfˈazaː
پرفیکٹ	pˌərfˈeːkʈ
پرل	pˈʌrəl
پرندوں	parˈɪndõː
پرندہ	parˈɪnda
پرندے	parˈɪndeː
پرنس	pərˈʌns
پرنسپل	pərˈʌnsəpˌəl
پرنٹ	prˈɪnʈ
پرنٹرز	prɪnʈˈʌrz
پرنٹروں	prˈɪnʈərˌõː
پرنٹنگ	prˈɪnʈɪnɡ
پرو	prˈoː
پروا	pˈʌrʋaː
پرواز	pərʋˈaːz
پروازوں	pərʋˈaːzõː
پروازیں	pərʋˈaːzẽː
پرواہ	pərʋˈaːh
پرور	pˈarʋar
پروردگار	parʋˈardɪɡˌaːr
پروردہ	parʋˈarda
پرورش	pˈarʋarˌɪʃ
پرورندہ	pˈarʋarˌɪnda
پروروں	pˈarʋarˌoːn
پروری	pˈarʋarˌiː
پروسیسنگ	pˌəroːsˈiːsɪnɡ
پروف	prˈuːf
پروفائل	proːfˈaɪl
پروفیسر	prˌoːfeːsˈar
پروموٹر	proːmˈoːʈər
پرووڈنس	pˌərʋoːɖˈʌns
پروٹوٹائپ	pˌəroːʈoːʈˈaɪp
پروٹوکول	pˌəroːʈoːkˈoːl
پروٹیکشن	pˌəroːʈˈeːkʃan
پروپیگنڈہ	pˌəroːpiɡˈʌnɖəˌa
پروڈجی	pərˈoːɖɟˌiː
پروڈکشن	pərˈoːɖəkˌəʃən
پروڈیوسر	prˈoːɖjuːsˌər
پروگرام	proɡrˈaːm
پروگرامز	proɡrˈaːməz
پروگرامنگ	proɡrˈaːmənɡ
پروگراموں	proɡrˈaːmõː
پروگریسو	prˈoːɡreːsˌɪʋ
پروں	pˈʌrõː
پرویز	pˈarʋeːz
پرچم	pˈʌrcəm
پرچی	pˈʌrci
پرکشش	pˌʊrkˈaʃɪʃ
پرکشیپوکر	pˌərəkʃipˈoːkər
پرکشیپی	pˌərəkʃˈiːpi
پرہار	pˌərhˈaːr
پرہیز	pˌarhˈeːz
پرہیزگاروں	parhˈeːzɡaːrˌõː
پری	pˈʌri
پریزنٹیشن	pˌərizˌənʈeːʃˈan
پریس	prˈeːs
پریشان	pˌəriʃˈaːn
پریشانی	pˌəriʃˈaːni
پریمکا	pərˈiːmkˌaː
پریمی	pərˈiːmi
پریمیم	pˌərimˈiːm
پریوں	pˈʌriˌõː
پریڈ	pərˈiːɖ
پریکٹس	prˈɛkʈɪs
پریی	pˈʌrji
پرے	pˈʌreː
پزا	pˈʌzaː
پزیر	pəzˈiːr
پس	pˈʌs
پست	pˈʌst
پستول	pˌəstˈoːl
پسسٹ	pəsˈʌsʈ
پسند	pəsˈʌnd
پسندی	pəsˈʌndi
پسندیدہ	pasˈandidˌa
پسٹن	pˈʌsʈən
پسینہ	pəsˈiːnˌa
پسینے	pəsˈiːneː
پش	pˈʌʃ
پشاور	pˌɪʃaːʋˈar
پشت	pˈʊʃt
پشتی	pˈʊʃti
پشتینی	pʊʃtˈɛːni
پف	pˈʌf
پل	pˈʌl
پلا	pˈʌlaː
پلازما	pəlˈaːzmˌaː
پلاسٹک	plˈaːsʈɪk
پلان	pəlˈaːn
پلانٹ	pəlˈaːnʈ
پلاٹون	pˌəlaːʈˈoːn
پلایا	pəlˈaːjaː
پلس	pˈʌləs
پلندے	pəlˈʌndeː
پلوٹو	plˈuːʈoː
پلٹ	pˈʌləʈ
پلٹا	pˈʌlʈˌaː
پلٹانے	pˌəlʈˈaːneː
پلٹن	pˈʌləʈˌən
پلگ	pˈʌləɡ
پلی	pˈʌli
پلیز	pəlˈiːz
پلیٹ	plˈeːʈ
پلیٹوں	pleːʈˈoːn
پلیٹیں	plˈeːʈẽ
پلے	pˈʌleː
پمپ	pˈʌmp
پن	pˈʌn
پناہ	pənˈaːh
پناہی	pənˈaːhi
پنجرا	pˈʌnɟərˌaː
پنجری	pˈʌnɟərˌiː
پنجرے	pˈʌnɟərˌeː
پنجی	pˈʌnɟi
پنجے	pˈʌnɟeː
پندرہ	pˈʌndəra
پنرجہرن	pˈʌnərˌəɟəhˌərən
پنرجیویت	pˌənərɟeːˌoːiˈat
پنرملن	pˈʌnərˌəməlˌən
پنپتی	pˈʌnpətˌiː
پنڈ	pˈʌnɖ
پنڈت	pˈanɖɪt
پنکھوں	pˈʌnkʰˌõː
پنکھے	pˈʌnkʰˌeː
پنگا	pˈʌnɡˌaː
پنیر	pənˈiːr
پو	pˈoː
پوائنٹ	pˌʊaːˈɪnʈ
پوائنٹس	pˌʊaːˈɪnʈs
پوتی	pˈoːti
پوتے	pˈoːteː
پوجھو	pˈuːɟʰoː
پورا	pˈuːraː
پورانیک	pˈuːraːnˌiːk
پورش	pˈoːrəʃ
پورٹ	pˈoːrʈ
پورٹریٹ	pˈoːrʈərˌiːʈ
پورٹل	pˈoːrʈəl
پورٹو	pˈoːrʈoː
پوری	pˈuːri
پورے	pˈuːreː
پوزیشن	pˌoːzeːʃˈan
پوسٹ	pˈoːsʈ
پوسٹر	pˈoːsʈər
پوشیدہ	poːʃˈiːda
پول	pˈoːl
پولارڈ	poːlˈaːrɖ
پولز	pˈoːlz
پولس	pˈoːləs
پولستانی	pˌoːlɪstˈaːni
پولنگ	poːlˈɪnɡ
پولٹری	pˈoːlʈri
پولیس	pʊlˈiːs
پولینڈ	poːlˈiːnɖ
پولیو	pˈoːliˌoː
پولیگراف	pˌoːliɡrˈaːf
پونم	puːnˈam
پونڈ	pˈoːnɖ
پوٹاشیم	pˌoːʈaːʃiˈam
پوٹن	pˈoːʈən
پوپ	pˈoːp
پوچھ	pˈuːcʰ
پوچھا	pˈuːcʰaː
پوچھتا	pˈuːcʰtaː
پوچھتے	pˈuːcʰteː
پوچھنا	pˈuːcʰnaː
پوچھنے	pˈuːcʰneː
پوچھو	pˈuːcʰoː
پوچھوں	pˈuːcʰõː
پوچھیں	pˈuːcʰẽː
پوچھے	pˈuːcʰeː
پویلین	pˌaʋilˈiːn
پَھس	pˈahəs
پِچھلے	pˈɪcʰlˌeː
پْہنچی	phˈʌnci
پٹ	pˈʌʈ
پٹا	pˈʌʈaː
پٹائی	pəʈˈaːi
پٹاخہ	pəʈˈaːxˌa
پٹانگ	pəʈˈaːnɡ
پٹاکھی	pəʈˈaːkʰi
پٹریوں	pˈʌʈrˌiõː
پٹسبرگ	pˈʌʈəsˌəbərˌəɡ
پٹھو	pˈɪʈʰʈʰuː
پٹھوں	pˈʌʈʰõː
پٹہ	pˈʌʈˌa
پٹی	pˈʌʈi
پٹیشن	pˌəʈeːʃˈan
پٹے	pˈʌʈeː
پپہنچنے	pˌəpahˈʊncneː
پچ	pˈʌc
پچارا	pəcˈaːraː
پچاس	pəcˈaːs
پچاسی	pəcˈaːsi
پچھتاوا	pˌəcʰtˈaːʋaː
پچھلا	pˈɪcʰlaː
پچھلی	pˈɪcʰli
پچھلے	pˈɪcʰleː
پچھواڑے	pəcʰʋˈaːr.eː
پچیس	pəcˈiːs
پڑ	pˈʌr.
پڑا	pˈʌr.aː
پڑتا	pˈʌr.tˌaː
پڑتال	pˌər.tˈaːl
پڑتی	pˈʌr.tˌiː
پڑرہا	pˈʌr.ərhaː
پڑنا	pˈʌr.nˌaː
پڑنے	pˈʌr.nˌeː
پڑوس	pər.ˈoːs
پڑوسیوں	pər.ˈoːsiˌõː
پڑھ	pˈʌr.h
پڑھا	pˈʌr.haː
پڑھائیں	pər.hˈaːẽː
پڑھاتی	pər.hˈaːti
پڑھانے	pər.hˈaːneː
پڑھتا	pˈʌr.hətˌaː
پڑھتی	pˈʌr.hətˌiː
پڑھتے	pˈʌr.hətˌeː
پڑھنا	pˈʌr.hənˌaː
پڑھنے	pˈʌr.hənˌeː
پڑھو	pˈʌr.hoː
پڑھی	pˈʌr.hi
پڑھیں	pˈʌr.hẽː
پڑی	pˈʌr.i
پڑیں	pˈʌr.ẽː
پڑے	pˈʌr.eː
پک	pˈʌk
پکا	pˈʌkaː
پکار	pʊkˈaːr
پکارا	pʊkˈaːraː
پکارنے	pʊkˈaːrneː
پکارے	pʊkˈaːreː
پکانا	pəkˈaːnaː
پکانے	pəkˈaːneː
پکاکر	pəkˈaːkər
پکایا	pəkˈaːjaː
پکرے	pˈʌkrˌeː
پکوان	pəkʋˈaːn
پکڑ	pˈʌkər.
پکڑا	pˈʌkr.ˌaː
پکڑنا	pˈʌkər.naː
پکڑنے	pˈʌkər.neː
پکڑو	pˈʌkr.ˌoː
پکڑوں	pˈʌkr.ˌõː
پکڑے	pˈʌkr.ˌeː
پکی	pˈʌki
پکے	pˈʌkeː
پگڈنڈی	pˌəɡəɖˈʌnɖi
پگھل	pɪɡʰˈal
پگھلا	pˈɪɡʰlaː
پھانسی	pʰˈaːnsi
پھاٹک	pʰˈaːʈək
پھاڑ	pʰˈaːr.
پھاڑنا	pʰˈaːr.nˌaː
پھر	phˈɪr
پھرتھوڑا	phˈɪrtʰoːr.ˌaː
پھرجب	phˈɪrɟəb
پھرحوالات	phˈɪrhʋaːlaːt
پھرنے	phˈɪrneː
پھریں	phˈɪrẽː
پھسل	pʰɪsˈal
پھسلائیں	pʰˌəslˈaːẽː
پھسلانا	pʰʊslˈaːnaː
پھسلن	pʰɪslˈan
پھل	pʰˈʌl
پھلی	pʰˈʌli
پھلیاں	pʰˈʌljãː
پھلیوں	pʰˈʌliˌõː
پھنس	pʰˈʌns
پھنسا	pʰˈʌnsaː
پھنسایا	pʰənsˈaːjaː
پھنسے	pʰˈʌnseː
پھول	phˈuːl
پھولوں	phˈuːlõː
پھونکا	pʰˈuːnkaː
پھوڑ	pʰˈoːr.
پھوڑا	pʰˈoːr.aː
پھٹ	pʰˈʌʈ
پھٹے	pʰˈʌʈeː
پھیر	pʰˈeːr
پھیری	pʰˈeːri
پھیل	pʰˈeːl
پھیلا	pʰˈeːlaː
پھیلاؤ	pʰeːlˈaːoː
پھیلایا	pʰeːlˈaːjaː
پھیلتی	pʰˈeːltˌiː
پھیلی	pʰˈeːli
پھینک	pʰˈẽːk
پھینکتا	pʰˈẽːktaː
پھینکنے	pʰˈẽːkneː
پھینکو	pʰˈeːnkˌoː
پھینکی	pʰˈeːnkˌiː
پھینکے	pʰˈeːnkˌeː
پہ	pˈeː
پہاڑ	pəhˈaːr.
پہاڑوں	pəhˈaːr.õː
پہاڑی	pəhˈaːr.i
پہاڑیاں	pəhˈaːr.jãː
پہاڑیوں	pəhˈaːr.iˌõː
پہر	pˈɛhɛr
پہرہ	pˈɛhrəˌa
پہل	pˈɛhɛl
پہلا	pˈɛhlaː
پہلو	pˈɛhluː
پہلوٹھا	pˈɛhloːʈʰˌaː
پہلی	pˈɛhli
پہلے	pˈɛhleː
پہن	pˈɛhɛn
پہنا	pˈɛhnaː
پہنتے	pˈɛhɛnteː
پہننے	pˈɛhɛnneː
پہنوگے	pɛhnˈoːɡeː
پہنچ	pahˈʊnc
پہنچا	pahˈʊncaː
پہنچاؤ	pahˈʊncaːˌoː
پہنچائی	pahˈʊncaːˌiː
پہنچائے	pahˈʊncaːˌeː
پہنچاتا	pahˈʊncaːtˌaː
پہنچاتی	pahˈʊncaːtˌiː
پہنچانا	pahˈʊncaːnˌaː
پہنچانے	pahˈʊncaːnˌeː
پہنچاو	pahˈʊncaːˌoː
پہنچایا	pahˈʊncaːjˌaː
پہنچنا	pahˈʊncnaː
پہنچنے	pahˈʊncneː
پہنچوں	pahˈʊncõː
پہنچی	pahˈʊnci
پہنچیں	pahˈʊncẽː
پہنچے	pahˈʊnceː
پہنی	pˈɛhni
پہنیں	pˈɛhnẽː
پہنے	pˈɛhneː
پہچ	pˈɛhɛc
پہچان	pˈɛhcaːn
پہچانا	pˈɛhcaːnˌaː
پہیلی	pəhˈiːli
پہیلیوں	pəhˈiːliˌõː
پہیوں	pˈʌhiˌõː
پی	pˈiː
پیئرس	peːˈarəs
پیئرسن	peːˈarəsˌən
پیئے	pˈeːeː
پیار	pjˈaːr
پیارا	pjˈaːraː
پیاری	pjˈaːri
پیارے	pjˈaːreː
پیاسا	pjˈaːsaː
پیاسے	pjˈaːseː
پیانو	pjˈaːnoː
پیتا	pˈiːtaː
پیتھالوجیکل	pˌeːtʰaːloːɟˈiːkəl
پیتے	pˈiːteː
پیج	pˈeːɟ
پیجر	pˈeːɟər
پیدا	pˈeːdaː
پیدائش	peːdˈaɪʃ
پیداش	peːdˈaːʃ
پیداوار	pˌeːdaːʋˈaːr
پیداواری	pˌeːdaːʋˈaːri
پیدل	pˈeːdəl
پیر	pˈeːr
پیراشوٹ	pˌeːraːʃˈoːʈ
پیراگراف	pˌeːraːɡrˈaːf
پیرس	pˈɛrɪs
پیروکاروں	pˌeːroːkˈaːrõː
پیروں	pˈeːrõː
پیروی	pˈeːrʋi
پیری	pˈeːri
پیزا	pˈiːzaː
پیزے	pˈiːzeː
پیس	pˈiːs
پیسز	pˈiːsɪz
پیسنا	pˈiːsnaː
پیسوں	pˈeːsõː
پیسٹ	pˈeːsʈ
پیسہ	pˈeːsˌa
پیسیفک	peːsˈiːfək
پیسے	pˈeːseː
پیش	pˈeːʃ
پیشاب	peːʃˈaːb
پیشانی	peːʃˈaːni
پیشرفت	pˌeːʃrˈaft
پیشن	pˈeːʃən
پیشکش	pˌeːʃkˈaʃ
پیشگی	pˈeːʃɡˌiː
پیشہ	pˈeːʃˌa
پیشے	pˈeːʃeː
پیغام	peːɣˈaːm
پیغامات	pˌeːɣaːmˈaːt
پیغمبر	peːɣˈʌmbər
پیغمبروں	peːɣˈʌmbərˌõː
پیلوڈ	peːlˈoːɖ
پیلی	pˈeːli
پیلے	pˈeːleː
پیمانہ	peːmˈaːnˌa
پیمانے	peːmˈaːneː
پینا	pˈiːnaː
پینتیس	pˌeːntˈiːs
پینسل	pˈeːnsəl
پینسلوانیا	pˌeːnsəlʋˈaːnjaː
پینشن	pˈeːnəʃˌən
پینل	pˈeːnəl
پینٹ	pˈeːnʈ
پینٹاگن	pˈeːnʈaːɡˌən
پینٹاگون	pˈeːnʈaːɡˌoːn
پینے	pˈiːneː
پیوست	pɛːʋˈast
پیوں	pˈiõː
پیٹ	pˈeːʈ
پیٹا	pˈeːʈaː
پیٹتیں	pˈiːʈtĩː
پیٹر	pˈeːʈər
پیٹرسن	pˈeːʈərˌəsən
پیٹرن	pˈeːʈərˌən
پیٹرک	pˈeːʈərˌək
پیٹن	pˈeːʈən
پیٹنا	pˈiːʈnaː
پیٹنے	pˈiːʈneː
پیٹو	pˈeːʈoː
پیٹھ	pˈiːʈʰ
پیٹیو	peːʈˈeːoː
پیپا	pˈeːpaː
پیپر	pˈeːpər
پیپلز	pˈeːpəlˌəz
پیچ	pˈeːc
پیچھ	pˈiːcʰ
پیچھا	pˈiːcʰaː
پیچھے	pˈiːcʰeː
پیچیدہ	peːcˈiːda
پیڑوں	pˈeːr.õː
پیک	pˈeːk
پیکج	pˈɛkɪɟ
پیکجوں	pˈeːkɟˌõː
پیکٹ	pˈɛkɪʈ
پیکٹس	pˈɛkɪʈs
پیگی	pˈeːɡi
پے	pˈeː
چ	cˈeː
چاؤ	cˈaːoː
چائیے	cˈaːjeː
چائے	cˈaːeː
چابی	cˈaːbi
چابیاں	cˈaːbjãː
چادر	cˈaːdər
چار	cˈaːr
چارا	cˈaːraː
چارج	cˈaːrɟ
چارجر	cˈaːrəɟˌər
چارجنگ	cˈaːrɟɪnɡ
چارلس	cˈaːrəlˌəs
چاروں	cˈaːrõː
چارٹ	cˈaːrʈ
چارہ	cˈaːrˌa
چاری	cˈaːri
چارے	cˈaːreː
چاقو	cˈaːqoː
چال	cˈaːl
چالاک	caːlˈaːk
چالو	cˈaːloː
چالوں	cˈaːlõː
چالیس	caːlˈiːs
چاند	cˈaːnd
چاندنی	cˈaːndni
چاندی	cˈaːndi
چانسلر	cˈaːnsəlˌər
چاوڈر	cˈaːʋəɖˌər
چاپلوسی	cˌaːplˈoːsi
چاچی	cˈaːci
چاکلیٹ	cˈaːkleːʈ
چاہ	cˈaːh
چاہئیں	cˈaːhẽː
چاہئے	cˈaːheː
چاہا	cˈaːhaː
چاہتا	cˈaːhtaː
چاہتی	cˈaːhti
چاہتے	cˈaːhteː
چاہنے	cˈaːhneː
چاہو	cˈaːhoː
چاہوں	cˈaːhõː
چاہیئں	caːhˈiːn
چاہیئے	caːhˈiːeː
چاہیں	cˈaːhẽː
چاہیے	cˈaːhjeː
چاہے	cˈaːheː
چبھن	cʊbʰˈan
چت	cˈɪt
چتا	cˈʌtaː
چترال	cɪtrˈaːl
چترالی	cɪtrˈaːli
چترکاری	cɪtrkˈaːri
چجرسی	cˈʌɟərsi
چرا	cˈʌraː
چرایا	cərˈaːjaː
چربی	cˈʌrbˌiː
چرخ	cˈarx
چرخہ	cˈarxa
چرخی	cˈʌrxˌiː
چرس	cˈʌrəs
چرواہا	cərʋˈaːhaː
چروکی	cərˈoːki
چرچ	cˈarc
چرچا	cˈʌrcaː
چرھتا	cˈʌrəhˌətaː
چشم	cˈaʃm
چشمہ	cˈʌʃəma
چشمی	cˈʌʃmˌiː
چشمیں	cˈʌʃmˌẽː
چغت	cʊɣˈat
چغد	cˈʌɣəd
چل	cˈʌl
چلئے	cˈʌlˌeː
چلا	cˈʌlaː
چلاؤ	cəlˈaːoː
چلاؤں	cˌəlaːˈoːn
چلائی	cəlˈaːi
چلائیں	cəlˈaːẽː
چلائے	cəlˈaːeː
چلاتا	cəlˈaːtaː
چلاتی	cəlˈaːti
چلاتے	cəlˈaːteː
چلاجاؤں	cˌəlaːɟaːˈoːn
چلانا	cəlˈaːnaː
چلانی	cəlˈaːni
چلانے	cəlˈaːneː
چلاو	cəlˈaːoː
چلاوں	cəlˈaːõː
چلایا	cəlˈaːjaː
چلتا	cˈʌltˌaː
چلتی	cˈʌltˌiː
چلتے	cˈʌltˌeː
چللا	cˈʌllˌaː
چللایا	cˌəllˈaːjaː
چلنا	cˈʌlnˌaː
چلنے	cˈʌlnˌeː
چلو	cˈʌloː
چلوں	cˈʌlõː
چلی	cˈʌli
چلیں	cˈʌlẽː
چلے	cˈʌleː
چمتکار	cˌəmətkˈaːr
چمن	cˈʌmən
چمڑی	cˈʌmr.ˌiː
چمک	cˈʌmək
چمکو	cˈʌmkˌoː
چمکی	cˈʌmkˌiː
چمکیں	cˈʌmkˌẽː
چن	cˈʊn
چنانچہ	cənˈaːnca
چند	cˈʌnd
چننا	cˈʊnnaː
چنو	cˈʌnoː
چنیں	cˈʌnẽː
چوبن	cˈoːbən
چوبیس	coːbˈiːs
چوتڑ	cˈoːtər.
چوتھا	cˈoːtʰaː
چوتھائی	coːtʰˈaːi
چوتھی	cˈoːtʰi
چوتھے	cˈoːtʰeː
چودھری	cˈoːdʰrˌiː
چودہ	cˈoːda
چور	cˈoːr
چوروں	cˈoːrõː
چوری	cˈoːri
چوس	cˈuːs
چوغے	cˈoːɣeː
چولہا	cˈuːlhaː
چولہے	cˈuːlheː
چولی	cˈoːli
چوم	cˈuːm
چومنے	cˈuːmneː
چومو	cˈuːmoː
چونکا	cˈoːnkˌaː
چونکہ	cuːnkˈeːh
چوٹ	cˈoːʈ
چوٹوں	cˈoːʈõː
چوٹی	cˈoːʈi
چوڑیل	coːr.ˈiːl
چوڑیلوں	coːr.ˈiːlõː
چوک	cˈoːk
چوکر	cˈoːkər
چوکس	cˈoːkəs
چوکنا	cˈoːknˌaː
چوکوں	cˈoːkõː
چوکی	cˈoːki
چوکیدار	cˌoːkidˈaːr
چوں	cˈuːn
چوہا	cˈoːhaː
چوہوں	cˈoːhõː
چَل	cˈal
چَلتی	cˈaltˌiː
چُغہ	cˈʊɣˌa
چُھری	cˈʊhərˌiː
چُھوا	cˈʊhəʋˌaː
چِلّائے	cɪllˈaːeː
چْڑیل	cr.ˈeːl
چْکا	ckˈaː
چْھپی	chˈʌpi
چٹانوں	cəʈˈaːnõː
چٹنی	cˈʌʈnˌiː
چٹیل	cˌaʈiˈal
چپ	cˈʊp
چپس	cˈɪps
چپٹی	cˈʌpʈˌiː
چپچپا	cˈʌpəcpaː
چپک	cɪpˈak
چپکی	cˈɪpki
چپہ	cˈʌpˌa
چچا	cˈʌcaː
چڑ	cˈɪr.
چڑا	cˈɪr.aː
چڑھ	cˈʌr.h
چڑھا	cˈʌr.haː
چڑھانے	cər.hˈaːneː
چڑھنا	cˈʌr.hənˌaː
چڑھنے	cˈʌr.hənˌeː
چڑھو	cˈʌr.hoː
چڑھیں	cˈʌr.hẽː
چڑے	cˈɪr.eː
چکا	cˈʊkaː
چکانی	cˈʊkaːnˌiː
چکاگو	cˈʊkaːɡˌoː
چکایا	cˈʊkaːjˌaː
چکر	cˈʌkər
چکروات	cˌəkroːˈaːt
چکمہ	cˈʌkəma
چکن	cɪkˈan
چکنا	cˈɪknaː
چکنائی	cɪknˈaːi
چکو	cˈʌkoː
چکھ	cˈʌkʰ
چکی	cˈʌki
چکے	cˈʊkeː
چھ	cʰˈeh
چھاتی	cʰˈaːti
چھاننا	cʰˈaːnnˌaː
چھاپ	cʰˈaːp
چھاپا	cʰˈaːpaː
چھاپہ	cʰˈaːpˌa
چھاپے	cʰˈaːpeː
چھبیس	cʰəbˈiːs
چھت	cʰˈʌt
چھتری	cʰˈʌtrˌiː
چھتوں	cʰˈʌtõː
چھدرت	cʰˈʌdərˌət
چھرا	cʰˈʌraː
چھری	cʰˈʌri
چھریوں	cʰˈʌriˌõː
چھلانگ	cʰəlˈaːnɡ
چھلاورن	cʰəlˈaːʋərˌən
چھو	cʰˈuː
چھوئے	cʰˈoːeː
چھوا	cʰˈuːaː
چھوری	cʰˈoːri
چھونا	cʰˈuːnaː
چھونے	cʰˈuːneː
چھوٹ	cʰˈuːʈ
چھوٹا	cʰˈoːʈaː
چھوٹی	cʰˈoːʈi
چھوٹے	cʰˈoːʈeː
چھوڑ	cʰˈoːr.
چھوڑا	cʰˈoːr.aː
چھوڑتا	cʰˈoːr.tˌaː
چھوڑتے	cʰˈoːr.tˌeː
چھوڑدی	cʰˈoːr.dˌiː
چھوڑنا	cʰˈoːr.nˌaː
چھوڑنی	cʰˈoːr.nˌiː
چھوڑنے	cʰˈoːr.nˌeː
چھوڑو	cʰˈoːr.oː
چھوڑولگتا	cʰoːr.ˈoːləɡtaː
چھوڑوں	cʰˈoːr.õː
چھوڑیں	cʰˈoːr.ẽː
چھوڑے	cʰˈoːr.eː
چھوکری	cʰˈoːkrˌiː
چھْپا	cʰˈʌpaː
چھٹکارا	cʰʊʈkˈaːraː
چھٹی	cʰˈʌʈi
چھٹیاں	cʰˈʊʈiˌãː
چھٹیوں	cʰˈʊʈiˌõː
چھٹے	cʰˈʌʈeː
چھپ	cʰˈʌp
چھپا	cʰˈʌpaː
چھپائیں	cʰəpˈaːẽː
چھپاتا	cʰəpˈaːtaː
چھپانے	cʰəpˈaːneː
چھپایا	cʰəpˈaːjaː
چھپنے	cʰˈʌpnˌeː
چھپی	cʰˈʌpi
چھپے	cʰˈʌpeː
چھچھوراپن	cʰˌəcʰoːrˈaːpən
چھڑ	cʰˈɪr.
چھڑاو	cʰər.ˈaːoː
چھڑی	cʰˈʌr.i
چھید	cʰˈeːd
چھیدنے	cʰˈeːdnˌeː
چھین	cʰˈiːn
چھینک	cʰˈiːnk
چھیڑ	cʰˈeːr.
چھیڑنے	cʰˈeːr.nˌeː
چھیڑچھاڑ	cʰˌeːr.cʰˈaːr.
چہارم	cahˈaːrum
چہروں	cˈɛhrõː
چہرہ	cˈɛhra
چہرے	cˈɛhreː
چہل	cˈɛhɛl
چہچہانا	cˈɛhcəhˌaːnaː
چیئر	ceːˈar
چیئرز	ceːˈarz
چیئرمین	ceːˈarmɛn
چیت	cˈeːt
چیخ	cˈiːx
چیخا	cˈiːxaː
چیخنا	cˈiːxnaː
چیخنے	cˈiːxneː
چیخو	cˈiːxoː
چیر	cˈeːr
چیرس	cˈeːrəs
چیرہ	cˈiːra
چیری	cˈeːri
چیز	cˈiːz
چیزوں	cˈiːzõː
چیزيں	cˈiːzẽː
چیزیں	cˈiːzẽː
چیف	cˈiːf
چیلنج	ceːlˈʌnɟ
چیلنجز	ceːlˈʌnɟəz
چیمبر	cˈeːmbər
چیمپئن	cˈeːmpən
چین	cˈeːn
چینل	cˈeːnəl
چینلز	cˈeːnəlˌəz
چینگ	cˈeːnɡ
چینی	cˈiːni
چیٹ	cˈeːʈ
چیٹنگ	cˈeːʈɪnɡ
چیک	cˈeːk
چیکنا	cˈeːknˌaː
چیکوں	cˈeːkõː
چیں	cˈĩː
چے	cˈeː
ڈ	ɖˈaːl
ڈاؤن	ɖaːˈoːn
ڈاؤننگ	ɖaːˈoːnənɡ
ڈاؤنہل	ɖaːˈoːnəhˌəl
ڈائرکٹر	ɖˌaːɪrˈɪkʈər
ڈائریکٹ	ɖaɪrˈeːkʈ
ڈائریکٹر	ɖˌaːjɪrˌeːkʈˈar
ڈائریکٹرز	ɖaɪrˈeːkʈərz
ڈائل	ɖˈaɪl
ڈائلسس	ɖˈaɪləsˌəs
ڈائلنگ	ɖˈaɪlɪnɡ
ڈائمنڈ	ɖaɪmˈʌnɖ
ڈائن	ɖˈaɪn
ڈاج	ɖˈaːɟ
ڈارت	ɖˈaːrət
ڈارلنگ	ɖˈaːrlˌɪnɡ
ڈارون	ɖaːrˈoːn
ڈارک	ɖˈaːrk
ڈاس	ɖˈaːs
ڈال	ɖˈaːl
ڈالا	ɖˈaːlaː
ڈالتا	ɖˈaːltˌaː
ڈالتیں	ɖˈaːltĩː
ڈالتے	ɖˈaːltˌeː
ڈالر	ɖˈaːlər
ڈالرز	ɖaːlˈʌrz
ڈالنا	ɖˈaːlnˌaː
ڈالنے	ɖˈaːlnˌeː
ڈالو	ɖˈaːloː
ڈالونگا	ɖaːlˈoːnɡˌaː
ڈالوں	ɖˈaːlõː
ڈالی	ɖˈaːli
ڈالیں	ɖˈaːlẽː
ڈامنو	ɖˈaːmnˌoː
ڈان	ɖˈaːn
ڈاٹ	ɖˈaːʈ
ڈاک	ɖˈaːk
ڈاکو	ɖˈaːkuː
ڈاکوؤں	ɖˌaːkuːˈoːn
ڈاکٹر	ɖˌaːkʈˈar
ڈاکٹرز	ɖaːkʈˈarz
ڈاکٹروں	ɖˈaːkʈarˌõː
ڈاگ	ɖˈaːɡ
ڈبل	ɖˈʌbəl
ڈبلیو	ɖˌəblˈeːoː
ڈبوں	ɖˈabõː
ڈبہ	ɖˈʌbˌa
ڈبیٹ	ɖɪbˈeːʈ
ڈبے	ɖˈʌbeː
ڈر	ɖˈʌr
ڈرا	ɖˈʌraː
ڈراؤنا	ɖˌəraːˈoːnaː
ڈرائنگ	ɖərˈaɪnɡ
ڈرائیو	ɖraːˈiːʋ
ڈرائیور	ɖrˈaːjʋar
ڈرائیوروں	ɖrˈaːjʋarˌõː
ڈرائیونگ	ɖrˈaːiʋˌɪnɡ
ڈرائیں	ɖərˈaːẽː
ڈرامائی	ɖˌəraːmˈaːi
ڈرامہ	ɖərˈaːmˌa
ڈرامے	ɖərˈaːmeː
ڈرانا	ɖərˈaːnaː
ڈرانے	ɖərˈaːneː
ڈراونا	ɖˌəraːˈoːnaː
ڈراونی	ɖˌəraːˈoːni
ڈراپ	ɖərˈaːp
ڈرتا	ɖˈʌrtˌaː
ڈرتے	ɖˈʌrtˌeː
ڈرل	ɖrˈɪl
ڈرلنگ	ɖrˈɪlɪnɡ
ڈرنے	ɖˈʌrnˌeː
ڈرو	ɖˈʌroː
ڈرون	ɖərˈoːn
ڈرپوک	ɖˌərpˈoːk
ڈرگز	ɖˈʌrəɡˌəz
ڈری	ɖˈʌri
ڈریسر	ɖərˈiːsər
ڈریک	ɖərˈiːk
ڈریکولا	ɖˌərikˈoːlaː
ڈریگن	ɖərˈiːɡən
ڈرے	ɖˈʌreː
ڈزنی	ɖˈʌznˌiː
ڈسٹرب	ɖɪsʈˈarb
ڈسٹرکٹ	ɖˈɪsʈrɪkʈ
ڈسٹرکٹس	ɖˈɪsʈrɪkʈs
ڈسپلے	ɖˈʌsəpleː
ڈسپیچر	ɖˌəspˈiːcər
ڈسچارج	ɖɪscˈaːrɟ
ڈسک	ɖˈɪsk
ڈسکاونٹ	ɖɪskˈaːʋənʈ
ڈسکوری	ɖɪskˈoːri
ڈشز	ɖˈɪʃɪz
ڈلیوری	ɖˌɪliʋˈari
ڈمپ	ɖˈʌmp
ڈمپنگ	ɖˈʌmpɪnɡ
ڈمی	ɖˈʌmi
ڈنر	ɖɪnˈar
ڈنمارک	ɖɪnmˈaːrk
ڈنڈوں	ɖˈʌnɖõː
ڈنڈی	ɖˈʌnɖi
ڈنڈے	ɖˈʌnɖeː
ڈنگ	ɖˈʌnɡ
ڈو	ɖˈoː
ڈوئچے	ɖoːˈɪceː
ڈوب	ɖˈuːb
ڈوبانے	ɖuːbˈaːneː
ڈوبکی	ɖˈuːbki
ڈور	ɖˈoːr
ڈوراین	ɖˌoːraːjˈan
ڈوروتی	ɖoːrˈoːti
ڈولفن	ɖˈoːlfɪn
ڈولفنز	ɖˈoːlfɪnz
ڈوم	ɖˈoːm
ڈومز	ɖˈoːməz
ڈومینک	ɖoːmˈiːnək
ڈومینیکن	ɖˌoːminˈiːkən
ڈونا	ɖˈoːnaː
ڈونگ	ɖˈoːnɡ
ڈوور	ɖˈaʋʋər
ڈوپ	ɖˈoːp
ڈویژن	ɖaʋˈiːʒən
ڈویژنوں	ɖaʋˈiːʒnˌõː
ڈپارٹمنٹ	ɖəpˈaːrʈəmˌənʈ
ڈپازٹس	ɖˌəpaːzˈʌʈs
ڈپلومہ	ɖˌəplˈoːmˌa
ڈپلومیٹک	ɖˌɪploːmˈeːʈɪk
ڈپلیکیٹ	ɖˌʊplikˈeːʈ
ڈپو	ɖˈɪpuː
ڈپٹی	ɖˈɪpʈi
ڈکارڈ	ɖəkˈaːrɖ
ڈکرپشن	ɖˈʌkərˌəpəʃˌən
ڈکسن	ɖˈʌkəsˌən
ڈکشن	ɖɪkʃˈan
ڈکی	ɖˈʌki
ڈگری	ɖˈɪɡri
ڈھادو	ɖʰˈaːdoː
ڈھال	ɖʰˈaːl
ڈھانپو	ɖʰˈaːnpoː
ڈھانپیں	ɖʰˈaːnpẽː
ڈھانچہ	ɖʰˈaːnca
ڈھانچے	ɖʰˈaːnceː
ڈھانک	ɖʰˈaːnk
ڈھنگ	ɖʰˈʌnɡ
ڈھول	ɖʰˈoːl
ڈھونڈ	ɖʰˈuːnɖ
ڈھونڈتے	ɖʰˈuːnɖteː
ڈھونڈنا	ɖʰˈuːnɖnaː
ڈھونڈنے	ɖʰˈuːnɖneː
ڈھونڈو	ɖʰˈuːnɖoː
ڈھونڈھو	ɖʰˈuːnɖhəˌoː
ڈھکنا	ɖʰˈʌknˌaː
ڈھکنے	ɖʰˈʌknˌeː
ڈھکی	ɖʰˈʌki
ڈھکے	ɖʰˈʌkeː
ڈھیر	ɖʰˈeːr
ڈھیلے	ɖʰˈiːleː
ڈھیٹ	ɖʰˈiːʈ
ڈھیٹوں	ɖʰˈiːʈõː
ڈی	ɖˈiː
ڈیاز	ɖjˈaːz
ڈیاگو	ɖjˈaːɡoː
ڈیبی	ɖˈeːbi
ڈیجیٹل	ɖeːɟˈiːʈəl
ڈیز	ɖˈeːz
ڈیزائن	ɖeːzˈaɪn
ڈیزائنز	ɖeːzˈaɪnəz
ڈیزل	ɖizˈal
ڈیسمنڈ	ɖˌeːsəmˈʌnɖ
ڈیسنٹ	ɖisˈanʈ
ڈیسک	ɖˈeːsk
ڈیسکس	ɖˈeːsks
ڈیش	ɖˈeːʃ
ڈیشز	ɖˈeːʃɪz
ڈیفالٹ	ɖeːfˈaːlʈ
ڈیفنبرٹ	ɖˌeːfənbˈʌrʈ
ڈیل	ɖˈiːl
ڈیلر	ɖilˈar
ڈیلرز	ɖilˈarz
ڈیلس	ɖˈeːləs
ڈیلورس	ɖeːlˈoːrəs
ڈیلٹا	ɖˈeːlʈˌaː
ڈیلی	ɖˈeːli
ڈیم	ɖˈeːm
ڈیمن	ɖˈeːmən
ڈیموکریسی	ɖeːmˈoːkreːsˌi
ڈیموکریٹ	ɖeːmˈoːkreːʈ
ڈیموکریٹک	ɖeːmˈoːkreːʈˌɪk
ڈیموں	ɖˈeːmõː
ڈیمین	ɖeːmˈiːn
ڈین	ɖˈeːn
ڈینئیل	ɖˌeːnˈiːl
ڈینس	ɖˈeːns
ڈینش	ɖˈeːnəʃ
ڈینیل	ɖeːnˈiːl
ڈیو	ɖjˈuː
ڈیوائس	ɖeːʋˈaɪs
ڈیوز	ɖjˈuːz
ڈیوس	ɖˈeːʋəs
ڈیووس	ɖeːʋˈoːs
ڈیوٹی	ɖjˈuːʈi
ڈیوک	ɖjˈuːk
ڈیٹ	ɖˈeːʈ
ڈیٹا	ɖˈeːʈaː
ڈیٹرائیٹ	ɖˌeːʈraːˈiːʈ
ڈیٹرایٹ	ɖˌeːʈraːjˈaʈ
ڈیٹرنس	ɖˌeːʈərˈʌns
ڈیٹس	ɖˈeːʈs
ڈیٹنگ	ɖˈeːʈɪnɡ
ڈیپ	ɖˈiːp
ڈیپارٹمنٹ	ɖeːpˈaːrʈəmˌənʈ
ڈیپلومیٹ	ɖˌeːploːmˈiːʈ
ڈیڈی	ɖˈeːɖi
ڈیڑھ	ɖˈeːr.h
ڈیک	ɖˈeːk
ڈے	ɖˈeː
ڑ	r.ˈeː
ڑلان	r.əlˈaːn
ڑے	r.ˈeː
ژ	ʒˈeː
ژالہ	ʒˈaːlˌa
ژے	ʒˈeː
ک	kˈaːf
کئی	kˈʌi
کئے	kˈʌeː
کا	kˈaː
کاؤبای	kˌaːoːbˈaːi
کاؤنٹس	kaːˈoːnəʈˌəs
کاؤنٹی	kaːˈoːnʈˌiː
کاؤنٹیوں	kaːˈoːnʈˌiõː
کائنات	kˌaɪnˈaːt
کابل	kˈaːbʊl
کابلِ	kˌaːbʊlˈeː
کابک	kˈaːbɪk
کاتجربہ	kˌaːtaɟˈarba
کاج	kˈaːɟ
کار	kˈaːr
کاربن	kˈaːrəbˌən
کارتوس	kˌaːrtˈoːs
کارخانہ	kˌaːrxˈaːnˌa
کارخانے	kˌaːrxˈaːneː
کارروائی	kˈaːrraʋˌaːi
کارسن	kˈaːrəsˌən
کارن	kˈaːrɪn
کارندوں	kaːrˈʌndõː
کارندہ	kaːrˈʌnda
کارنیول	kˌaːrneːˈoːl
کاروائی	kˈaːrʋaːˌiː
کاروان	kˈaːrʋaːn
کاروبار	kˌaːroːbˈaːr
کاروباروں	kˌaːroːbˈaːrõː
کاروباری	kˌaːroːbˈaːri
کاروں	kˈaːrõː
کارٹر	kˈaːrʈər
کارٹون	kˈaːrʈoːn
کارٹیجنا	kˈaːrʈiɟnaː
کارپورل	kˌaːrpˈoːrəl
کارپوریشن	kˌaːrpˌoːreːʃˈan
کارپوریشنز	kˌaːrpˌoːreːʃˈanz
کارڈ	kˈaːrɖ
کارکردگی	kaːrkˈardəɡˌiː
کارکن	kˈaːrkˌʊn
کارکنوں	kˈaːrkˌʊnõː
کارکوژیہ	kˌaːrkoːʒˈiːa
کارکْن	kaːrˈʌkn
کارگر	kˈaːrɡar
کارگو	kˈaːrɡˌoː
کاری	kˈaːri
کاریں	kˈaːrẽː
کاز	kˈaːz
کاسٹیوم	kˈaːsʈeːˌoːm
کاش	kˈaːʃ
کاشت	kˈaːʃt
کاشکریہ	kˌaːʃɪkrˈiːa
کاغذ	kaːɣˈaz
کاغذات	kˌaːɣazˈaːt
کاغذی	kˈaːɣzˌiː
کاف	kˈaːf
کافر	kˈaːfɪr
کافروں	kˈaːfrˌõː
کافرین	kˌaːfrˈiːn
کافی	kˈaːfi
کال	kˈaːl
کالب	kˈaːlɪb
کالج	kˈaːlɪɟ
کالز	kˈaːlɪz
کالفیکس	kˌaːlfˈiːkəs
کالم	kˈaːlam
کالنگ	kˈaːlənɡ
کالی	kˈaːli
کام	kˈaːm
کامریڈ	kˌaːmrˈiːɖ
کامل	kˈaːmɪl
کاموں	kˈaːmõː
کامیاب	kˈaːmjaːb
کامیابی	kˈaːmjaːbˌiː
کامیابیوں	kˈaːmjaːbˌiõː
کان	kˈaːn
کانرائے	kˌaːnrˈaːeː
کانفرنس	kˈaːnfrans
کانفرنسوں	kˌaːnəfərˈʌnsõː
کانوائے	kˈaːnʋaːˌeː
کانوں	kˈaːnõː
کانٹا	kˈaːnʈaː
کانٹوں	kˈaːnʈõː
کانٹے	kˈaːnʈeː
کانگ	kˈaːnɡ
کانگریس	kˈaːnɡreːs
کاوش	kˈaːʋɪʃ
کاْ	kˈaː
کاٹ	kˈaːʈ
کاٹنے	kˈaːʈnˌeː
کاٹو	kˈaːʈoː
کاٹیج	kaːʈˈiːɟ
کاٹیں	kˈaːʈẽː
کاپتہ	kˈaːptˌa
کاپٹر	kˈaːpʈar
کاپٹرز	kˌaːpəʈˈʌrz
کاپی	kˈaːpi
کاچ	kˈaːc
کاڈر	kˈaːɖər
کاک	kˈaːk
کاہن	kˈaːhən
کا۴۰	kˈaː
کب	kˈʌb
کباب	kəbˈaːb
کبھی	kˈʌbʰi
کتا	kʊtːˈaː
کتاب	kɪtˈaːb
کتابت	kˌɪtaːbˈat
کتابوں	kɪtˈaːbõː
کتابیں	kɪtˈaːbẽː
کتب	kˈʊtʊb
کتنا	kˈɪtnaː
کتنوں	kˈɪtnõː
کتنی	kˈɪtni
کتنے	kˈɪtneː
کتوں	kʊtːˈoːn
کتیا	kˈʌtjaː
کتے	kʊtːˈeː
کثرت	kˈasrat
کجھ	kˈʌɟʰ
کدھر	kɪdʰˈar
کر	kˈar
کرا	kˈʌraː
کراؤ	kərˈaːoː
کراؤں	kˌəraːˈoːn
کرائم	kərˈaɪm
کرائی	kərˈaːi
کرائیں	kərˈaːẽː
کراتی	kərˈaːti
کراس	kərˈaːs
کرافٹ	krˈaːfʈ
کرافٹس	krˈaːfʈs
کرال	kərˈaːl
کرانے	kərˈaːneː
کراو	kərˈaːoː
کراچی	kərˈaːci
کراکوژین	kˌəraːkoːʒˈiːn
کراکوژیہ	kˌəraːkoːʒˈiːa
کراہنا	kərˈaːhnaː
کرایا	kərˈaːjaː
کرایہ	kərˈaːja
کرب	kˈarb
کرتا	kˈartaː
کرتب	kˈartab
کرتی	kˈarti
کرتیں	kˈartĩː
کرتے	kˈarteː
کردار	kɪrdˈaːr
کردو	kˈʌrdoː
کردوں	kˈʌrdõː
کردہ	kˈʌrdˌa
کردی	kˈʌrdi
کردیا	kərdˈiːaː
کردیتا	kərdˈiːtaː
کردیتے	kərdˈiːteː
کردینا	kərdˈiːnaː
کردینگے	kərdˈiːnɡˌeː
کردینے	kərdˈiːneː
کردیں	kˈʌrdẽː
کردیے	kˈʌrdjeː
کررہا	kˈʌrərhaː
کررہی	kˈʌrərhi
کررہے	kˈʌrərheː
کرس	kˈʌrəs
کرسمس	krɪsmˈas
کرسٹن	kərˈʌsʈən
کرسٹینا	kˌərsʈˈiːnaː
کرسکتا	karsˈaktaː
کرسکتے	karsˈakteː
کرسکو	kˈarsakˌoː
کرسکوں	kˈarsakˌõː
کرسکیں	kˈarsakˌẽː
کرسی	kˈʊrsi
کرش	kˈʌrəʃ
کرشمائی	kˌarɪʃmˈaːi
کرفیو	kˌərfˈeːoː
کرلو	kˈʌrlˌoː
کرلوں	kˈʌrlˌõː
کرلی	kˈʌrlˌiː
کرلیا	kərˈʌljaː
کرلیتے	kˌərlˈiːteː
کرلینا	kˌərlˈiːnaː
کرلینگے	kˌərlˈiːnɡˌeː
کرلینی	kˌərlˈiːni
کرلیں	kˈʌrlˌẽː
کرلے	kˈʌrlˌeː
کرم	kˈʌrəm
کرمنل	kˈʌrəmˌənəl
کرن	kɪrˈan
کرنا	kˈarnaː
کرنسی	kərˈʌnsi
کرنل	kˈarnal
کرنٹ	karˈanʈ
کرنکل	kˈʌrənˌəkəl
کرنی	kˈarni
کرنیں	kˈʌrnˌẽː
کرنے	kˈarneː
کرو	kˈʌroː
کروئیسینٹ	kˌəroːisˈiːnʈ
کروا	kˈʌrʋaː
کرواؤ	kərʋˈaːoː
کرواؤں	kˌərʋaːˈoːn
کروائی	kərʋˈaːi
کروانا	kərʋˈaːnaː
کروانے	kərʋˈaːneː
کروز	kərˈoːz
کرونگا	kərˈoːnɡˌaː
کروڑوں	kərˈoːr.õː
کروگی	kərˈoːɡi
کروگے	kərˈoːɡeː
کروں	kˈarũː
کرپا	kˈʌrpˌaː
کرپشن	karˈapʃan
کرپٹ	karˈapʈ
کرچکیں	kˈʌrcəkˌẽː
کرک	kˈʌrək
کرکرا	kˈʌrəkraː
کرکٹ	krˈɪkˌɪʈ
کرکٹر	krˌɪkɪʈˈar
کرکٹرز	krˌɪkɪʈˈarz
کرکے	kˈʌrkˌeː
کرہا	kˈʌrhˌaː
کرہی	kˈʌrhˌiː
کرہے	kˈʌrhˌeː
کری	kˈʌri
کریسٹن	kərˈiːsʈən
کریش	kərˈiːʃ
کریم	kərˈiːm
کرین	kərˈiːn
کرینگے	kərˈiːnɡˌeː
کریٹ	kərˈiːʈ
کریڈٹ	krˈeːɖɪʈ
کریگا	kərˈiːɡaː
کریں	kˈʌrẽː
کریے	kˈʌrjeː
کرے	kˈʌreː
کزن	kˈʌzən
کس	kˈɪs
کسان	kɪsˈaːn
کسانوں	kɪsˈaːnõː
کسٹم	kˈʌsʈəm
کسی	kˈɪsi
کسے	kˈɪseː
کش	kˈʌʃ
کشا	kˈʊʃaː
کشائی	kʊʃˈaːi
کشاکشی	kˌaʃaːkˈaʃi
کشاکشیں	kˌaʃaːkˈaʃẽː
کشتی	kˈʌʃtˌiː
کشش	kˈaʃɪʃ
کشف	kˈaʃf
کشمکش	kˈaʃmakˌaʃ
کشمیر	kˌəʃmˈiːr
کشنیری	kˌəʃnˈiːri
کشوری	kɪʃˈoːri
کشکول	kˈaʃkoːl
کشی	kˈʌʃi
کشیدگی	kəʃˈiːdɡˌiː
کفار	kəfˈaːr
کفارہ	kəfˈaːrˌa
کفایت	kˌɪfaːjˈat
کفن	kˈʌfən
کل	kˈʌl
کلاتھ	klˈaːtʰ
کلارک	kəlˈaːrək
کلاس	klˈaːs
کلاسک	klˈaːsɪk
کلاسکس	klˈaːsɪks
کلاسیکی	klaːsˈiːki
کلام	kəlˈaːm
کلب	kˈʌləb
کلرک	klˈark
کلف	kˈʌləf
کلنک	kalˈank
کلنگ	kˈɪlɪnɡ
کلو	kˈɪloː
کلوزڈ	kəlˈoːzəɖ
کلوننگ	kəlˈoːnɪnɡ
کلوواٹ	kˌɪloːʋˈaːʈ
کلوواٹس	kˌɪloːʋˈaːʈs
کلوگرام	kɪlˈoːɡraːm
کلوگرامز	kɪlˈoːɡraːmz
کلپ	kˈʌləp
کلپنا	kˈʌləpnaː
کلچر	kˈalcar
کلک	klˈɪk
کلکس	kˈʌləkˌəs
کلی	kˈʌli
کلیئرنس	kˌəliˈarəns
کلیئرنگ	kˌəliˈarɪnɡ
کلید	kəlˈiːd
کلیدی	kəlˈiːdi
کلین	klˈiːn
کلیکشن	kəlˈeːkʃan
کلے	kˈʌleː
کم	kˈʌm
کما	kˈʌmaː
کمائیں	kəmˈaːẽː
کماتا	kəmˈaːtaː
کماتے	kəmˈaːteː
کمال	kəmˈaːl
کمانا	kəmˈaːnaː
کمانوں	kəmˈaːnõː
کمانڈ	kəmˈaːnɖ
کمانڈر	kəmˈaːnɖər
کمانڈنگ	kəmˈaːnɖɪnɡ
کمانڈوز	kəmˈaːnɖoːz
کمانیں	kəmˈaːnẽː
کمانے	kəmˈaːneː
کماو	kəmˈaːoː
کمایا	kəmˈaːjaː
کمایگی	kamˈaːɪɡˌiː
کمبل	kˈʌmbəl
کمبھت	kˈʌmbʰət
کمر	kˈʌmər
کمرشل	kamˈarʃal
کمروں	kˈʌmrˌõː
کمرہ	kˈamra
کمرے	kˈʌmrˌeː
کمزور	kˈamzoːr
کمزوری	kˈamzoːrˌiː
کمسن	kˈamsɪn
کمسنی	kˈamsɪnˌiː
کمشنر	kˌamɪʃnˈar
کمپاؤنڈ	kˌəmpaːˈoːnɖ
کمپارٹمیںٹ	kəmpˈaːrʈəmˌẽʈ
کمپلیکس	kˌamplˈeːks
کمپن	kˈʌmpən
کمپنی	kˈʌmpənˌiː
کمپنیوں	kˈʌmpənˌiõː
کمپیوٹر	kˌəmpeːˈoːʈər
کمپیوٹرز	kˌəmpeːoːʈˈʌrz
کمک	kˈʌmək
کمی	kˈʌmi
کمیشن	kˌəmeːʃˈan
کمینوں	kəmˈiːnõː
کمینہ	kəmˈiːnˌa
کمینی	kəmˈiːni
کمینے	kəmˈiːneː
کمیونٹی	kˌəmeːˈoːnʈi
کمیونٹیز	kˌəmeːˈoːnʈiz
کمیٹی	kəmˈiːʈi
کمیٹیوں	kəmˈiːʈiˌõː
کن	kˈɪn
کنارہ	kənˈaːrˌa
کنارے	kənˈaːreː
کنبوں	kˈʊnbõː
کنبہ	kˈʊnba
کنبے	kˈʊnbeː
کند	kˈʊnd
کندن	kʊndˈan
کندھے	kˈʌndʰeː
کنزرویٹوز	kˌənəzrʋiʈˈoːz
کنسلٹنٹ	kˈʌnsəlˌəʈənʈ
کنوؤں	kˌənuːˈoːn
کنوئیں	kənˈoːẽː
کنواری	kənʋˈaːri
کنواں	kˈũːʋãː
کنورٹ	kənˈoːrʈ
کنول	kʌ̃ʋˈal
کنونشن	kənˈoːnəʃˌən
کنووں	kˈũːõː
کنویں	kˈũːẽː
کنٹرول	kˈanʈroːl
کنٹریکٹر	kanʈrˈeːkʈər
کنٹریکٹرز	kanʈrˈeːkʈərz
کنڈیشن	kˌənɖeːʃˈan
کنکریٹ	kˈankarˌiːʈ
کنکشن	kˌanɪkʃˈan
کنگ	kˈɪnɡ
کنگز	kˈʌnəɡˌəz
کنگس	kˈʌnəɡˌəs
کنہار	kˌənhˈaːr
کنیازیف	kˌənjaːzˈiːf
کنیت	kˌʊniˈat
کو	kˈoː
کوئنز	koːˈɪnəz
کوئی	kˈoːi
کوائف	kaʋˈaɪf
کوارٹر	kaʋˈaːrʈər
کواس	kaʋˈaːs
کوالیفائی	kˌʊaːlifˈaːi
کوبا	kˈoːbaː
کوبڑ	kˈoːbər.
کوبھی	kˈoːbʰi
کود	kˈuːd
کودنے	kˈuːdneː
کور	kˈoːr
کورس	kˈoːrəs
کورن	kˈoːrn
کورٹ	kˈoːrʈ
کوریڈور	kˌoːriɖˈoːr
کوسٹ	kˈoːsʈ
کوش	kˈoːʃ
کوشاں	kˈoːʃãː
کوشش	kˈoːʃɪʃ
کوششوں	kˈoːʃɪʃˌõː
کوششیں	kˈoːʃɪʃˌẽː
کوشکان	kˌoːʃkˈaːn
کولمبیا	koːlˈʌmbjaː
کولمبیائی	kˌoːlmbjˈaːi
کولوراڈو	kˌoːloːrˈaːɖoː
کولڈ	kˈoːlɖ
کولہوں	kˈoːlhˌõː
کوم	kˈoːm
کومل	kˈoːməl
کون	kˈoːn
کونر	kˈoːnər
کونسا	kˈoːnsaː
کونسل	kˈoːnsəl
کونسلر	kˈoːnsəlˌər
کونسی	kˈoːnsi
کونسے	kˈoːnseː
کونوائے	kˈoːnʋaːˌeː
کونور	koːnˈoːr
کونوں	kˈoːnõː
کونکانٹراک	kˌoːnkˈaːnʈərˌaːk
کونہ	kˈoːnˌa
کونے	kˈoːneː
کووئی	kaʋˈoːi
کووڈ	kˈoːʋɪɖ
کووں	kˈaʋõː
کوٹ	kˈoːʈ
کوپرنیکس	kˌoːpərnˈiːkəs
کوپن	kˈoːpən
کوچ	kˈoːc
کوڈ	kˈoːɖ
کوڑا	kˈoːr.aː
کوڑاکرٹ	kˌoːr.aːkˈʌrʈ
کوڑوں	kˈoːr.õː
کوڑھی	kˈoːr.hi
کوڑے	kˈoːr.eː
کوژیہ	koːʒˈiːa
کوک	kˈoːk
کوہ	kˈoːh
کویت	kˌoːiˈat
کویتی	kaʋˈiːti
کویقینی	kˌaʋiqˈiːni
کوینسبارو	kaʋˈiːnsəbˌaːroː
کوے	kˈuːeː
کوےک	kaʋˈeːk
کيے	kˈiːeː
کَس	kˈas
کْھلے	khˈʌleː
کٹ	kˈʌʈ
کٹا	kˈʌʈaː
کٹر	kˈʌʈər
کٹنگ	kˈaʈɪnɡ
کٹنگز	kˈaʈɪnɡz
کٹک	kˈʌʈək
کٹھور	kəʈʰˈoːr
کٹہرے	kəʈˈʌhreː
کٹی	kˈʌʈi
کپ	kˈʌp
کپتان	kˌəptˈaːn
کپتانوں	kˌəptˈaːnõː
کپور	kapˈuːr
کپولوں	kəpˈoːlõː
کپٹپورن	kˌəpəʈpˈoːrən
کپڑا	kˈʌpr.ˌaː
کپڑوں	kˈʌpr.ˌõː
کپڑے	kˈʌpr.ˌeː
کچرے	kˈʌcrˌeː
کچل	kˈʌcəl
کچلا	kˈʌclˌaː
کچلنے	kˈʌcəlneː
کچن	kˈʌcən
کچھ	kˈʊcʰ
کچھوں	kˈʌcʰõː
کڈ	kˈʌɖ
کڑی	kˈʌr.i
کک	kˈʌk
کھا	kʰˈaː
کھاؤ	kʰˈaːoː
کھاؤں	kʰˈaːũː
کھائی	kʰˈaːi
کھائیں	kʰˈaːẽː
کھائیے	kʰˈaːjeː
کھابہ	kʰˈaːbˌa
کھاتا	kʰˈaːtaː
کھاتی	kʰˈaːti
کھاتیں	kʰˈaːtĩː
کھاتے	kʰˈaːteː
کھال	kʰˈaːl
کھالوں	kʰˈaːlõː
کھالیں	kʰˈaːlẽː
کھانا	kʰˈaːnaː
کھانسی	kʰˈaːnsi
کھانوں	kʰˈaːnõː
کھانے	kʰˈaːneː
کھایا	kʰˈaːjaː
کھتا	kʰˈʌtaː
کھجور	kʰaɟˈuːr
کھجوروں	kʰaɟˈuːrõː
کھجوریں	kʰaɟˈuːrẽː
کھد	kʰˈʊd
کھدائی	kʰʊdˈaːi
کھدی	kʰˈʊdi
کھروں	kʰˈʌrõː
کھسک	kʰɪsˈak
کھسکی	kʰˈɪski
کھل	kʰˈʊl
کھلا	kʰˈʌlaː
کھلاؤ	kʰəlˈaːoː
کھلاؤں	kʰˌəlaːˈoːn
کھلانا	kʰəlˈaːnaː
کھلانے	kʰəlˈaːneː
کھلاڑی	kʰɪlˈaːr.i
کھلایا	kʰəlˈaːjaː
کھلتا	kʰˈʊltaː
کھلنے	kʰˈʊlneː
کھلونا	kʰəlˈoːnaː
کھلونوں	kʰəlˈoːnõː
کھلونے	kʰəlˈoːneː
کھلّا	kʰˈʌllaː
کھلی	kʰˈʌli
کھلے	kʰˈʊleː
کھم	kʰˈʌm
کھمبی	kʰˈʊmbi
کھمبے	kʰˈʌmbeː
کھو	kʰˈoː
کھوج	kʰˈoːɟ
کھوجیوں	kʰˈoːɟiˌõː
کھود	kʰˈoːd
کھودتا	kʰˈoːdtˌaː
کھودنے	kʰˈoːdnˌeː
کھودو	kʰˈoːdoː
کھول	kʰˈoːl
کھولا	kʰˈoːlaː
کھولتا	kʰˈoːltˌaː
کھولتے	kʰˈoːltˌeː
کھولنا	kʰˈoːlnˌaː
کھولنی	kʰˈoːlnˌiː
کھولنے	kʰˈoːlnˌeː
کھولو	kʰˈoːloː
کھولوں	kʰˈoːlõː
کھولیں	kʰˈoːlẽː
کھولے	kʰˈoːleː
کھونا	kʰˈoːnaː
کھونے	kʰˈoːneː
کھوپڑی	kʰˈoːpr.ˌiː
کھٹک	kʰˈʌʈək
کھچڑی	kʰˈɪcr.i
کھڑا	kʰˈʌr.aː
کھڑکی	kʰˈɪr.ki
کھڑکیا	kʰɪr.kˈiːaː
کھڑی	kʰˈʌr.i
کھڑے	kʰˈʌr.eː
کھیت	kʰˈeːt
کھیتوں	kʰˈeːtõː
کھیتی	kʰˈeːti
کھیل	kʰˈeːl
کھیلا	kʰˈeːlaː
کھیلتا	kʰˈeːltˌaː
کھیلتی	kʰˈeːltˌiː
کھیلتے	kʰˈeːltˌeː
کھیلنا	kʰˈeːlnˌaː
کھیلنے	kʰˈeːlnˌeː
کھیلو	kʰˈeːloː
کھیلوں	kʰˈeːlõː
کھیلیں	kʰˈeːlẽː
کھیلے	kʰˈeːleː
کھینچ	kʰˈeːnc
کھینچتے	kʰˈeːncətˌeː
کھینچنا	kʰˈeːncənˌaː
کھینچیں	kʰˈeːncẽː
کھینچے	kʰˈeːnceː
کھیپ	kʰˈeːp
کھےلا	kʰˈeːlaː
کہ	kˈe
کہا	kˈʌhaː
کہانی	kəhˈaːni
کہانیاں	kəhˈaːnjãː
کہانیوں	kəhˈaːniˌõː
کہاوت	kəhˈaːʋət
کہاَ	kəhˈaːa
کہاں	kˈʌhãː
کہاہے	kəhˈaːheː
کہتا	kˈɛhtaː
کہتی	kˈɛhti
کہتے	kˈɛhteː
کہلانے	kˈɛhlaːnˌeː
کہلوانا	kˈɛhlʋaːnˌaː
کہنا	kˈɛhnaː
کہنہ	kˈɔhna
کہنی	kˈɛhni
کہنے	kˈɛhneː
کہو	kˈʌhoː
کہونگا	kəhˈoːnɡˌaː
کہوں	kˈʌhõː
کہيں	kˈʌhẽː
کہہ	kˈɛh
کہی	kˈʌhi
کہیں	kˈʌhẽː
کہے	kˈʌheː
کی	kˈi
کیا	kjˈaː
کیامت	kjˈaːmət
کیاکریں	kjˈaːkrˌẽː
کیاہے	kjˈaːheː
کیبل	kˈeːbəl
کیبلز	kˈeːbəlˌəz
کیبنٹ	kˈeːbənʈ
کیتھ	kˈeːtʰ
کیجئے	kˈeːɟˌeː
کیجیے	kˈiːɟiˌeː
کیرولینا	kˌeːroːlˈiːnaː
کیری	kˈeːri
کیریئر	kˌeːriˈar
کیس	kˈeːs
کیسا	kˈeːsaː
کیسز	kˈeːsɪz
کیسل	kˈeːsəl
کیسی	kˈeːsi
کیسے	kˈeːseː
کیش	kˈeːʃ
کیطرف	kˈeːtərˌəf
کیفیت	kˌeːfiˈat
کیل	kˈeːl
کیلئے	keːlˈiːeː
کیلبر	kˈeːləbˌər
کیلون	keːlˈoːn
کیلی	kˈeːli
کیلیفورنیا	kˌeːlifoːrˈʌnjaː
کیم	kˈeːm
کیمبل	kˈeːmbəl
کیمرا	kˈeːmrˌaː
کیمروں	kˈeːmrˌõː
کیمرہ	kˈeːməra
کیمرے	kˈeːmrˌeː
کیمز	kˈeːməz
کیمورا	keːmˈoːraː
کیمپ	kˈeːmp
کیمپس	kˈeːmpəs
کیمپوں	kˈeːmpõː
کیمڈن	kˈeːməɖˌən
کیمیکل	keːmˈiːkəl
کیمیکلز	keːmˈiːkəlˌəz
کین	kˈeːn
کینالونی	kˌeːnaːlˈoːni
کینریز	kˌeːnrˈiːz
کینساس	kˈeːnsaːs
کینن	kˈeːnən
کینو	kˈiːnuː
کینوس	kɛnʋˈas
کینٹ	kˈeːnʈ
کینٹالونی	kˈeːnʈaːlˌoːni
کینٹکی	kˈeːnʈəkˌiː
کینٹین	kˈeːnʈin
کینچی	kˈeːnci
کینڈی	kˈeːnɖi
کینہ	kˈiːna
کینیلونی	kˌeːnilˈoːni
کینیڈا	keːnˈiːɖaː
کینیڈین	kˌɛneːɖiˈan
کیو	kˈeːoː
کیوبا	keːˈoːbaː
کیولری	keːˈoːlrˌiː
کیون	kˈeːʋən
کیونکر	kjũːkˈar
کیونکہ	kjˌuːnkˈɛh
کیوں	kjˈũː
کیوںکہ	kiˈõːkˌa
کیویار	kˈeːʋjaːr
کیٹ	kˈeːʈ
کیٹا	kˈeːʈaː
کیٹس	kˈeːʈs
کیٹلوگ	kˌeːʈlˈoːɡ
کیٹیا	kˈeːʈjaː
کیپ	kˈeːp
کیپر	kipˈar
کیپلر	kˈeːpəlˌər
کیپٹل	kˈeːpəʈˌəl
کیپٹن	kˈeːpəʈˌən
کیچڑ	kicˈar.
کیڑا	kˈiːr.aː
کیڑے	kˈiːr.eː
کیک	kˈeːk
کیں	kˈin
کیے	kˈiːeː
کے	kˈeː
کےلئے	kˈeːlˌeː
گ	ɡˈaːf
گئر	ɡˈʌr
گئی	ɡˈai
گئیں	ɡˈain
گئے	ɡˈaeː
گا	ɡˈaː
گاؤن	ɡaːˈoːn
گاؤں	ɡaːˈoːn
گائیڈ	ɡaːˈiːɖ
گائے	ɡˈaːeː
گابھا	ɡˈaːbʰaː
گاتے	ɡˈaːteː
گار	ɡˈaːr
گارسِیو	ɡˌaːrsˈiːoː
گارسیو	ɡˌaːrsˈeːoː
گارڈ	ɡˈaːrɖ
گارڈز	ɡˈaːrɖz
گارڈین	ɡˈaːrɖin
گاف	ɡˈaːf
گال	ɡˈaːl
گالیاں	ɡˈaːljãː
گانا	ɡˈaːnaː
گانٹھ	ɡˈaːnʈʰ
گاڑی	ɡˈaːr.i
گاڑیاں	ɡˈaːr.jãː
گاڑیوں	ɡˈaːr.iˌõː
گاکمینو	ɡˌaːkmˈiːnoː
گاکہ	ɡˈaːkˌa
گاہ	ɡˈaːh
گاہوں	ɡˈaːhõː
گاہکوں	ɡˈaːhkõː
گدا	ɡˈʌdaː
گدازش	ɡʊdˈaːzɪʃ
گدازندہ	ɡˌʊdaːzˈɪnda
گدگداہٹ	ɡˌʊdɡʊdaːhˈaʈ
گدھ	ɡˈɪdʰ
گدھا	ɡˈʌdʰaː
گدھے	ɡˈʌdʰeː
گدی	ɡˈʌdi
گذار	ɡʊzˈaːr
گذارشات	ɡˌʊzaːrˌəʃˈaːt
گذشتہ	ɡʊðˈaʃta
گر	ɡˈar
گرا	ɡˈɪraː
گراؤنڈ	ɡˌəraːˈoːnɖ
گرائیں	ɡərˈaːẽː
گراتے	ɡɪrˈaːteː
گرادیں	ɡərˈaːdẽː
گرافر	ɡərˈaːfɪr
گرافی	ɡərˈaːfi
گرام	ɡərˈaːm
گرانے	ɡɪrˈaːneː
گراو	ɡərˈaːoː
گراں	ɡˈʌrãː
گرایا	ɡɪrˈaːjaː
گرجہ	ɡˈʌrəɟa
گرد	ɡˈʌrd
گردانہ	ɡərdˈaːnˌa
گردش	ɡˈardɪʃ
گردن	ɡˈʌrdən
گردنوں	ɡˈʌrdənˌõː
گردوں	ɡˈʌrdõː
گردی	ɡˈʌrdi
گردے	ɡˈʌrdeː
گرفت	ɡˈɪrɪft
گرفتار	ɡˈɪrɪftˌaːr
گرفتارکرتے	ɡˈɪrɪftˌaːrəkˌərtˌeː
گرفتاری	ɡˈɪrɪftˌaːri
گرل	ɡˈarl
گرلز	ɡˈarlz
گرم	ɡˈarm
گرما	ɡˈʌrmˌaː
گرمی	ɡˈʌrmˌiː
گرنٹس	ɡˌərənˈʌʈs
گرنے	ɡˈɪrneː
گروپ	ɡrˈuːp
گروپنگ	ɡrˈuːpɪnɡ
گروپوں	ɡrˈuːpõː
گروہ	ɡɪrˈoːh
گروہی	ɡɪrˈoːhi
گروی	ɡˈʌrʋi
گرڈ	ɡˈʌrɖ
گرہ	ɡɪrˈah
گرہوں	ɡˈʌrhˌõː
گرہیں	ɡˈʌrhˌẽː
گری	ɡˈʌri
گریجویشن	ɡərˈiːɟʋeːʃˌan
گریز	ɡʊrˈeːz
گریس	ɡərˈiːs
گرین	ɡərˈiːn
گرینس	ɡərˈiːns
گرینڈ	ɡərˈiːnɖ
گرینگے	ɡərˈiːnɡˌeː
گرینیڈ	ɡˌərinˈiːɖ
گریڈ	ɡrˈeːɖ
گریگ	ɡərˈiːɡ
گریں	ɡˈʌrẽː
گرے	ɡˈɪreː
گز	ɡˈʌz
گزار	ɡʊzˈaːr
گزارا	ɡʊzˈaːraː
گزارتے	ɡʊzˈaːrteː
گزارنے	ɡʊzˈaːrneː
گزارو	ɡʊzˈaːroː
گزاریں	ɡʊzˈaːrẽː
گزارے	ɡʊzˈaːreː
گزر	ɡʊzˈar
گزرا	ɡˈʊzraː
گزرتا	ɡʊzˈartaː
گزرتے	ɡʊzˈarteː
گزرنا	ɡʊzˈarnaː
گزرگاہ	ɡʊzˈarɡaːh
گزریں	ɡˈʊzrẽː
گزرے	ɡˈʊzreː
گزشت	ɡʊzˈaʃt
گزشتگان	ɡʊzˈaʃtɡaːn
گزشتہ	ɡʊzˈaʃta
گزین	ɡəzˈiːn
گزینوں	ɡəzˈiːnõː
گزیں	ɡˈʊzĩː
گشت	ɡˈaʃt
گفت	ɡˈʊft
گفتگو	ɡˈʊftˌʊɡuː
گل	ɡˈʊl
گلا	ɡˈʌlaː
گلاب	ɡʊlˈaːb
گلابی	ɡʊlˈaːbi
گلاس	ɡlˈaːs
گلبرٹ	ɡʊlbˈʌrʈ
گلدستہ	ɡʊldˈasta
گلدستے	ɡʊldˈasteː
گلرخ	ɡˈʊlrʊx
گلرمو	ɡˈʊlrəmˌoː
گلرو	ɡˈʊlruː
گلشن	ɡˌʊlʃˈan
گلمور	ɡʊlmˈoːr
گلو	ɡˈʊluː
گلہ	ɡˈʌlˌa
گلی	ɡˈʌli
گلین	ɡəlˈiːn
گلیوں	ɡˈʌliˌõː
گلے	ɡˈʌleː
گم	ɡˈʊm
گمبد	ɡʊmbˈad
گمبھیر	ɡəmbʰˈiːr
گمراہ	ɡˌəmrˈaːh
گمشدگی	ɡˈʊmʃˌʊdɡi
گمشدہ	ɡˈʊmʃˌʊda
گمنام	ɡˌəmnˈaːm
گن	ɡˈɪn
گنا	ɡˈʊnaː
گناہ	ɡʊnˈaːh
گناہوں	ɡʊnˈaːhõː
گناہگار	ɡʊnˈaːhɡaːr
گناہی	ɡʊnˈaːhi
گنبد	ɡˈʌnbəd
گنتی	ɡˈɪnti
گنجائش	ɡənɟˈaɪʃ
گنجایش	ɡˌənɟaːjˈaʃ
گندا	ɡˈʌndaː
گندم	ɡˈandʊm
گندمی	ɡˈandʊmˌiː
گندگی	ɡˈʌndəɡˌiː
گندی	ɡˈʌndi
گندے	ɡˈʌndeː
گنوانی	ɡənʋˈaːni
گنڈا	ɡˈʌnɖaː
گنڈالف	ɡənɖˈaːləf
گنڈوں	ɡˈʌnɖõː
گنگنا	ɡˈʌnɡnaː
گنیز	ɡənˈiːz
گوئی	ɡˈoːi
گوادر	ɡˌaʋaːdˈar
گواہ	ɡaʋˈaːh
گواہوں	ɡaʋˈaːhõː
گواہی	ɡaʋˈaːhi
گودا	ɡˈoːdaː
گودام	ɡoːdˈaːm
گورن	ɡˈoːrən
گورنر	ɡaʋˈarnar
گوروں	ɡˈoːrõː
گورچیٹسا	ɡˈoːrciʈsaː
گورڈن	ɡˈoːrɖən
گورییا	ɡoːrˈiːjaː
گورے	ɡˈoːreː
گوشت	ɡˈoːʃt
گوفن	ɡˈoːfən
گول	ɡˈoːl
گولاردق	ɡoːlˈaːrdəq
گولسن	ɡˈoːləsˌən
گولڈ	ɡˈoːlɖ
گولڈن	ɡˈoːlɖən
گولہ	ɡˈoːlˌa
گولی	ɡˈoːli
گولیاں	ɡˈoːljãː
گولیوں	ɡˈoːliˌõː
گومڑ	ɡˈoːmər.
گونج	ɡˈuːnɟ
گونگے	ɡˈuːnɡeː
گوگل	ɡˈuːɡʊl
گيا	ɡˈajaː
گِرنا	ɡˈɪrnˌaː
گْھس	ɡhˈʌs
گْھسنے	ɡhˈʌsnˌeː
گْھما	ɡhˈʌmaː
گْھٹنے	ɡhˈʌʈnˌeː
گٹر	ɡˈʌʈər
گپت	ɡˈʊpt
گپتا	ɡˈʌptˌaː
گپیں	ɡˈʌpẽː
گچھ	ɡˈʊcʰ
گڈ	ɡˈʌɖ
گڈانسک	ɡəɖˈaːnsək
گڑ	ɡˈʌr.
گڑبڑ	ɡˈʌr.əbˌər.
گڑھ	ɡˈʌr.h
گڑھا	ɡˈʌr.haː
گڑھوالی	ɡər.hʋˈaːli
گڑیا	ɡˈʌr.jaː
گھائل	ɡʰˈaɪl
گھات	ɡʰˈaːt
گھاس	ɡʰˈaːs
گھاٹ	ɡʰˈaːʈ
گھبرا	ɡʰˈʌbrˌaː
گھبراؤ	ɡʰˌəbrˈaːoː
گھبراتے	ɡʰˌəbrˈaːteː
گھبرانے	ɡʰˌəbrˈaːneː
گھبراہٹ	ɡʰˌəbrˈaːhəʈ
گھر	ɡʰˈʌr
گھرا	ɡʰˈʌraː
گھروالوں	ɡʰərʋˈaːlõː
گھروں	ɡʰˈʌrõː
گھرگرادیتے	ɡʰˌərəɡraːdˈiːteː
گھرگھرانا	ɡʰˌərəɡʰrˈaːnaː
گھریلو	ɡʰarˈeːluː
گھس	ɡʰˈʌs
گھسنا	ɡʰˈʌsnˌaː
گھسنے	ɡʰˈʌsnˌeː
گھسپیٹھیوں	ɡʰˌəspˈiːʈʰiˌõː
گھسپیٹھیی	ɡʰˌəspˈiːʈʰji
گھسیٹ	ɡʰəsˈiːʈ
گھسیٹا	ɡʰəsˈiːʈaː
گھل	ɡʰˈʊl
گھلنے	ɡʰˈʊlneː
گھمائیں	ɡʰˈʊmaːˌẽː
گھماتا	ɡʰˈʊmaːtˌaː
گھمایا	ɡʰˈʊmaːjˌaː
گھمنڈی	ɡʰəmˈʌnɖi
گھنونا	ɡʰənˈoːnaː
گھنٹوں	ɡʰˈʌnʈˌõː
گھنٹہ	ɡʰˈanʈaː
گھنٹی	ɡʰˈʌnʈˌiː
گھنٹیاں	ɡʰənˈʌʈjãː
گھنٹے	ɡʰˈʌnʈˌeː
گھنگرو	ɡʰˈʊnɡruː
گھور	ɡʰˈoːr
گھورتے	ɡʰˈoːrtˌeː
گھوسٹ	ɡʰˈoːsʈ
گھوم	ɡʰˈoːm
گھومتا	ɡʰˈoːmtˌaː
گھومتی	ɡʰˈoːmtˌiː
گھومتے	ɡʰˈoːmtˌeː
گھومنا	ɡʰˈoːmnˌaː
گھومنے	ɡʰˈoːmnˌeː
گھومے	ɡʰˈoːmeː
گھونٹ	ɡʰˈuːnʈ
گھونٹنا	ɡʰˈuːnʈnaː
گھونٹوں	ɡʰˈũːʈõː
گھونپ	ɡʰˈoːnp
گھونپنے	ɡʰˈoːnpənˌeː
گھونگھٹ	ɡʰũːɡʰˈaʈ
گھوٹنوں	ɡʰˈoːʈnˌõː
گھوڑا	ɡʰˈoːr.aː
گھوڑوں	ɡʰˈoːr.õː
گھوڑی	ɡʰˈoːr.i
گھوڑے	ɡʰˈoːr.eː
گھٹ	ɡʰˈʌʈ
گھٹتی	ɡʰˈʌʈtˌiː
گھٹن	ɡʰʊʈˈan
گھٹنوں	ɡʰˈʌʈnˌõː
گھٹنے	ɡʰˈʌʈnˌeː
گھٹیا	ɡʰˈʌʈjaː
گھڑ	ɡʰˈʌr.
گھڑسوار	ɡʰˌər.sʋˈaːr
گھڑی	ɡʰˈʌr.i
گھیر	ɡʰˈeːr
گہر	ɡoːhˈar
گہرا	ɡˈɛhraː
گہرائی	ɡˈɛhraːˌiː
گہرائیوں	ɡˈɛhraːˌiõː
گہری	ɡˈɛhri
گہرے	ɡˈɛhreː
گہما	ɡˈɛhmaː
گہماگہمی	ɡˌɛhmaːɡˈɛhmi
گی	ɡˈi
گیئر	ɡeːˈar
گیا	ɡˈajaː
گیارہ	ɡjˈaːrˌa
گیت	ɡˈiːt
گیر	ɡˈiːr
گیراج	ɡeːrˈaːɟ
گیروں	ɡirˈoːn
گیری	ɡˈiːri
گیس	ɡˈeːs
گیلا	ɡˈiːlaː
گیلے	ɡˈiːleː
گیم	ɡˈeːm
گیمز	ɡˈeːməz
گیند	ɡˈeːnd
گیندوں	ɡˈeːndõː
گیٹ	ɡˈeːʈ
گیٹس	ɡˈeːʈs
گیکس	ɡˈeːkəs
گیں	ɡˈiːn
گے	ɡˈeː
ںہیں	nhˈẽ
ھءِ	hˈʌɪ
ھائے	həˈaːeː
ھار	həˈaːr
ھاں	hˈʌãː
ھاںسی	həˈãːsi
ھدف	hˈʌdəf
ھمممم	hˈʌməmˌəməm
ھو	hˈʌoː
ھوئی	həˈoːi
ھوگا	həˈoːɡaː
ھہ	hˈʌa
ھہا	hˈʌhaː
ھہج	hˈʌhəɟ
ھہخ	hˈʌhəx
ھہع	hˈʌhaː
ھینی	həˈiːni
ھیپاتيا	hˌəipˈaːtjaː
ھیپاتیا	hˌəipˈaːtjaː
ھیں	hˈʌẽː
ھیںچ	həˈẽc
ھیںچتی	həˈẽctˌiː
ھیںچو	həˈẽcoː
ھیںچیں	həˈẽcẽː
ھے	hˈʌeː
ہ	hˈeː
ہء	h
ہءِ	hˈɪ
ہءْ	h
ہؤا	hˈoːaː
ہؤں	hˈoːn
ہئغ	hˈʌɣ
ہا	hˈaː
ہاؤس	haːˈoːs
ہاؤسنگ	haːˈuːsɪnɡ
ہائر	hˈaɪr
ہائڈرا	hˈaɪɖrˌaː
ہائی	hˈaːi
ہائے	hˈaːeː
ہابس	hˈaːbɪs
ہاتھ	hˈaːtʰ
ہاتھوں	hˈaːtʰõː
ہار	hˈaːr
ہاربر	hˈaːrəbˌər
ہارنے	hˈaːrnˌeː
ہارپون	hˌaːrpˈoːn
ہارڈ	hˈaːrɖ
ہارڈویئر	hˌaːrɖʋiˈar
ہارے	hˈaːreː
ہاسپٹل	hˈaːsəpˌəʈəl
ہاف	hˈaːf
ہال	hˈaːl
ہالہ	hˈaːlˌa
ہالی	hˈaːli
ہالینڈ	haːlˈiːnɖ
ہامیوں	hˈaːmiˌõː
ہان	hˈaːn
ہانک	hˈaːnk
ہانگ	hˈaːnɡ
ہاورڈ	haːʋˈʌrɖ
ہاول	hˈaːʋəl
ہاٹ	hˈaːʈ
ہاپ	hˈaːp
ہاک	hˈaːk
ہاکنگ	hˈaːkɪnɡ
ہاں	hˈãː
ہاںفتے	hˈãːftˌeː
ہاہ	hˈaːh
ہای	hˈaːi
ہتکڑی	hˈʌtəkr.i
ہتھوڑا	hətʰˈoːr.aː
ہتھیار	hətʰjˈaːr
ہتھیاروں	hətʰjˈaːrõː
ہج	hˈʌɟ
ہجء	hˈʌɟ
ہجءز	hˈʌɟəz
ہجءِ	hˈʌɟˌɪ
ہجآتہ	həɟˈaːta
ہجؤ	hˈʌɟˌoː
ہجؤع	hˌəɟˈoːaː
ہجئ	hˈʌɟ
ہجاط	həɟˈaːt
ہجاطاد	hˌəɟaːtˈaːd
ہجاطاص	hˌəɟaːtˈaːʂ
ہجبؤ	hˈʌɟəboː
ہجری	hˈɪɟri
ہجوم	hʊɟˈuːm
ہجوموں	hʊɟˈuːmõː
ہجہ	hˈʌɟˌa
ہجہْ	hˈʌɟəh
ہخ	hˈʌx
ہخء	hˈʌx
ہخءِ	hˈʌxˌɪ
ہخاد	həxˈaːd
ہخہ	hˈʌxˌa
ہخہج	hˈʌxəhˌəɟ
ہخہش	hˈʌxəhˌəʃ
ہد	hˈʌd
ہدء	hˈʌd
ہدءضہدؤ	hˈʌdəzˌəhədoː
ہدایات	hˌədaːiˈaːt
ہدایت	hɪdˈaːjat
ہدف	hˈʌdəf
ہدہ	hˈʌda
ہدہج	hˈʌdəhˌəɟ
ہدہجءز	hˈʌdəhˌəɟəz
ہدہخءِ	hˈʌdəhˌəxˌɪ
ہدہد	hˈʊdhʊd
ہدیٰ	hˈʊdaː
ہذ	hˈʌz
ہذلولی	hˌəzlˈuːli
ہذہ	hˈʌzˌa
ہر	hˈʌr
ہرا	hˈʌraː
ہراساں	hɪrˈaːsãː
ہرب	hˈʌrəb
ہرغمال	hˌərəɣmˈaːl
ہرن	hˈʌrən
ہرنی	hˈʌrnˌiː
ہرٹج	hˈʌrʈəɟ
ہرڈ	hˈʌrɖ
ہرکارے	hˌərkˈaːreː
ہرگز	hˈaɾɡɪz
ہز	hˈʌz
ہزار	həzˈaːr
ہزاروں	həzˈaːrõː
ہسئرئ	hˈʌsər
ہستی	hˈʌstˌiː
ہسپانوی	hˌəspˈaːnʋi
ہسپتال	hˈaspatˌaːl
ہسپتالوں	hˌəsəptˈaːlõː
ہسہ	hˈʌsˌa
ہش	hˈʌʃ
ہض	hˈʌz
ہضءز	hˈʌzəz
ہضءِ	hˈʌzˌɪ
ہضہ	hˈʌzˌa
ہضہف	hˈʌzəhˌəf
ہط	hˈʌt
ہطہ	hˈʌtˌa
ہع	hˈaː
ہعہ	hˈaːa
ہغ	hˈʌɣ
ہغہ	hˈʌɣˌa
ہغہع	hˈʌɣhˌaː
ہف	hˈʌf
ہفت	hˈaft
ہفتم	hˈaftʊm
ہفتوں	hˈʌftˌõː
ہفتہ	hˈafta
ہفتے	hˈʌftˌeː
ہل	hˈɪl
ہلا	hˈɪlaː
ہلاتا	hˈɪlaːtˌaː
ہلاتیں	hɪlˈaːtĩː
ہلاک	həlˈaːk
ہلاکت	həlˈaːkət
ہلاکتیں	həlˈaːktˌẽː
ہلتا	hˈɪltaː
ہلنا	hˈɪlnaː
ہلچل	hˈalcal
ہلکا	hˈʌlkˌaː
ہلکے	hˈʌlkˌeː
ہلہ	hˈʌlˌa
ہلے	hˈʌleː
ہم	hˈam
ہمار	həmˈaːr
ہمارا	həmˈaːraː
ہماری	həmˈaːri
ہمارے	həmˈaːreː
ہماہمی	hˌamaːhˈami
ہمت	hɪmmˈat
ہمدرد	hˈamdərd
ہمدردوں	hˈamdərdˌõː
ہمدردی	hˈamdərdˌiː
ہمدم	hˈamdam
ہمدوش	hˈamdoːʃ
ہمزہ	hˈamza
ہمس	hˈʌməs
ہمشوےت	hˌəmʃʋˈeːt
ہمم	hˈʌməm
ہممم	hˈʌməmˌəm
ہمممم	hˈamməmˌəm
ہموار	həmʋˈaːr
ہمکنار	hˈamkɪnˌaːr
ہمہے	hˈʌmhˌeː
ہمیشگی	həmˈiːʃɡˌiː
ہمیشہ	hamˈeːʃa
ہمیں	hˈʌmẽː
ہند	hˈɪnd
ہندسی	hˈɪndəsˌiː
ہندو	hˈɪnduː
ہندوستانی	hˌɪnduːstˈaːni
ہنر	hʊnˈar
ہنرمند	hʊnˈarmand
ہنرمندی	hˌʊnarmˈandi
ہنزہ	hˈʊnza
ہنس	hˈʌ̃s
ہنستے	hˈʌ̃steː
ہنسلی	hˈʌnsəlˌiː
ہنسنا	hˈʌ̃snaː
ہنسی	hˈʌ̃si
ہنسیں	hˈʌnsẽː
ہنٹر	hˈanʈar
ہنگامہ	hˌənɡˈaːmˌa
ہنگامی	hˌənɡˈaːmi
ہنگامے	hˌənɡˈaːmeː
ہنگرین	hˌənəɡrˈiːn
ہنی	hˈʌni
ہو	hˈoː
ہوئی	hˈuːi
ہوئیں	huːˈiːn
ہوئے	hˈuːeː
ہوا	hˈuːaː
ہواء	hˈaʋaː
ہواؤں	hˌaʋaːˈoːn
ہوائی	haʋˈaːi
ہوائیں	hˌaʋaːjˈeːn
ہواتھا	haʋˈaːtʰaː
ہوبہو	huːbˈahuː
ہوتا	hˈoːtaː
ہوتم	hˈoːtəm
ہوتی	hˈoːti
ہوتیں	hˈoːtĩː
ہوتے	hˈoːteː
ہوج	hˈoːɟ
ہوجا	hˈoːɟaː
ہوجاؤ	hoːɟˈaːoː
ہوجاؤگے	hˌoːɟaːˈoːɡeː
ہوجائیں	hoːɟˈaːẽː
ہوجائے	hoːɟˈaːeː
ہوجاتے	hoːɟˈaːteː
ہوجانا	hoːɟˈaːnaː
ہوجانے	hoːɟˈaːneː
ہوجاو	hoːɟˈaːoː
ہورہا	hˈoːrhˌaː
ہورہی	hˈoːrhˌiː
ہوسٹنگ	hˈoːsʈɪnɡ
ہوسکا	hˈoːskˌaː
ہوسکتا	hˈoːsəktaː
ہوسکتی	hˈoːsəkti
ہوسکتے	hˈoːsəkteː
ہوسکے	hˈoːskˌeː
ہوش	hˈoːʃ
ہوشی	hˈoːʃi
ہوشیار	hˈoːʃjaːr
ہول	hˈoːl
ہولدار	hˌoːldˈaːr
ہولناک	hˌoːlnˈaːk
ہولناکیوں	hˌoːlnˈaːkiˌõː
ہولڈ	hˈoːlɖ
ہوم	hˈoːm
ہون	hˈoːn
ہونا	hˈoːnaː
ہونٹ	hˈoːnʈ
ہونگی	hˈoːnɡˌiː
ہونگے	hˈoːnɡˌeː
ہونی	hˈoːni
ہونے	hˈoːneː
ہوور	hˈaʋʋər
ہوٹل	hˈoːʈəl
ہوٹلوں	hˈoːʈlˌõː
ہوچکا	hˈoːckˌaː
ہوچکے	hˈoːckˌeː
ہوکر	hˈoːkər
ہوگئی	hoːɡˈai
ہوگئے	hoːɡˈaeː
ہوگا	hˈoːɡaː
ہوگو	hˈoːɡoː
ہوگی	hˈoːɡi
ہوگیا	hˈoːɡjaː
ہوگیاہے	hˈoːɡjaːhˌeː
ہوگے	hˈoːɡeː
ہوں	hˈuːn
ہوںگے	hˈõːɡeː
ہيں	hˈẽ
ہِل	hˈɪl
ہْ	h
ہْآتہ	hˈaːta
ہٹ	hˈʌʈ
ہٹا	hˈʌʈaː
ہٹاؤ	həʈˈaːoː
ہٹائی	həʈˈaːi
ہٹاو	həʈˈaːoː
ہٹتی	hˈʌʈtˌiː
ہٹلر	hˈʌʈəlˌər
ہٹنا	hˈʌʈnˌaː
ہٹو	hˈʌʈoː
ہٹیئے	həʈˈiːeː
ہپ	hˈʌp
ہچ	hˈʌc
ہچک	hɪcˈak
ہڈ	hˈʌɖ
ہڈی	hˈʌɖi
ہڈیوں	hˈʌɖiˌõː
ہڑتال	hˌər.tˈaːl
ہڑپ	hˈʌr.əp
ہک	hˈʌk
ہکا	hˈʌkaː
ہکس	hˈʌkəs
ہں	hn
ہںس	hnsˈʌ
ہںسنا	hnsˈʌnaː
ہہ	hˈʌa
ہہخہ	hˈʌhəxa
ہہض	hˈʌhəz
ہہضءِ	hˈʌhəzɪ
ہی	hˈiː
ہیتھرو	hˈeːtʰrˌoː
ہیج	hˈeːɟ
ہیر	hˈeːr
ہیرا	hˈiːraː
ہیرس	hˈeːrəs
ہیرو	hˈiːroː
ہیروشیما	hˌiːroːʃˈiːmaː
ہیرپھیر	hˈeːrpʰeːr
ہیری	hˈiːri
ہیریسن	hirˈiːsən
ہیرے	hˈiːreː
ہیز	hˈeːz
ہیسٹنگر	hˈeːsʈɪnɡr
ہیسٹینگر	hˈeːsʈinˌəɡər
ہیش	hˈeːʃ
ہیل	hˈeːl
ہیلتھ	hˈɛltʰ
ہیلس	hˈeːləs
ہیلمیٹ	hˌeːlmˈiːʈ
ہیلو	hˈeːloː
ہیلپ	hˈɛlp
ہیلی	hˈeːli
ہیلینا	heːlˈiːnaː
ہیملٹن	hˈeːməlˌəʈən
ہیمپشائر	hˈeːmpəʃˌaɪr
ہین	hˈeːn
ہینری	hˈeːnrˌiː
ہینز	hˈeːnəz
ہینڈل	hˈeːnɖəl
ہینک	hˈeːnək
ہینگر	hˈeːnəɡˌər
ہیوسٹن	heːˈoːsʈən
ہیومن	heːˈoːmən
ہیون	hˈeːʋən
ہیوگو	heːˈoːɡoː
ہیٹ	hˈeːʈ
ہیپا	hˈeːpaː
ہیچ	hˈeːc
ہیڈ	hˈeːɖ
ہیڈلائٹس	hˌeːɖlˈaɪʈs
ہیڈن	hˈeːɖən
ہیک	hˈeːk
ہیکر	hˈeːkər
ہیکرز	heːkˈʌrz
ہیکروں	hˈeːkrˌõː
ہیکل	hˈeːkəl
ہیکنگ	hˈeːkɪnɡ
ہیکٹر	hˈeːkʈər
ہیگ	hˈeːɡ
ہیگن	hˈeːɡən
ہیں	hˈẽ
ہیںاورکس	hˌẽaːˈoːrəkˌəs
ہیہں	hˈeːhn
ہے	hˈɛ
ۂ	heːhˈamza
یا	jˈaː
یابی	jˈaːbi
یاترہ	jˈaːtəra
یاتنا	jˈaːtnˌaː
یاتھ	jˈaːtʰ
یاد	jˈaːd
یاداشت	jaːdˈaːʃt
یادداشت	jˌaːddˈaːʃt
یادوں	jˈaːdõː
یادگار	jˌaːdɡˈaːr
یادیں	jˈaːdẽː
یار	jˈaːr
یارک	jˈaːrək
یافتہ	jˈaːftˌa
یانترک	jˈaːnətˌərək
یاور	jaːʋˈar
یاوری	jˈaːʋri
یاہو	jˈaːhoː
یتیم	jətˈiːm
یثرب	jˈasrab
یرغمال	jˌərəɣmˈaːl
یرغمالی	jˌərəɣmˈaːli
یرغمالیوں	jˌərəɣmˈaːliˌõː
یروشلم	jərˈoːʃəlˌəm
یس	jˈʌs
یسوع	jˈʌsuː
یشوع	jˈʌʃuː
یعقوب	jaːqˈʊːb
یعنی	jˈaːni
یقین	jəqˈiːn
یقینا	jəqˈiːnaː
یقیناً	jˌəqinˈan
یقینی	jəqˈiːni
یلئڈی	jˈʌlɖˌiː
یلرجی	jˈʌlərɟi
یلغار	jˌəlɣˈaːr
یلگن	jˈʌləɡˌən
یما	jˈʌmaː
یملی	jˈʌmlˌiː
یمین	jəmˈiːn
ین	jˈʌn
ینا	jˈʌnaː
ینگسٹن	jˌənəɡˈʌsʈən
یو	jˈɔ
یوحنا	jˈɔhnaː
یوراج	jɔrˈaːɟ
یورپ	jˈɔrəp
یورپی	jˈɔrpˌiː
یورینیم	jˌuːreːniˈam
یوز	jˈɔz
یوسف	jˈuːsʊf
یولن	jˈɔlən
یوم	jˈɔm
یونائٹڈ	jɔnˈaɪʈəɖ
یونائیٹڈ	jˌɔnaːˈiːʈəɖ
یونانی	jɔnˈaːni
یونس	jˈuːnʊs
یونٹ	jˈuːnɪʈ
یونٹس	jˈɔnʈs
یونین	jˌuːniˈan
یونیورسٹی	jˌuːniʋˈarsɪʈˌiː
یووتی	jɔˈoːti
یوٹوپیا	jɔʈˈoːpjaː
یوٹیوب	jˌɔʈeːˈoːb
یوپی	jˈɔpi
یوں	jˈũː
یک	jˈʌk
یکایک	jˌakaːjˈak
یکسر	jˈaksar
یکسل	jˈʌkəsˌəl
یکسو	jˈaksuː
یکسوئی	jˈaksuːˌiː
یکطرفہ	jˈʌkətˌərəfa
یکم	jˈakʊm
یگانگت	jˌaɡaːnɪɡˈat
یں	ˈẽ
یہ	jˈeːh
یہان	jəhˈaːn
یہاں	jˈʌhãː
یہسان	jəhsˈaːn
یہود	jahˈuːd
یہودی	jahˈuːdi
یہودیت	jˌahuːdiˈat
یہودیوں	jahˈuːdiˌõː
یہوواہ	jəhʋʋˈaːh
یہيں	jahˈĩː
یہی	jˈɛhi
یہیں	jahˈĩː
ییومن	jeːˈoːmən
یے	jˈeː
ےدے	ˈeːdeː
ےڈائریکٹرز	ˌeːɖaɪrˈeːkʈərz
۔	xˈatma
۱۲۰۰سال	sˈaːl
۵۲بیس	bˈeːs
